标题,内容,点赞,收藏,评论,笔记链接,图片链接,作者,keyword:西安旅游 注意事项,2025年02月27日 21:22
西安防盗攻略（实践成功版）,"都说西安小偷特别厉害，旅游之前特意连夜研究了欧洲留子和西安本地人的防盗攻略，总结出来这篇。人已安全回家，没丢失任何东西
	
‼️ 首先，防盗宗旨就是，手机一定要随时拿在手里，包里有贵重物品就朝前背。人多的地方只有小偷小摸，时刻拿在手里或者放在视线内，能解决95%的顾虑。据说人少的地方会有飞车党，尽量别去吧，或者人多势众点，能安全一些。
	
‼️ 手机防盗装备：有3种，选2种带，双重保险。1或者2里的任何一个，搭配上3都够用了（图2是我的搭配）
	
1⃣️ 手腕挂绳（图3）
找绳子粗、设计简单的。我选的是编织款（如图2），到手第二天就开了，还好系上个扣还能用。最好是选设计简单，不容易开，又够粗够结实的。手腕挂绳一开始会不习惯，时刻把手腕和手机捆绑在一起，有种被带👮‍♀️铐的感觉，但为了防盗，忍忍吧。
	
2⃣️ 脖子挂绳（图4）
没有被👮‍♀️铐的感觉，但是脖子负重太大，很压颈椎。本低头族不太能受得了这个重量，就没用。如果不怕沉可以选这款，一边挂在脖子上，一边把手机揣怀兜里，但注意别被人割开衣服
	
3⃣️ 指环扣（图5）
作为辅助工具，挂在手指上，形成第二层保险。
	
对了，手机壳也用紧实一点的，不然人家一下就把手机撬走了，只剩壳和挂绳
	
‼️ 额外提醒几个容易被忽略的丢东西场景：
🔸去卫生间：我个人是进隔间以后再把挂绳摘下来，然后放兜里，拉链拉上。出来以后，时刻注意洗手的时候身边有没有人，手机还能不能在兜里被感知到。洗完手立马把挂绳再带上；
🔸进出门口，掀门帘的时候：此时胳膊和手会跟兜分离，方便作案；
🔸拍照！尤其是拿专业相机拍的时候，手机会被忽略！被拍的和拍人的都要注意！
🔸地铁公交上打盹：把姿势切换到双手紧握手机，再睡；
🔸在某些景点被使劲挤的时候：据说在兵马俑、陕历博、大唐不夜城、回民街等等，要是突然有人挤你，那就是在偷东西了哈哈。小偷一般团伙作案，会把自己捂得严严实实，看到这种人要警惕。
	
目前只能想到这些了。12月初虽然是年底，各行各业都冲业绩，但是这时候去旅游正是淡季，人比较少，景区也不会人挤人，所以方便警惕周围情况。如果是旅游旺季去，就得分外小心咯
	
#防盗 #防盗攻略 #西安小偷 #小偷 #西安 #西安旅游 #大唐不夜城",215,148,93,https://www.xiaohongshu.com/explore/675a7ad2000000000402a47e?xsec_token=AB40FcSNoAPzLMDz4aetpfMjEvv-d7ZX_ciF6sjagvKh0=&xsec_source=pc_search&source=web_explore_feed,https://sns-webpic-qc.xhscdn.com/202502272122/8a5ee90606516a7bc5f588d1228c0a6c/1040g2sg31babbmgc6o8g5nn9uja0bjhhl86qsjg!nd_dft_wlteh_webp_3,穷鬼女战士,,
听劝👂2-3月来西安的姐妹请🐴住❗️,"2月﹣3月计划来西安的姐妹👭🏻们，看看这份不交智商税的西安旅游攻略吧！超用心整理的❤，去西安前一定要看看❗️
～
🗺行程安排
📍DAY-1：洒金桥—高家大院—三根电杆陕菜馆—书院门—西安古城墙—钟楼/鼓楼
📍DAY-2：小南早市—陕西历史博物馆—大雁塔—大悦城顶楼—西安美术馆—大唐不夜城
📍DAY-3：秦始皇兵马俑—华清宫—骊山—长恨歌
～
🔷西安旅游tips
▪️1、要租古装一定要去正规的店，不然会被坑，自己有的话可以带！
▪️2、西安的付费景点比较多，而且门票🎫不算便宜有学生证或者jun官证的记得带上，可以打折。
▪️3、到西安玩，完全不需要跟团，自己提前做好攻略，规划好路线就可以了
▪️4、出门后一定要注意自己的随身物👛，繁华的景点小偷会比较多，不要大意了！
▪️5、一定要穿一双舒适的平底鞋／运动鞋👟，出来旅游每天都是步行2w步起❗️
▪️6、长恨歌表演的票价还是蛮贵的，但是视觉效果还是很不错的，想看演出的记得提前预约买票👍
#本地人做的攻略 #旅游不踩坑 #长安归故里故里有长安 #春节旅游 #必去的地方 #适合冬天去旅游的城市 #西安 #西安旅游攻略 #西安美食推荐 #学生党旅游",5631,6051,194,https://www.xiaohongshu.com/explore/67a05ef0000000001800ac38?xsec_token=ABsFvUMxr-j2GeedRc_sHY6eQK84WuuJXlPOAqyMOOamg=&xsec_source=pc_search&source=web_explore_feed,https://sns-webpic-qc.xhscdn.com/202502272122/7a54c081a1a52022034d037b39086a9b/1040g2sg31de9qlh9gkdg5odsh99k0ofpsa45ds0!nd_dft_wlteh_webp_3,葡忒头,,
亲身体验😭西安旅游真的不适合带包来!!!,"西安已回，东西带的太多了，又是个路痴真的踩了好多坑，差点被气si😤，真的建议每个去西安的朋友都要知道这些.....
·
#人文景点分享 #游玩攻略 #旅行推荐官 #旅行 #旅行日记 #西安 #西安穷游  #西安四日行程安排
图片来源于@何穗穗
@创作者小助手 @创作者助手 @吃货薯 @薯队长 @薯管家",2917,3301,232,https://www.xiaohongshu.com/explore/67839e6f000000002001f58a?xsec_token=AB_QqTCH-w78Td0yxUXQP8u9fbtOr5L6NYBvres4f1Ab0=&xsec_source=pc_search&source=web_explore_feed,https://sns-webpic-qc.xhscdn.com/202502272122/1173e6ada9fe29e57b378052d85dfcad/1040g2sg31ci7al5910dg5nsupjgg8q6au7entk8!nd_dft_wlteh_webp_3,小楠宝在努力,,
J人手写的📝西安攻略|给p人一点震撼吧,"作为在西安生活了二十多年的土著，对西安的景点不要太了解了🤯
今天特地花了整整一天时间，将自己知道的，了解到的✅
西安的一些真实情况整理成这份旅游攻略📝
分享给中秋国庆准备来西安旅游的姐妹👭
希望大家来西安能玩的开心🥰
-
⚠来西安旅游的注意事项
‼️真心不建议大家在西安市内跟团旅游
‼️西安城墙租自行车，记得带点现金
‼️景点每天都限流，一定得提前预约
‼️永兴坊的网红摔酒碗，可以不用去
‼️别在景区里买特产，比超市贵好多呢！
‼️别搭理街上那些奇装异服的
‼️别在景点买现切水果
‼️租古装拍照，得货比三家，问清楚价格，去正规的店
‼️建议随身带个充电宝
#西安#旅游#旅行#西安旅行#西安美食#西安旅游攻略#西安旅行攻略#西安拍照#西安打卡#西安旅游#西安攻略#西安小吃#旅行
@创作者小助手 @薯队长 @吃货薯 @走走薯",708,620,9,https://www.xiaohongshu.com/explore/66e289f8000000000c018a2e?xsec_token=ABS3b0UJ00Hfzq8NFWHMO0E3M24WuXV5hHU7hwF844CHI=&xsec_source=pc_search&source=web_explore_feed,https://sns-webpic-qc.xhscdn.com/202502272122/162b1d874d3547a281679257af440bfd/1040g2sg317ktimd5gmdg5oabc7ugjrbsa2pich0!nd_dft_wlteh_webp_3,Karry,,
2.22西安已回，太冷🥶，和进冰箱没差别,"真心奉劝各位姐妹，在来之前一定要记得查看天气预报呀！可别像我似的，来玩三天，没一天是好天气，一直都是雨夹雪加上雾霾，那叫一个冷得刺骨。室内稍微暖和点，而且后面几天还要降温呢，所以尽量带上一件羽绒服吧。 我去了不少景点，也踩了一些雷，现在把这些总结出来，希望能帮到即将来西安的姐妹们。
-
🔔超实用游玩建议与注意事项：
💢裤子的口袋可不能太浅了哦，一定要看好自己的手机。别轻信别人说没有小偷，那只是没发生在他身上而已。
💢大唐不夜城的表演时间是晚上 7 点到 10 点。要是下雨的话，部分节目会取消，准备去看演出的姐妹要留意当日的时间表。
💢长安十二时辰千万别去，门票一百多呢，就是个地下商城，商业气息浓得不得了，人多得要命，那些表演根本挤不进去，啥也看不见。
💢回民街主街的味道一点都不正宗。可以去永兴坊和洒金桥小吃街，那儿的食物好吃、量大还不贵。
💢秦始皇陵景区有兵马俑和丽山园，可以先逛丽山园，再去看兵马俑，这样能够避开人流高峰哦。建议请个讲解陪着一起看。
💢碑林博物馆 已经重新开放啦，从第一展厅到第七展厅，以及石刻艺术展厅都对外展出，建议要去的姐妹也请个讲解要不然干看，真没什么意思
💢长恨歌是户外演出，一定要做好防寒措施，不然现在晚上的气温真的让人扛不住。
💢大唐芙蓉园不值得去，门票 120 元，就只是个普通的大公园，里面有些表演还得另外收费。
💢陕西历史博物馆要提前 五 天抢票，票不太好抢。建议每天要守好放票时间。
💢大雁塔不用买票上楼，去旁边的大悦城 4 楼可以打卡全景，还能拍到超可爱的卡通唐僧。
-
✅早市早餐推荐：
📍油茶麻花： 老乌家油茶麻花 小南门早市
📍肉丸胡辣汤： 老字号贾家肉丸胡辣汤（光明巷店） 邢老三肉丸胡辣汤（西安总店）
📍肉夹馍： 子午路张记肉夹馍（钟楼店） 秦豫肉夹馍（骡马市总店）
📍甄糕： 马文章胖子甄糕（洒金桥店）
📍灌汤蒸饺： 志亮灌汤蒸饺·清真（庙后街店）
-
🚩我的行程路线：
📍第一天：西安城墙 — 回民街 — 鼓楼 — 钟楼。
📍第二天：陕西历史博物馆 — 大雁塔 — 长安十二时辰 — 大唐不夜城。
📍第三天：秦始皇兵马俑 — 丽山园 — 闲逛 — 长恨歌。
#西安 #西安旅游 #西安旅游攻略 #西安吃喝玩 #西安旅游西安打卡西安旅行攻略 #西安跟团游",32,28,7,https://www.xiaohongshu.com/explore/67b942bd0000000029015e6e?xsec_token=AB3R2bfnTm5tcyNoKuEe1u-zPXF-XtD0XDeHXF3I35s3E=&xsec_source=pc_search&source=web_explore_feed,https://sns-webpic-qc.xhscdn.com/202502272122/9ebd789cd815664ee129ad157160efd8/1040g2sg31e6hctluh2d05ptmteomuq8smbqrik0!nd_dft_wlteh_webp_3,晚诗归年,,
自驾西安避坑指南，千万别往这里去！,﻿#西安﻿ ﻿#西安旅游攻略﻿ ﻿#西安旅游﻿ ﻿#避坑指南﻿ ﻿#自驾游﻿,12,7,19,https://www.xiaohongshu.com/explore/679e7ad80000000018009b95?xsec_token=AB0eItBwRhu02XtUnBQBT77-gS-Yy_0fnMMs8lCuipoqA=&xsec_source=pc_search&source=web_explore_feed,,长安小辣椒,,
去西安旅游十大禁忌,"1、禁忌：在西安，回民对猪很敏感，注意尊重民族和宗教。
2、禁忌：西安主要现代休闲景点、购物点、小吃街：大雁塔北广场、大唐不夜城、浐灞生态区/小寨、东大街、西大街、南大街、北大街、骡马市步行街、康复路、金花/粉巷、德福巷、回民街等等。烤面筋最好不吃（卫生角度出发），西安的美食多，多属油腻刺激的，切记适可而止，最好带上止泻的药片。
3、西安的旅游景点大都是名声赫赫，参观团络绎不绝的，要是不想自己掏钱请导游，完全可以“蹭听”，一样受益匪浅。强烈建议每个景点都一定要听导游讲解一遍，然后可以再根据自己的需要有的放矢的仔细参观。一些景点的门票有留影纪念，但要自己交塑封费1元/张。大多门票都很有艺术性，值得收藏。
4、去西安，陕西历史博物馆，碑林博物馆绝对值得游览，尤对爱好文学历史的朋友而言。西安很多景点都是晚上更漂亮，如钟鼓楼，城墙，大雁塔及音乐喷泉，大唐芙蓉园，而且在旺季晚上都可开放到21-22点左右。
5、各景点交通：一天的行程可以以610路旅游公交车为主，除了碑林其它景点基本都能到。2~4人打车比较合算。火车站出站对面就是火车站出站对面就是火车站出站对面就是火车站出站对面就是路（610旅游专线车以火车站旅游专线车为起点，经过北新街、革命公园、钟楼、鼓楼、广济街、朱雀门、小雁塔、南稍门、大兴善寺、陕西历史博物馆、大雁塔等地，票价在1-2元之间，且都在景点正门下车）。西安的单行道比较多，去和回的出租车价钱往往不等，非宰客，是事实；
6.爬华山最好穿着舒适的旅游鞋，棉质吸汗的衣服。切记注意安全。要做到：走路不看景，看景不走路。
7、秋季西安雨水较多，常备雨具，西安下雨就会变得比较凉，自备长衫是有必要的。
8.进城必买地图：西安城区的路相对好走，和北京差不多，都是直直的马路，不太有绕弯的地方，但为了节省旅游时间最好事先查清旅游景点的具体方位。有的景点间离得很近，要是不知道的人就抬脚上了出租车，会花不少冤枉钱。
9.买旅游商品最好也是“货比三家”：旅游景点的东西有的确实便宜，而有的确实贵，所以要尽量比价，侃价，尽量不要上当受骗，吃哑巴亏。",616,332,14,https://www.xiaohongshu.com/explore/65fea4ed00000000120233f8?xsec_token=AB8O8YzKzwrV3z_E8zu72JsWGGQfQJBgAJiluZjP-Bemg=&xsec_source=pc_search&source=web_explore_feed,https://sns-webpic-qc.xhscdn.com/202502272122/16ac683c17e83229c477e48933246e59/1040g2sg310mbs29qmm605n5j6jn5v0uldk8rpuo!nd_dft_wgth_webp_3,豆子叔叔,,
西安会惩罚每一个不预约的人😭......,"1-2月以及之后如果想来西安的姐妹们👭，可以看看这份攻略噢！！作为来了去了西安4次的亲身经历，给大家整理了一份很实用的西安旅游攻略，希望可以帮到大家💖
.
🛍出行准备
证件：身份证、学生证（景区优惠）
电子设备：手机、相机、充电器、充电宝
衣物：羽绒服、羊毛大衣、针织衫、毛衣卫衣、加绒裤、雪地靴、围巾、帽子、手套（有食指洞那种）
护肤品：补水保湿类型的，冬天天气比较干燥
药品：感冒、发烧、肠胃等常用药
·
💛西安旅游小贴士
1、西安冬季比较寒冷，要准备好保暖衣物，暖宝宝、手套、围巾都不能少
2、西安出行主要以地铁为主！！地铁网络发达，覆盖大部分景点和商业区
3、游览历史遗迹时，不要随意涂鸦或者披怀文物
4、西安有回民聚居区，在这些区域不要食用猪肉火鹤猪肉制品，以及非清真食品，尊重不同的风俗文化
5、在兵马俑等景点，不要随便与陪葬品等文物合影。在大雁塔拍照时，不要站在塔中间，尤其是玄奘法师铜像的正前方
6、陕西历史博物馆周一会闭馆维护，注意时间安排（节假日除外）
7、别在秦始皇兵马俑外面买玉，无法辨别真假，很容易被坑
8、西安是名副其实的碳水之都，菜品份量很大，不需要点太多
9、西安的油泼辣子很香，但是不会很辣。不能吃辣的小伙伴耶不用担心
10、去秦始皇兵马俑、陕西历史博物馆等这类景点，要记得请讲解，了解历史才更有趣
11、驼铃传奇和长恨歌都是很值得看的大型演出，但是要提前买票
12、大雁塔没必要上楼，去对面的大悦城顶楼拍全景，视觉效果更震撼
·
🔥西安美食安利
✔爱骅裤带面馆
✔粉巷13号陕菜馆
✔老乌家油茶麻花
✔王魁蜡汁肉店
✔澄城崇斌水盆羊肉
·
#西安 西安旅游 #西安旅行 #西安旅游攻略 #西安景点 #西安美食 #西安拍照 #西安自由行 #冬日旅行收藏夹",3911,4149,67,https://www.xiaohongshu.com/explore/678b4d96000000001c00ce2b?xsec_token=ABtNluWVCDjRNqn9LZhH0XlwO8rhDvMdKfiRB8Iq378Ps=&xsec_source=pc_search&source=web_explore_feed,https://sns-webpic-qc.xhscdn.com/202502272122/7c14d37473a8f5507f1e3befd371c47e/1040g00831cpn7e1ngu5g5o4hp6ogbnugufgdmqo!nd_dft_wlteh_webp_3,YoYo爱吃🐠,,
来西安旅游不预约＝白来❗,"西安真的是热门旅游地，基本一年四季都有游客接踵而至，尤其🌞旺季的时候，很多🕍热门景点没有预.约根本进不去！导致好不容易旅游一趟结果只能在大街上随便转转，特意出来一篇超全西安景点于约攻略
.
西安景点怎么予约❔
📍秦始皇兵马俑:在“秦始皇帝陵物院”gzh约
📍西安城墙:在“西安城墙”gzh约
📍西安钟鼓楼:在“西安本地宝”gzh约
📍陕西历史博物馆:在“陕西历史博物馆”gzh约
📍西安碑林博物馆:“西安碑林博物馆”gzh约
📍大唐芙蓉园:在“大唐芙蓉园”gzh约
📍华清宫:在“华清宫景区”gzh上约
📍长恨歌:在“华清宫景区”gzh上约
📍华山:在“华山旅游服务平台”gzh上约
.
⭕⭕西安重点予约景点（必须提前）
✅陕西历史博物馆：平日提前3天约，节假日提前7-15天约，及时关注官方号查看可以提前几天约。每天11、12、18、19点整点放票
✅秦始皇兵马俑：节假日提前5天买票，每天0点放票
✅长恨歌：旺季提前6天蹲，上午9:30左右放票
.
⭐西安节假日需提前予约景点
🔸华山：旺季提前3-5天买票，门票和索道一起买，索道也是会卖光的
🔸西安博物院：旺季提前5天约，建议和讲解一起约好
🔸西安城墙：平日当天可买，城墙灯会得提前3-5天买票
🔸华清宫：旺季提前3-5天买，一般和兵马俑，长恨歌做一日游
.
#西安旅游攻略 #西安旅行 #西安兵马俑 #秦始皇陵帝陵博物院 #长恨歌 #西安旅游景点 #西安景点预约 #去西安旅游 #春节旅游 #寒假旅游",1051,1199,28,https://www.xiaohongshu.com/explore/679b58b8000000002900b5b6?xsec_token=ABWRJjrBkYpOOFhbddUuMRqAPWDWOflhYGk7yVuAZrNLU=&xsec_source=pc_search&source=web_explore_feed,https://sns-webpic-qc.xhscdn.com/202502272123/fdcc3cc758a19e5fce3251d79cd6b1d9/1040g2sg31d9cq9cd10kg5pg55q93ct75qs5dp1g!nd_dft_wlteh_webp_3,陕西中国旅行社城南分公司,,
写📝给2-3月去西安的姐妹，进来听劝‼️,2-3月来西安的姐妹们，一定要看这份保姆级别的西安旅游攻略💯！想不踩坑！不交智商税就不要错过这份攻略✅～好姐妹我爆肝整理的😢#长安归故里故里有长安 #大唐 #本地人做的攻略 #穿越大唐盛世 #西安 #西安美食 #西安旅游攻略 #西安旅游 #西安避雷 #西安 @小红书创作助手 @小红书创作学院 creator academy @吃货薯 @薯队长,796,926,33,https://www.xiaohongshu.com/explore/67b2ead300000000180071f1?xsec_token=ABYQR-RgbC9569ACIuYIW6pdI1p01YaDat0rdYjwcCmDs=&xsec_source=pc_search&source=web_explore_feed,https://sns-webpic-qc.xhscdn.com/202502272123/a52528483835a3dda5b3751969fa9413/1040g00831e0dd37ogs6g5o37ocpg8ks6mg2o6qg!nd_dft_wlteh_webp_3,celine刘,,
西安旅游真惨！这些坑让你无话可说，提前避,"西安旅游避坑 | 注意不要被“秒杀票”吸引！
遇到一些景区外面的小摊，常常会看到写着“秒杀票，五折起”的字眼。别以为捡到便宜了！这些票的价格往往会通过其他收费项目弥补回来，最终比正常票价还贵。建议大家提前规划好行程，购买正规票务！⏰
西安旅游警惕 | 小心“导游”套路！
在西安，有些不法分子会假扮成景点“导游”，主动上前推销旅游服务。他们会告诉你一些“内部消息”，诱导你参加不值得的活动，最后收费昂贵。遇到这种情况，记得要礼貌拒绝！🚶‍♀
西安旅游避雷 | 不要轻易参加街头的“购物活动”！
在西安的街头，经常会看到一些商家热情招揽游客，声称参加他们的“购物活动”可以获得各种优惠。千万别上当！这种活动背后往往存在隐性消费，甚至可能会被强迫购买一些你并不需要的商品。⚠
#西安特色美食推荐 #西安旅游 #西安打卡 #西安旅游攻略 #人文景点分享 #旅游攻略 #历史文化 #宝藏旅游地推荐 #城市探寻计划 #西安旅游景点 #旅行日记 #西安三日游路线 #奔跑吧陕菜#tictokrefugee#tictokban",25,11,3,https://www.xiaohongshu.com/explore/678760ed000000001b00b302?xsec_token=ABs261qendx_HRuSccvMjgPRMjHt2g2dwvEMlF7TUuQhY=&xsec_source=pc_search&source=web_explore_feed,https://sns-webpic-qc.xhscdn.com/202502272123/9dc3029bfba9a02ff6ed984072ecc178/1040g2sg31clsqa1g0u6g5pe48nckb3hqvk7jlpg!nd_dft_wlteh_webp_3,黄金矿工,,
,第一次来西安旅游这六大注意事项一定要知道!!!一定要知道!!!一定要知道!!!﻿#西安﻿ ﻿#旅行推荐官﻿ ﻿#西安吃喝玩乐﻿ ﻿#西安旅游﻿ ﻿#西安旅游攻略﻿ ﻿#旅游﻿ ﻿#旅游攻略﻿ ﻿#西安旅行攻略﻿,1,3,评论,https://www.xiaohongshu.com/explore/67c03052000000000603cb24?xsec_token=ABvBv43RBC_8Rd1DLWPauI78VXFX46jAr06i_sLgpNgG4=&xsec_source=pc_search&source=web_explore_feed,,小红薯67C1BEE9,,
拜托🙏去西安旅游千万别乱带衣服,"去之前看了很多西安的帖子，说是白天温度真的还好，走路走的还会热，就没带什么厚衣服，为了出片，真的人冻麻了。。。
而且西安坑真的挺多的，劝要来的姐妹做好攻略。
下面根据我们这几天的经验给大家总结了一些南昌旅游攻略，看完能让你少踩💣哦！
✅西安注意事项
✔️注意一：钟楼、鼓楼靠在一起，可以一起打卡，没必要花门票上去，直接到对面开元商城观景台才是zui佳观赏位
✔️注意二：兵马俑建议提前两天上gzh约，🎫120，其中包含了丽山园，傍晚4点半就停止检票
✔️注意三：陕西历史博物馆不需要票，但要提前2天约，每天放🎫是17点整点放🎫，博物馆内可以选择人工或电子讲解。
✔️注意四：没必要专门去打卡大雁塔，在大慈恩寺里边的，得花费门票40，想登塔还得再花25！不划算！
✔️注意五：冰火长恨歌建议是提前五天约，Zui佳观影区是中区A，如果是只想体验一下，可以选择便宜些的区域。
✔️注意六：西安早市可以去小南门、酒金桥、大皮院中午可以去玉祥门打卡当地超火的老版火锅。
✔️注意七：大唐不夜城一定要晚上再去打卡，白天就是商业街，晚上开灯后仿若穿越到大唐盛世，而且还有演出可以看。
✔️注意八：要是没有预月上陕西历史博物馆，可以去陕西考古博物馆，人要少很多，注意周三闭馆
✔️注意九：城墙上租自行车是需要付ya金的，出门记得带上点xian金，上面真的很大很长，走路需要花很多时间。
✔️注意十：大唐不夜城有很多免f的演出，比如：不倒翁小姐 姐、诗仙李白等
#西安#西安旅游#西安美食#西安住宿推荐 #必去的地方 #长安归故里故里有长安 #大唐 #学生党旅游 #一定要去的地方",732,621,39,https://www.xiaohongshu.com/explore/67b473ed00000000290393b9?xsec_token=ABhiswYb3YhfFnHY5gA2_McbgxglLBfJ1o1qLr_k5P5Sk=&xsec_source=pc_search&source=web_explore_feed,https://sns-webpic-qc.xhscdn.com/202502272123/ab901456594d3bae5ff19473c0eac92a/1040g2sg31e1tckhk0s705o6egogg8irtpjp9oqo!nd_dft_wlteh_webp_3,Zyyy,,
西安淡季旅游新通知！超全避雷，速速查收,"西安已经进入淡季啦！（相对来说，其实西安只有旺季和旺旺季），真心提醒1月~3月来西安的姐妹👩，近期打算来西安一定要穿羽绒服，给大家总结了一些游玩建议，希望姐妹们都有一个愉快的旅途❗
图片来源@https://www.xiaohongshu.com/explore/678f6531000000001800b8c2?xsec_token=ABCcnXTnXLWb6GrKObP8vKOx2KQNgJJ0ygfX_sZzOxmdY=&xsec_source=pc_user",658,725,75,https://www.xiaohongshu.com/explore/678f3ef8000000002a003ce3?xsec_token=ABzu21OQQhL-niaeOUqZ5UB6Sf66x3BgvUkYo5ekId1oE=&xsec_source=pc_search&source=web_explore_feed,https://sns-webpic-qc.xhscdn.com/202502272123/3126fa9212bfa027fc5530fd4e39ec55/1040g00831ctilnoi0m6g5oaqbfpgkr31fef0in8!nd_dft_wlteh_webp_3,愿风留,,
去西安前，听点不一样的大实话吧⋯,"承认吧！觉得西安不好玩是你们不会玩。。。做好攻略真的玩得很开心。。。安排好路线后全程不走回头路不绕路。。
-
🚇西安地铁沿线热门景点
🔸1号线：半坡博物馆、广仁寺、环城公园、大皮院、酒金桥
🔸2号线：钟鼓楼、回民街、高家大院、碑林博物馆、西安城墙、小雁塔、陕西历史博物馆、大兴善寺
🔸3号线：大慈恩寺、大雁塔、曲江大悦城、青龙寺、世博园
🔸4号线：大明宫遗址公园、西安事变纪念馆、永兴坊、大唐芙蓉园、大唐不夜城、曲江遗址公园
🔸9号线：华清池、骊山、秦始皇兵马俑
-
🔷西安旅游tips
▪1、要租古装一定要去正规的店，不然会被坑，自己有的话可以带！
▪2、西安的付费景点比较多，而且门票🎫不算便宜有学生证或者jun官证的记得带上，可以打折。
▪3、到西安玩，完全不需要跟团，自己提前做好攻略，规划好路线就可以了
▪4、出门后一定要注意自己的随身物👛，繁华的景点小偷会比较多，不要大意了！
▪5、一定要穿一双舒适的平底鞋／运动鞋👟，出来旅游每天都是步行2w步起❗
	
#西安 #西安旅游 #西安美食 #西安吃喝玩乐攻略 #西安旅游攻略 #西安打卡 @创作者小助手 @薯队长 @吃货薯 @创作者小助手",5,23,评论,https://www.xiaohongshu.com/explore/67ba8dfb0000000029029c22?xsec_token=AB1bGgo0aDuhJBGFe3mpgGjxzzBFP48wCGp0IfC07jExc=&xsec_source=pc_search&source=web_explore_feed,https://sns-webpic-qc.xhscdn.com/202502272123/29c7c28023c2b7fcea2e0513d3c105e2/1040g2sg31e7s2djbgkd05pj2pn4jcubd281ec88!nd_dft_wlteh_webp_3,真的想打羽毛球🏸,,
真心提醒2-4月去西安的姐妹👭听劝😭,"去了西安6次后熬夜总结出来的西安旅游攻略，希望要去的姐妹看了不踩坑!
#周末去哪#寒假出行#西安#西安避雷#旅游攻略#西安旅游#西安出行#西安美食#西安交通#西安
@创作者小助手 @吃货薯 @薯队长",770,796,10,https://www.xiaohongshu.com/explore/67b31ef800000000290111c5?xsec_token=AB7ssgT-_LuacMgURsNqPOmeVixshIuXiGn5QbSbgwEYg=&xsec_source=pc_search&source=web_explore_feed,https://sns-webpic-qc.xhscdn.com/202502272123/eff193e37d4a26a889edf072ab7f4481/1040g2sg31e0jop6c0u6g5pr165758phdes66hjo!nd_dft_wlteh_webp_3,晚风,,
去西安前，听点不一样的大实话吧………,被闺蜜熬夜做的西安攻略…满意到睡不着觉她说的话我都用小本本记下来了，分享给互联网姐妹一起避避雷，希望大家去西安都能愉快玩耍啊#本地人推荐 #小红书庙会 #穷游攻略 #旅游不踩坑 #本地人做的攻略 #地上古建看山西 #长安归故里故里有长安 #旅游中的小遗憾,4,2,评论,https://www.xiaohongshu.com/explore/67baf59700000000290244f3?xsec_token=AB1bGgo0aDuhJBGFe3mpgGj2JzSmr-Ecn9xG6UtaJXS7Q=&xsec_source=pc_search&source=web_explore_feed,https://sns-webpic-qc.xhscdn.com/202502272123/c8a0c6d12dc3bb961e89baf6a297462c/1040g2sg31e88n4dpgucg5pse6uqgq1ftkmprcgo!nd_dft_wlteh_webp_3,Qi小金鱼,,
真心提醒2-4月去西安的姐妹👭听劝😭,"去了西安6次后熬夜总结出来的西安旅游攻略，希望要去的姐妹看了不踩坑!
#周末去哪#寒假出行#西安#西安避雷#旅游攻略#西安旅游#西安出行#西安美食#西安交通#西安
@创作者小助手 @吃货薯 @薯队长",770,796,10,https://www.xiaohongshu.com/explore/67b31ef800000000290111c5?xsec_token=AB7ssgT-_LuacMgURsNqPOmeVixshIuXiGn5QbSbgwEYg=&xsec_source=pc_search&source=web_explore_feed,https://sns-webpic-qc.xhscdn.com/202502272124/37d71739700cb7cf9ea60cabb98f2049/1040g2sg31e0jop6c0u6g5pr165758phdes66hjo!nd_dft_wlteh_webp_3,晚风,,
去西安前，听点不一样的大实话吧………,被闺蜜熬夜做的西安攻略…满意到睡不着觉她说的话我都用小本本记下来了，分享给互联网姐妹一起避避雷，希望大家去西安都能愉快玩耍啊#本地人推荐 #小红书庙会 #穷游攻略 #旅游不踩坑 #本地人做的攻略 #地上古建看山西 #长安归故里故里有长安 #旅游中的小遗憾,4,2,评论,https://www.xiaohongshu.com/explore/67baf59700000000290244f3?xsec_token=AB1bGgo0aDuhJBGFe3mpgGj2JzSmr-Ecn9xG6UtaJXS7Q=&xsec_source=pc_search&source=web_explore_feed,https://sns-webpic-qc.xhscdn.com/202502272124/e7b64d195a89bfc2de1fea6f6a9468a1/1040g2sg31e88n4dpgucg5pse6uqgq1ftkmprcgo!nd_dft_wlteh_webp_3,Qi小金鱼,,
不开玩笑，西安真的不建议带包...😭,"东西带太多又路痴的我，真的好崩溃...
1月来西安旅行的姐妹👭一定要认真看完这篇攻略‼尤其是后面的内容！这是一份去西安玩过5次的人写的攻略，不能说蕞懂西安旅游，但起码比不少靠谱的广帖要强得多！
#西安#浪漫生话的记录者#西安拍照 #西安旅游 #西安探店 #西安旅游攻略 #西安吃喝玩乐 #西安美食 #周末去哪儿#旅游攻略
@城市情报官 @走走薯 @吃货薯 @小红书创作助手 @小红书创作学院",391,519,3,https://www.xiaohongshu.com/explore/67875734000000001901c49b?xsec_token=ABs261qendx_HRuSccvMjgPUdtoreCicQESORhMx7coh8=&xsec_source=pc_search&source=web_explore_feed,https://sns-webpic-qc.xhscdn.com/202502272124/92175736317bce9f0253e20a0bf09c12/1040g00831clrkaa60u0049lv84tr2lm18iot8j0!nd_dft_wlteh_webp_3,泡泡,,
这10个行为！！去西安旅游的姐妹们要注意！！,"计划来西安旅游的姐妹要注意了！！一定要提前做好攻略，可以避免很多🕳熬夜整理一份！吃喝玩乐一应俱全，希望可以帮助到大家
-
✅ 出行交通攻略
🚇 地铁：推荐使用“西安电子地铁卡”，轻松一扫即通，再也不用担心排队买票的烦恼。
🚌 公交：拥有“长安通电子卡”的朋友将享受5折的福利，外地朋友千万不要错过哦。
🚗 打车/网约车：方便快捷，适合时间紧迫或者携带行李的旅客。
🚲 共享单车：体验西安的慢生活，但记得不要超出停放区域哦。
#西安旅游  #西安旅行攻略 #陕菜 #西安 #西安美食 #西安旅行 #西安旅行必吃 #西安美食打卡 #西安吃喝玩乐 #西安美食推荐",2372,3154,195,https://www.xiaohongshu.com/explore/678dfc3900000000190317f4?xsec_token=ABzHoNfDcknYU3KwsQzgf_bnQvCJANi0dhwhkGCC1XUMs=&xsec_source=pc_search&source=web_explore_feed,https://sns-webpic-qc.xhscdn.com/202502272124/a4004f8750fb98e863b23e6579633ef9/1040g2sg31csb9143h0705n2t2rskg6901jjs87o!nd_dft_wlteh_webp_3,哇哒西蛙,,
准备去西安旅游的姐妹们注意了‼️,都给我避雷他们家黑心老板#旅游不踩坑 #千万不要去 #真让我大开眼界了 #西安,2,收藏,13,https://www.xiaohongshu.com/explore/67c058700000000029037828?xsec_token=ABvBv43RBC_8Rd1DLWPauI758ELU6XPwNScL7MmSB9pfg=&xsec_source=pc_search&source=web_explore_feed,https://sns-webpic-qc.xhscdn.com/202502272124/fcc24bd8d884ae493fc7af528ba74ffa/1040g00831edh16d4ge005orkckpnrtfinu2n34g!nd_dft_wlteh_webp_3,相伴在四季,,
教外地朋友如何在西安保护好自己……,#啸雷 #西安 #唐蒜铺子 #西安同城 #西安同城 #西安吃喝玩乐 #西安旅游 #西安旅游攻略,5777,1149,695,https://www.xiaohongshu.com/explore/66828a98000000001f0074e5?xsec_token=AB7RBHjVsTdzQOhzt5hUcbrrBAFyAT2qAUyBVqzLA0eMA=&xsec_source=pc_search&source=web_explore_feed,,啸雷,,
去西安一定要看的手绘旅游地图！不迷路✅,"在西安跟着地图玩真的不会绕路！很方便！本地人手绘的地图路线！可以抄作业啦！
#西安旅游 #西安春节 #春节旅游 #旅行 #西安",2304,2551,17,https://www.xiaohongshu.com/explore/67978461000000002a00cc0a?xsec_token=ABXic15mHT25gjIBwi7PdB4rwNpJRT71Xqmr2GhpUdxq8=&xsec_source=pc_search&source=web_explore_feed,https://sns-webpic-qc.xhscdn.com/202502272124/35515ca1c67ae88aed5a011b2db8cf66/1040g2sg31d5l428e16dg5p6tg5a0ibb79adboqg!nd_dft_wlteh_webp_3,Tony带水,,
揭秘西安旅行社为了赚钱经常编的那些“瞎话”,"作为西安本地人看了网上好多关于西安的攻略，都是各种错🤬
	
忍不住写下这些给第一次来西安的宝宝，要注意分辨真假攻略，千万别被忽悠了❗️❗️
	
给大家总结了这些，争取不当冤大头，在西安能玩好，下次还来！
#西安 #西安吃喝玩乐 #西安旅游 #西安旅游攻略 #西安避坑 #西安美食推荐",56,70,6,https://www.xiaohongshu.com/explore/671385000000000024019e6f?xsec_token=ABcgFTsuF08SL-nO20t-1YSJ3kl8fJ7S5cg2LWjrRbur8=&xsec_source=pc_search&source=web_explore_feed,https://sns-webpic-qc.xhscdn.com/202502272124/7e7d338c6fe1d7fb75e72e998fcece5f/1040g2sg31979pe644i7048q9sj3rimv8qh6gv2g!nd_dft_wlteh_webp_3,寻秦国旅,,
西安归来，不去，遗憾，去了，后悔！,"1.西安的交通很糟糕，能骑自行车是最好的，但要注意安全，“车让人”这个文明美德在西安是不存在的！距离远建议打车和地铁，三蹦子会宰客，还冷！
2.陕西历史博物馆外地ip 根本抢不到，建议提前通过美团、携程之类抢票，花一点钱，不然到了当地，黄牛收500一人
3.碑林在装修，啥都没有，花10元门票钱就进去拿个免费春联，还没我写得好～不要去！
4.大唐不夜城建议黄昏开始逛，有很多街头演出，西安可以白天租汉服妆造，穿一天加拍照，晚上还，跟拍的技术都很垃圾，如果自己有条件，自己打灯拍
5.秦始皇兵马俑主打一个人挤人，租个讲解，边挤边听，没什么看头。华清宫就是澡堂遗址，大可不必去！
6.长安十二时辰和城墙灯展有兴趣可以去一下，灯展门票100元/人，长安十二时辰建议穿汉服体验，小雁塔和西安博物院也要提前预约
7.西安综合体非常多，逛吃不是问题！回坊比较脏乱，不建议住宿，美食有老孙家肉夹馍、胖子甄糕、石家包子都值得一试，刘纪孝腊牛肉凌晨5点就开始排队等开门，下午人少点，愿意等的可以试试，个人觉得味道就那样！花奶奶醪糟酸梅汤回民街很多，偏甜。西安的胡辣汤有很多花椒，没河南的好吃，肉夹馍有烤和炸两种，烤馍比较硬，炸馍比较脆，千万别去一真楼，一点都不好吃，相信我！裤带面（biang biang 面）可以试试，碗很大，面两条！个人更喜欢长安大排档的小碗臊子面，长安大排档值得推荐，人多的话冲1000，人少团个券，葫芦鸡、六小碗、鸡蛋醪糟、毛肚、毛笔酥、妃子笑、凉糕都好吃，送的雪梨银耳也好喝！",423,394,250,https://www.xiaohongshu.com/explore/67931edc0000000029015007?xsec_token=ABltY5fGRZhW23Uv75h0YII0XFTQlaVI9FLrvr0Pg612U=&xsec_source=pc_search&source=web_explore_feed,https://sns-webpic-qc.xhscdn.com/202502272124/d6e5e52c2a46f8957ebc96318a0bf893/1040g00831d1boalr0u0042q7u1a26mla68v9tjg!nd_dft_wgth_webp_3,laochangying,,