标题,内容,点赞,收藏,评论,笔记链接,图片链接,作者,keyword:哈尔滨自由行 注意事项,2025年02月28日 10:12
去哈尔滨旅游的28条❗血泪攻略教训😭,"哈喽，我是大黄
很多小伙伴问我，去东北旅游需要注意什么❓
.
今天给大家列了28条，血泪教训😭
希望能够帮助你少踩一些坑🕳️
.
1️⃣哈尔滨适合11月~次年2🈷️去，这个时间段正好是雪景zui美的时候，想看👀雪❄️的小伙伴千万不要错过~
.
2️⃣订机票前✈️记得先查询一下当天的天气，哈尔滨机场如果大雪🌨️飞机可能会延误或者停飞🛫
.
3️⃣不建议自驾🚗因为雪乡/亚布力/雪谷等地方路况复杂，加上冰雪路面行驶易打滑，新手不安全❗建议找个靠谱的车队包车或乘坐直通大巴🚌前往，零购物、零推销🤫
.
4️⃣冬天来哈尔滨一定要带齐保暖装备🧣，出行要全面做好保暖防护工作，以免不小心被冻伤、冻感冒🤧❗❗
.
5️⃣东北冬季天气比较干，南方小土豆🥔去会不适应，一定要带上保湿用品和唇膏，做好保护
.
6️⃣哈尔滨气温低🥶，需要热量多，建议随身携带一些干粮🍪，随时补充热量💪🏻
.
7️⃣建议携带保温杯🧂，在外面游玩需要及时补充水分💦，很多地方都可以免费加热水的🥤
.
8️⃣严寒的天气，手机📱电量消耗得特别快，手机很容易没有电，记得备好大容量充电宝随身携带
.
9️⃣寒冷的天气下，手机📱和相机📷等电子产品很容易失灵，在室外一定要注意手机和相机的保暖，建议在携带手机相机的包里贴张暖宝宝👶🏻
.
1️⃣0️⃣买手套🧤一定要戴可以触屏的，不然得裸露出手来用手机真的很刺骨，手都被冻僵去~🥶
.
1️⃣1️⃣冬季路面结冰，雪地靴👢一定要选择防滑和防水的，不然很容易湿脚，冻伤脚🦶
.
1️⃣2️⃣哈尔滨的冬季昼短☀夜长🌙一般到了下午4点左右就天黑了，来旅游的小伙伴记得安排好行程哦📝
.
1️⃣3️⃣出门建议带墨镜🕶️保护眼睛👀，因为积雪反射的光很刺眼
.
1️⃣4️⃣近视的朋友建议戴隐形眼镜，戴框镜片的在外面很容易起雾，真的很不方便🥀或者提前在网上购买防雾湿巾
.
1️⃣5️⃣中央大街的俄罗斯工艺品🙅🏻‍♀️不要买，假货多坑多，可以去圣索菲亚教堂的小商品市场买🛒 会划算很多
.
1️⃣6️⃣哈尔滨的菜分量很足，点菜要谨慎，不要一下子点太多了😂
……
2️⃣6️⃣原来“海鲜市场”某🐟上🉑以买到便宜的景点门票🎫
.
2️⃣8️⃣……
哇，全是干货，果断关🐷了！
	
#旅游攻略 #哈尔滨旅行 #哈尔滨旅游攻略 #东北旅游 #哈尔滨吃喝玩乐攻略 #哈尔滨冰雪大世界 #记录吧就现在",215,207,10,https://www.xiaohongshu.com/explore/66e1a48c000000002603c41a?xsec_token=ABztHwE5CnplISQahpOm8br379jH9qlUP9Lnv7pGCXlhU=&xsec_source=pc_search&source=web_explore_feed,https://sns-webpic-qc.xhscdn.com/202502281013/13c83236f8758404ebcc7daf06a5a5e2/1040g2sg317k1ihunkadg4bbu5nnku09kf5cv710!nd_dft_wlteh_webp_3,大黄趣旅游,,
哈尔滨旅游注意事项,"去哈尔滨旅游时，以下几点需要注意：
### 1. **气候与穿着**
- **冬季🌨️**：哈尔滨冬季寒冷，气温可低至-20℃至-30℃，需准备厚羽绒服、保暖内衣、帽子、围巾、手套、防滑靴等。
- **夏季☀️**：夏季凉爽，但早晚温差大，建议携带长袖衣物。
### 2. **防寒保暖**
- **保暖装备❄️**：冬季需特别注意保暖，尤其是耳朵、手、脚等易冻伤部位。
- **暖宝宝🔥**：可随身携带暖宝宝，帮助保暖。
### 3. **防滑措施**
- **冬季防滑👟**：冰雪路面易滑倒，建议穿防滑鞋或使用防滑鞋套。
### 4. **景点选择**
- **冰雪大世界☃️**：冬季必去，建议下午或晚上前往，注意保暖。
- **中央大街🏮**：适合步行游览，冬季有冰雕和雪雕。
- **太阳岛🌅**：冬季有雪博会，夏季适合避暑。
- **圣索菲亚大教堂📸**：适合拍照，注意开放时间。
### 5. **饮食**
- **当地美食🍲**：尝试锅包肉、红肠、大列巴、马迭尔冰棍等特色美食。
- **保暖饮食🥣**：冬季可多喝热汤、热饮，帮助御寒。
### 6. **交通**
- **出租车🚖**：冬季出租车需求大",点赞,收藏,6,https://www.xiaohongshu.com/explore/67bfb7fa000000001203c84a?xsec_token=ABbmTOgt9j5qDYMaIFMFh1pWmQrk3hTWB3ZoA-ZFbIk1s=&xsec_source=pc_search&source=web_explore_feed,https://sns-webpic-qc.xhscdn.com/202502281013/3fbfe8f1ae9c7543d5449cab216d0fc8/1040g00831ectca7hgm5g5o8sl52g9b820rs3ol8!nd_dft_wlteh_webp_3,乄,,
三思啊，2-3月的哈尔滨真的不能说走就走！,"春节寒假无疑是哈尔滨的旅游旺季，街上可谓是人山人海,冰雪大世界更是热闹非凡。但是我发现还是有姐妹不知道还哈尔滨怎么玩，尤其是冰雪大世界，排队都占了一大半的时间.下面就给大家总结一下玩法，让姐妹们少走弯路
.
✅少排队少受冻游玩流程：
线下排队/线上gzh提前买票尽早！入园➡预约滑梯（有500米和300米 的都可以约，具体预约流程↓）➡摩天轮（摩天轮不用预约，直接去排队就行，玩完大小滑梯再来人会有点多但是队伍走动很快，一个小时不到就能玩上）➡逛冰雕➡美食馆吃热食➡梦想大舞台蹦迪（看演出、现场气氛热烈蹦迪好嗨，5点半开始，7点第一场结束）
-
✅项目玩法流程：
1️⃣大滑梯排队流程：①当天核验过冰雪大世界的门票后进入园内②打开冰雪大世界GZH-左下角-超级大滑梯预约③填写你的手机号或证件信息（最多可同时添加3人）④在每两小时整点 蹲点抢预约⑤预约成功后去排⑥滑梯入场处核销预约码即可入场（小tips：建议整点直接在滑梯入口处站着预约，约上了马上入场直接0排队）（实测：如果显示活动火爆，继续一直点多几次，也有可能约上）（10点开园有5次机会）
⚠大滑梯完全预约制！每时段2小时，约到排队，约不到不用排！全程下来半小时左右！滑的时候，工作人员让把帽子摘了怕飞出去，可以戴羽绒服上的帽子。建议戴耳罩、手套、口罩，滑的时候还是挺冷的
-
2️⃣摩天轮排队流程：
提前在冰雪大世界的GZH预约，也可以摩天轮现场进行预约，每个车厢里可以坐6～8个人，还是比较快的。（靠边坐，视野更好呦）晚上灯光亮起，夜景更美
-
3️⃣雪圈：
雪圈，大的100小的80玩一天，需要押💰100。（排队的时候可以坐在雪圈里面，边拉着玩边排队也挺有意思的）
#哈尔滨 #哈尔滨旅游 #哈尔滨旅游攻略 #雪乡 #冰雪大世界 #亚布力滑雪",266,275,5,https://www.xiaohongshu.com/explore/67908bf0000000001800a8a5?xsec_token=ABVkgH4Y3Lj62A-yS49yEZ3_aBd4_1h5a4N8tjptcdQH4=&xsec_source=pc_search&source=web_explore_feed,https://sns-webpic-qc.xhscdn.com/202502281013/972ffe04fc139fe8ae03fd09e0a916bc/1040g2sg31curaeb40m705posg427efhfn8gec88!nd_dft_wlteh_webp_3,我有十七斤攻略,,
哈尔滨冬季旅游注意事项（上）,"1、衣着：东北冬季旅游期间，全程所经过城市温度均较低，气温在 0℃至-20℃，有的地方可达-30℃以上。室内
外温差很大，衣着尽量宽松，便于穿戴；由于东北气候干燥，室内及旅游车多有暖气，所以室内感觉上并不冷，但
室内外温差在 50 度以上，外出参观时用围巾把口、鼻、脖子围起来，冷空气就不会刺激到呼吸器官，便不会轻
易患感冒或流鼻水。衣着方面既要考虑防寒保暖，又要考虑防滑（切记不能穿皮鞋，否则行动不便），以便于户
外冰雪地面行动。如果在当地购买不到或随身携带不方便，也可以选择在到达东北的第一站城市购买一些物美价
廉的适用品，当地可选择的质地及品种较多。
2、护肤：女士应自备润肤霜、润唇膏。要带些油性较大的香脂类护肤用品，防止皮肤粗糙，干裂，每天出门前都
要涂用一些护肤脂和润唇膏，护肤脂只用在脸上和手上即可。
3、护眼：北方冬季大多积雪厚重，雪的反光较大，出门需戴太阳镜，以保护眼睛。应准备一幅太阳镜，防止雪地
反射的太阳光刺伤眼睛。
4、防滑：在冰面或雪地上行走时，要记住“走路不要高抬脚，小步滑行跌不倒，双手不要插衣袋，跌倒也不出意
外” 。在冰雪上行走时，膝盖应微屈，身体的重心向前倾，这样就不易滑倒。
5、零食：由于气温较低，所需热量相应增加，可随身携带些巧克力或牛肉干等小包零食，以随时补充热量；在北
方寒冷干燥的地区，常常会感到口渴，因此建议您带一些润喉片以便在旅游途中使用。
6、药物：冬季的北方室内外温差较大，因此外出无论时间多长都要穿外套，扣好扣子或拉上拉链，戴好帽子或系
上围巾。进入房间或车内首先要打开外衣，把寒气散放出来；在室外活动，出了汗也不可解开外衣或摘下帽子让冷
风吹。如觉得酒店房间较热，可开窗子通通空气，但不宜过久，而且睡觉时一定要关上，以免感冒。除了一些
根据个人身体状况出门常备的药物外，感冒药也是东北之行的必备药品。
#哈尔滨旅游攻略  #哈尔滨  #哈尔滨旅行  #冬日旅行计划  #东北穿搭  #东北旅游  #东北虎林园  #南方小土豆勇闯哈尔滨  #南方小土豆勇闯东北  #南方小土豆在东北",8,6,评论,https://www.xiaohongshu.com/explore/672838d1000000001a01d7ac?xsec_token=AB9WBDhY2q-7WVgWf5nWCyCdOHXTGNj_o2yuNdI2-J5bc=&xsec_source=pc_search&source=web_explore_feed,https://sns-webpic-qc.xhscdn.com/202502281013/deebad21e8c7bd09189a429d779d31e7/spectrum/1040g34o319ov24i6ni0g5por6dbnc8ghcdp9060!nd_dft_wlteh_webp_3,爱旅游的婉儿,,
来哈尔滨回来的避坑 别住中央大街附近！！,"人生建议，选住宿不要选中央大街附近，除非你选在了地铁口附近！
	
因为🀄央大街是步行街，禁止车辆通行。对于来哈尔滨旅行的宝宝们来说根本不知道去哪能打到车。
就算打到车了，附近的路都很窄，车流量也很大，堵车能堵到怀疑人生！
	
而且附近的路（尤其是🀄央大街步行街）对行李箱特别不友好，平时那个面包石路面就会让行李箱颠个不停，要是赶上旺季人多的时候，行李箱都会被踩飞！
虽然导航会告诉你，下车点到住的地方步行5-10分钟，但实际走起来很难很难，冬季来就更绝望了！
	
住宿推荐：
首先选省博物馆周边，这里处于市区的🀄心区域，去哈西、🀄央大街、索菲亚、江北都很近；
主要是有2号、3号线两条地铁线相交，去🀄央大街只需要座两站；而且这里道路宽阔，离哈站也近，公交打车也很方便！
	
其次选择哈西附近，对于机场过来的伙伴或者哈西站下车的伙伴可以在哈西选择一些公寓或者大连锁，出行比较方便而且价格实惠；
	
用餐推荐：
哈尔滨的美食很多，但千万别去网红店；苍蝇馆子不是很好找，所以来哈尔滨就待2-3天的宝宝不要把时间浪费在去吃的路上；
	
推荐南岗松雷，因为离博物馆很近，步行3分钟就到了。主要是哈尔滨的两大百年本地菜“老厨家”“老仁义”都在这；
其中老厨家是东北锅包肉创始店，想吃正宗口的就来！
老仁义是清真菜课代表，菜码大的吓人；还有城限玉米说，哈尔滨自己的本地饮品品牌，原料用的也是东北玉米；
	
想吃烧烤/铁锅炖就去香坊区，馋嘴烧烤和众翔铁锅炖离得都不远！
	
#哈尔滨 #哈尔滨必吃 #哈尔滨美食推荐 #哈尔滨旅游攻略 #哈尔滨必去景点 #哈尔滨打卡 #哈尔滨好玩的地方 #哈尔滨美食必吃榜 #哈尔滨商场 #哈尔滨周末好去处 #哈尔滨必去景点 #哈尔滨情侣约会好去处 #哈尔滨拍照 #100家探店计划 #哈尔滨本地人 #哈尔滨吃喝玩乐 #南岗美食 #哈尔滨松雷 #松雷美食 #南岗松雷 #哈尔滨松雷商场",1125,1483,243,https://www.xiaohongshu.com/explore/66b5d502000000001e01e635?xsec_token=ABLidGqToD7qMBip3l_swsA-w9NcM1uyiF0ctK8XrZQA4=&xsec_source=pc_search&source=web_explore_feed,https://sns-webpic-qc.xhscdn.com/202502281013/35f517cb1f91cf015c6e54db1308aeee/1040g00831698fsk4go605offjes41i3tajon3q0!nd_dft_wlteh_webp_3,酸奶君探店,,
来哈尔滨前听点不一样的大实话吧...🥶🥶,"2-3月要来哈尔滨的姐妹们，出发前一定要做好攻略呀🤯，尔滨虽然好玩儿，但雷电⚡️也不少呀姐妹们🥶🥶
#哈尔滨 #哈尔滨旅游 #哈尔滨旅行 #哈尔滨旅游攻略#冰雪大世界 #旅游攻略#南方小土豆勇闯哈尔滨 #冰雪大世界攻略 #冬天玩雪好去处 #哈尔滨旅行攻略",235,230,53,https://www.xiaohongshu.com/explore/67a21dab0000000018006d0a?xsec_token=ABe5yDrHE0IlZbbrvQs7Zd-VwBm5RL61Ds82msUi9UOh4=&xsec_source=pc_search&source=web_explore_feed,https://sns-webpic-qc.xhscdn.com/202502281013/d4dbd05284575af8bc2321f2896f379b/notes_pre_post/1040g3k031dg06hg70k005ocohh641nhvhnun9u0!nd_dft_wlteh_webp_3,巧巧没有双下巴,,
哈尔滨已回，消费观一整个崩塌了……,"那些去过哈尔滨的，一个劲儿夸好玩，可有些“坑”却藏着不说。中央大街、雪乡，15块、20块一根的糖葫芦，雪乡一晚要价一两千的大炕，这价格，简直离大谱！红专街早市，东西价格看着亲民，可性价比实在不高，到处都能吃到的东西，实在没必要特意去打卡。
不过别愁，我整理了份哈尔滨出游攻略，希望能帮到打算去玩的朋友。
避坑要点：
住宿：选地铁沿线，出行便利还实惠。能用软件叫车，就别坐出租车，有些司机会热情揽客，各种推荐，一不留神就掉进坑里。
早市：红专街早市真没必要去，道里菜市场更值得逛。像尹胖子炸糕，道里菜市场也有，早市结束后还能买到，不用早起就能享受美食。
衣物：不用带太多，一两套保暖又合适的就行。到哈尔滨要是觉得冷，直接去索菲亚大教堂旁的建设路鞋城或衣彬之家服装城，买完就能顺路逛周边景点。
美食：中央大街附近的嘉铭烧烤味道很棒，大众点评评分高的店基本不会踩雷，放心去尝。
红肠：中央大街的烤红肠别吃，道里菜市场红肠种类多、价格合理。想邮寄回家，也能去秋林奋斗副食购买。
购物：红肠、马迭尔冰棍这类，城区买比机场划算太多。中央大街5块的冰棍，机场卖20块；道里菜市场30多的红肠，机场能涨到50多。
保暖：羽绒服要够长，帽子、手套不能少。手套选防水又能触控的，方便玩雪拍照。袜子穿长筒，雪地靴选中筒，矮筒容易灌雪，冻得受不了。
手机：户外手机耗电快，记得一直连着充电宝，不然很容易关机。
妆容：哈尔滨室内外温差大，皮肤爱出油脱妆，一定要做好定妆，不然一个不小心，妆就蹭衣服上了。
小tips：第一次去哈尔滨，尤其和家人、朋友一起的，报个当地纯玩团很省心。吃、住、行和门票都安排妥当，还赠送雪上项目。我去年跟的领队超赞，能根据行程和预算，安排围炉煮茶、堆雪人、体验东北泼水成冰、吃铁锅炖、滑雪等项目，我今年冬天还想再去！
对了，二月的哈尔滨性价比超高，可惜我没赶上。听说现在雪乡大炕降价了，冰雪大世界今年预计开放到21、22号。天气暖和些，对老人、孩子和体质弱的人很友好。还听说16号、28号还有雪，这段时间去的人太幸运，能赏美景又不用遭极寒之罪，赶紧安排起来吧！
	
#哈尔滨旅行 #雪乡 #哈尔滨旅游攻略 #旅游攻略 #哈尔滨拍照 #哈尔滨跟团游 #跟团游",25,16,12,https://www.xiaohongshu.com/explore/67b0718b0000000018011ad4?xsec_token=ABejasOV8JGYUjV6KI1Ml43KzaW3akN1MLf7C79M4pDeI=&xsec_source=pc_search&source=web_explore_feed,https://sns-webpic-qc.xhscdn.com/202502281013/2bb8bf59d3dae56972caa0e24c780b05/1040g00831du03bgm0s6g5ps7bgu23bl0re4b9u8!nd_dft_wlteh_webp_3,小肉喵,,
哈尔滨不会再来了 狠狠痛到了,"首先最让我破防的是滴滴打车的哈尔滨出租车司机们，从落地到游玩两天期间打的每一单车，碰到的每一个司机都把宰客写在了脸上，预估价25块的单绕路绕到53块，别说是个例。就算我运气再差遇到一两个这样的司机我也就自认倒霉了，但这显然是普遍现象，真心希望哈尔滨文旅这方面作为一点不然特别败好感。
其次是这里每一个景区中央大街冰雪大世界索非亚教堂甚至松花江大桥….都有个路热情推销，本来以为是热心肠大哥大姐 结果反手就掏出预售小商品项目让你付款码。这一方面倒是能理解 景区是这样的，但是一次两次三次 每一次 ，泛滥成灾了。
还有为什么不打投诉电话那么生气，因为惩罚看起来确实严重，但一方面大环境影响 ，整顿一两个并不能解决只是让被惩罚的个例受苦，并没有想做那么绝对只是发泄一下不满，能体谅但是感受真的很不好。仅此代表我真实体验，当然冰雪大世界冰雕还是很漂亮的，景点有些地方看看也确实值得，但是旅游体验这块还是很差让我颠覆了对北三省的认知，热情帮助是需要付费的。哈尔滨管管吧，去了几个地方 哈尔滨的人文体验最差，旅游全是人这ok但是别掉钱眼里了，服务是没有的，钱是不断加加加加到厌倦。",2,收藏,4,https://www.xiaohongshu.com/explore/678a2467000000001b00a954?xsec_token=AB-okGla_ApI7SC6LPDESYYVWtEZIXUnKhGXn_FFhTCDo=&xsec_source=pc_search&source=web_explore_feed,https://sns-webpic-qc.xhscdn.com/202502281013/117331bebbb286dd62854d390774e2ab/1040g00831coj5vncgu005o44nmb08mjf068jc20!nd_dft_wlteh_webp_3,kikoin,,
2025🤠哈尔滨定制包车自由行攻略🚥,"哈尔滨是一座充满魅力的城市🌆，无论是冬季的冰雪童话，还是夏季的避暑胜地，都值得一游❗️如果你想自由自在地探索🫅哈尔滨，🛻包车无疑是最佳选择
	
👇以下是详细的包车自由行攻略，帮你避坑、玩转哈尔滨！
1️⃣为什么选择包车🚌❓
- 自由灵活：不用跟团走固定路线，可以根据自己的喜好安排行程
- 舒适便捷：全程专车🚘服务，避免公共交通的拥挤和不便
- 深度游玩：❌不走马观花，可以尽情享受每个景点的魅力
- 私密安全：一单一车，全程专业司机陪同，安全有保障。
2️⃣包车注意事项
选择正规服务🙋
- 资质和口碑：选择正规车队或旅行社，查看其资质
- 签订合同：明确行程、费用、双方权利和义务，避免纠纷
- 沟通细节：提前确定好行程路线、景点停留时间等细节。
⬆️车型选择
- 1-3人：5座轿车或SUV，舒适又经济
- 4-6人：7座商务车，空间宽敞。
- 7人以上：9座或以上车辆
- 选择无隐形消费、❌无购物环节的服务确保全程收费透明。
⛪️哈尔滨必打卡景点🫧
圣索菲亚大教堂
- 哈尔滨的地标建筑，白天和夜晚都超适合拍照，随手一拍就是大片
	
🚆松花江铁路大桥
- 🌆傍晚时分，等一场橘子海日落拍照绝美
	
🪢中央大街
- 百年历史的欧洲风情步行街，充满浪漫与艺术气息
	
☃️冰雪大世界（冬季 夏季为室内冰雪馆）
- 冬季来哈尔滨必去的冰雪乐园⛄️感受梦幻般的冰雪世界
	
太阳岛公园⛲️
- 夏季避暑胜地，风景优美，适合休闲放松
	
4️⃣包车行程推荐
- Day 1:圣索菲亚大教堂 → 中央大街 → 松花江铁路大桥（日落）
- Day 2:太阳岛（夏季）或冰雪大世界（冬季 夏天为室内冰雪馆） → 哈尔滨极地馆
- Day 3:巴洛克文化街 → 伏尔加庄园 → 哈尔滨大剧院
	
5️⃣包车服务优势🌟
- 24小时管家服务：全程贴心服务，30分钟内解决任何问题
- 专业司机：本地司机带玩，熟悉路线和景点，安全可靠
- 定制行程：根据你的需求定制专属行程，灵活自由
- 多种车型：轿车、SUV、商务车等多种车型可选，满足不同需求
- 无隐形消费：全程透明收费，无购物环节，放心游玩
	
哈尔滨是一座四季皆美的城市🌈 快来定制你的哈尔滨包车自由行 体验这座城市的魅力
	
#哈尔滨 #哈尔滨旅行 #东北包车 #伊春 #哈尔滨包车 #冰雪大世界",1,2,5,https://www.xiaohongshu.com/explore/67aea8b30000000018004264?xsec_token=ABLgChoe2R5sQJ1bbRMSTo7TE54ecKj73GVuOHjoAOB-w=&xsec_source=pc_search&source=web_explore_feed,https://sns-webpic-qc.xhscdn.com/202502281013/2b76ba801e896d9ef41180e6bc7f5994/notes_pre_post/1040g3k031ds8amsq0m005o2uj84g96c93ttsul8!nd_dft_wlteh_webp_3,用心x,,
不要跟风去哈尔滨❗除非你看过我这篇🔥,"姐妹们！刚从哈尔滨回来，整理了一份超全攻略，交通、避坑、注意事项全都有，赶紧码住！👇
	
---
	
🚗 交通指南
🕹️机场到市区
- 机场大巴：20r/人，直达中央大街，经济实惠。
- 打车：约120r，记得打正规出租车或网约车。
	
🕹️市内交通
- 地铁：覆盖主要景点，便宜又方便。
- 公交：票价1-2r，但冬天等车有点冷。
- 打车：起步价8r，但冰雪路面容易堵车。
	
🕹️冰雪大世界交通
- 景区大巴：中央大街附近有直达车，往返很方便。
- 回程打车：提前预约，避免被黑车宰客。
	
---
⚠️ 注意事项
🔥保暖装备
- 羽绒服、保暖内衣、围巾、帽子、手套一个都不能少！
- 暖宝宝多带点，手机也需要贴，低温容易关机。
	
🔥防滑措施
- 一定要穿防滑鞋，冰雪路面超级滑。
- 走路小心，尤其是上下台阶。
	
🔥保湿护肤
- 室内外温差大，皮肤容易干，带好保湿面霜和润唇膏。
	
---
	
🚫 避坑建议
1. 景点避坑
- 冰雪大世界门票提前网上买，现场排队人超多。
- 太阳岛雪博会和冰雪大世界二选一就行，景色类似。
	
2. 美食避坑
- 锅包肉别在景区吃，贵还不一定正宗
- 红肠认准“秋林里道斯”或“哈肉联”，路边小店容易踩雷。
	
3. 购物避坑
- 中央大街的俄罗斯商品店很多是国产货，别被忽悠。
- 买纪念品记得砍价，尤其是套娃、围巾之类的。
	
---
	
🌟 小贴士
- 热门景点和餐厅建议提前yu约，避免排队浪费时间。
- 晚上去冰雪大世界记得早点回，打车难且贵。
	
---
	
哈尔滨真的超美，只要做好攻略，祝宝们能玩得开心！❄️
	
#赴一场冬日的冰雪之约 #南方人去北方旅游 #哈尔滨 #哈尔滨旅游攻略 #哈尔滨旅行 #避坑指南 #冰雪大世界 #索菲亚教堂 #中央大街 #尔滨果然是一点就透",17,25,8,https://www.xiaohongshu.com/explore/67b3053f000000002900c2d6?xsec_token=AB7ssgT-_LuacMgURsNqPOmQ1ktjvsFJbPsU0qAS-XZso=&xsec_source=pc_search&source=web_explore_feed,https://sns-webpic-qc.xhscdn.com/202502281013/48c67d654e0895925624f82949955476/1040g00831e0gk7800s605nvieqfg86lgut5i5pg!nd_dft_wlteh_webp_3,桃桃小探员,,
已被宰‼真心提醒去哈尔滨的姐妹😭,"1-23月计划去哈尔滨的姐妹们，看看这份不绕路版哈尔滨旅游攻略吧！
分享给大家这篇攻略，对大家有用的话希望可以点❤➕收🌟
👉游玩顺序✅景点详细➕交通✅住宿✅ 全！都！🈶‼
❄哈尔滨出行方式❄ 🔺飞机✈：哈尔滨太平国际机场
1⃣机场大巴1线：机场-民航大厦，7：30-国内航班结束
2⃣机场2线：机场一会展中心，9:40-19:10
3⃣机场3线：机场一太平桥，10:00-19:30
4⃣机场4线：机场一松北区学院，每日两班9：00/13:50发车
🔺🚄火车/高铁：哈尔滨站、哈尔滨东站、哈尔滨西站、哈尔滨北站
1⃣哈尔滨站一市区：地铁2号线20分钟
2⃣哈尔滨东站一市区：地铁1号线转2号线40分钟
3⃣哈尔滨西站一市区：位干哈大万达广场附近，地铁3号线转2号线54分钟
4⃣哈尔滨北站一市区：位于松北镇，地铁2号线43分钟
❄哈尔滨住宿❄
🏘住宿指南： 🔺哈尔滨市区：住在中央大街附近，出行很方便，酒店的选择也非常多！
🔺雪乡住宿：住在雪乡里面或者雪韵大街周边（11🈷-次年2🈷是哈尔滨旅游旺季，雪乡住宿一定要提前预定哦）
🔺亚布力住宿：要去滑雪的可以在亚布力住一晚
❄出游准备❄
🔸衣物：加绒羽绒服+保暖内衣，裤子尽量防水，鞋子推荐雪地靴(鞋底纹路要深一点，防滑)
🔸配件：防风镜、墨镜、暖宝宝、手套、围巾和帽子建议带着，以防水为佳
🔸护肤品：润唇膏、高保湿面霜、面膜、防晒霜等
🔸其他：带个热水杯，不仅能喝热水还能玩泼水成冰
❄哈尔滨美食❄
⚪哈尔滨红肠：味道醇厚，香气扑鼻
⚪马迭尔冰棍：经典美味，奶味十足
⚪延吉冷面：清爽可口，非常适合冬天
⚪长白山温泉煮鸡蛋：别有一番风味
⚪铁锅炖鱼：热气腾腾，美味无比
✅旅游自由行or跟团游怎么选？
✔自由行：如果出行人少，或者对哈尔滨很熟悉/来过很多次，可以选择自由行。前提是提前规划好路线，定好酒店
✔跟团定制游：家庭出行，团体出行可以考虑。无需做攻略，无需担心衣食住行，带上人跟着玩就好了！
﻿#哈尔滨﻿ ﻿#哈尔滨旅游﻿ ﻿#哈尔滨旅游攻略﻿ ﻿#哈尔滨吃喝玩乐攻略﻿ ﻿#中央大街﻿",209,277,15,https://www.xiaohongshu.com/explore/678f64cd000000001902e685?xsec_token=ABzu21OQQhL-niaeOUqZ5UB4Wtec45VRsZO4Av3DvPYGg=&xsec_source=pc_search&source=web_explore_feed,https://sns-webpic-qc.xhscdn.com/202502281013/2d72213524ea407dabf3e0297866b4bc/spectrum/1040g34o31ctn0plp120g5pbqd50o5q29lql6rqo!nd_dft_wlteh_webp_3,开心豆射手,,
东北旅游景点真实鄙视链🔥（真实版）,"2-3月去东北旅游的姐妹们一定要看！！！超荃游玩景点和攻略全给大家整理好啦～干货满满，🐎住不亏🌷（哈尔滨玩完还不过瘾可以去周边玩玩呀～雪量更大更有北国风光的感觉🧐）
-ㅤ
💞出行准备（直接照着带）
﻿1️⃣证件类：身份证、学生证（冰雪大世界、太阳岛、东北虎林园等景区都有悠惠）
﻿2️⃣电器类：手机、充电宝、充电线、耳机、相机、自拍杆
﻿3️⃣生活用品：洗漱用品、化妆品、护肤品、一次性毛巾等、暖宝宝（脚冷用的上）
﻿4️⃣药品类：晕车药（坐🚗时间还是蛮长的）、创可贴、肠胃药、过敏药
﻿5️⃣保湿：润唇膏、保湿霜、身体乳等必需品，东北那边还是挺干燥的，早晚涂一下
	
-
	
🏠住宿建议
①中央大街附近:这边是市区的繁华地带，公共交通方便，去哈尔滨其他市内景点最方便，机场大巴3号线可以直达，还可以去斯大林公园滑冰
②防洪纪念碑附近:这是冰雪大世界的客运班车终点站，交通方便
③雪乡:雪乡里面一定要至少提前半个月预约，尤其旺季，人很多，雪韵大街周边都是不错的选择
④亚布力:想要滑雪可以去亚布力住一晚，那边很多温泉酒店，可以一边看雪边泡温泉ㅤ
-
⚠️注意事项
👋一定要带上润肤霜，天气很干燥脸会泛红痛
👋雪乡的门票可以两天之内无限次数进入雪乡，不要买重复
👋哈尔滨冬天天黑的早，一般下午4点左右
👋雪乡有卖绑在鞋底的铁做的东西，防滑的，建议买一个大街上的雪被踩的很滑，摔倒就不好了
👋 :长白山是高海拔地区，天气多变，景区会当天通知开放情况。如果要去看天池一定要提前了解，否则可能白跑一趟。
👋长白山关闭分为:景区全部关闭和主峰关闭。如只是主峰关闭，不影响景区内其他景点游览。
👋旅游旺季来长白山，门票一定要提前1-2天约好，长白山不能现场买票，进景区要刷身份证，注意长白山七天内同一坡不能重复购买，买票结账时一定要看清楚价格，可能会有捆绑。
#哈尔滨旅游攻略 #冰雪大世界 #哈尔滨旅行 #哈尔滨旅行 #亚布力滑雪 #南方人去北方旅游 #哈尔滨 #东北旅游 #东北旅游攻略#新年旅行第一站",147,124,7,https://www.xiaohongshu.com/explore/67a70d01000000001800e128?xsec_token=ABOoy-qneVUltTdffph7u3CIQW7MKypEFjVft3lMntVZM=&xsec_source=pc_search&source=web_explore_feed,https://sns-webpic-qc.xhscdn.com/202502281013/4e8666f57bfa21b8b9c6716bf9fbffc3/notes_pre_post/1040g3k031dkqce9ogm005pq6huandhukfqumi9g!nd_dft_wlteh_webp_3,芋圆旅行日记,,
听劝！哈尔滨旅游必须知道的保命安全知识！,﻿#哈尔滨﻿ ﻿#哈尔滨旅行﻿ ﻿#哈尔滨旅游﻿ ﻿#哈尔滨旅行推荐﻿ ﻿#哈尔滨旅游攻略﻿,6,4,评论,https://www.xiaohongshu.com/explore/6773cb250000000009014da7?xsec_token=ABHnkpgbM8ijx4M1AMDLKj_8mLoHhj3Zi9PErcwL8oanQ=&xsec_source=pc_search&source=web_explore_feed,,小洋环游记,,
刚从哈尔滨回来，不知道当讲不当讲！,"刚从哈尔滨回来 有些话不知道该不该说！
1、哈尔滨真的很冷很冷❄️❄️❄️！记得一定要带厚羽绒服！手套🧤、耳套、雪地靴（强烈建议）!
2、室内外温差大，戴眼镜👓的话，进屋会起雾看不清，建议佩戴隐形眼镜。室内供暖很好，睡衣不用带太厚的，不然进屋不方便脱。
3、哈尔滨机场到市区没有地铁，可以坐机场大巴，20元/人。
4、中央大街从南向北走更好，建议下午去，走到江边差不多就是日落🌄时间，会欣赏到绝美风景。
5、道里菜市场(伴手礼性价比高) 就在索菲亚教堂旁边，里面很多好吃的小吃，缺点是排队时间长。
6、东北早市价格比其他地方要低一些，没体验过的可以去感受一下早市氛围，但没有必要排长队买网红食品。
7、室外温度很低，建议给手机准备一个暖宝宝。寒冷天气，手机📱、相机📷等电器会出现虚电或断电现象，提前备好移动电源，避免没电关机了。
8、东北比较干燥，身体乳 、护手霜 、补水面膜、唇膏 💄都要备好。
9、除了东北菜、东北烧烤和铁锅炖，烤冷面、东北麻辣烫、东北水饺、熏酱等也不错哟。马迭尔冰棍5元/支，格瓦斯买现打的更好喝。
10、伏尔加庄园离市中心略远，不爱拍照可以不去，这里主要是拍照出片。#哈尔滨旅游攻略 #东北旅游 #雪乡大雪谷 #哈尔滨吃喝玩乐攻略 #尔滨穿搭",1,1,评论,https://www.xiaohongshu.com/explore/673ae0300000000008004976?xsec_token=ABeVP-LZfgCcCPGZg93JmF_629VV5m0_mJak9MH6eowL8=&xsec_source=pc_search&source=web_explore_feed,https://sns-webpic-qc.xhscdn.com/202502281014/10b5c2d3f1741ea836bbbb62717a3b4e/1040g00831ab89v2hng005o67prqg99sejirpf6o!nd_dft_wlteh_webp_3,是静静呀,,
冬季去哈尔滨逛吃❗️听本地人的😎,"来哈尔滨吃什么，去哪里逛逛买买❗️不明白的姐妹快看过来❗️
	
✔️保暖措施 🧥：哈尔滨冬季气温极低，务必穿戴足够的保暖衣物，包括保暖内衣、羽绒服、防风保暖裤、雪地靴、手套等。
	
✔️防寒装备 🧤：建议go买带绳子的帽子，以防耳朵受冻。同时，由于低温下手机容易没电，需要准备一个充电宝。
	
✔️穿着建议 👚：不要穿白色衣服，拍照时可能会找不到人；选择鲜艳的颜色，更出片。
	
✔️相机保暖 📷：专业相机在低温下可能会冻得开不了快门，注意机器的保暖。
	
✔️防滑防摔 👢：冬季路面结冰，建议穿雪地防滑棉鞋或球鞋，避免穿皮鞋，以免滑倒。
	
✔️健康防护 💊：东北室内外温差大，容易感冒，建议带上感冒💊等常用💊品。
	
✔️护肤准备 🧴：气候干燥寒冷，建议携带润唇膏、护手霜等护肤品。
	
✔️电子设备保护 🔋：手机、相机等电子设备在低温下可能会快速放电，记得带好充电宝，并在户外拍摄后及时将设备保暖。
	
✔️行程规划 🗓️：哈尔滨冬季白天时间短，大约从7:30到16:30，商场晚上20:30关门，公交车19:00左右停运，出行要趁早。
	
✔️An全意识 🛡️：冬季北方路多有冰雪，路面较滑，行动不便，注意An全。
	
✔️证件携带 🆔：出游时要随身带备有效证件如身份证、学生证等，以备不时之需。
	
✔️饮食注意 🍽️：哈尔滨美食丰富，但冬季寒冷，建议适量携带高能量食品，补充体力。#东北人 #东北吃喝玩乐 #南方人到北方旅游 #东北旅游 #东北旅行 #哈尔滨 #东北 #哈尔滨旅行 #哈尔滨旅游攻略 #哈尔滨旅游",1451,1057,70,https://www.xiaohongshu.com/explore/673b28fa0000000007039f6d?xsec_token=ABFkL1Oo8YXnBe976GpE20qRBiIkanFIhAGMJDikdSeW8=&xsec_source=pc_search&source=web_explore_feed,https://sns-webpic-qc.xhscdn.com/202502281014/afa8b58892f07f79dc3e76af81339789/1040g2sg31aa6lpmone405pob92cjckctcf755n8!nd_dft_wlteh_webp_3,小淇爱吃东北铁锅炖大鹅,,
去哈尔滨后悔没带的东西（已回反思),"1️⃣ 隐形眼镜润滑液，这次出行戴日抛，但是没想到哈尔滨干燥，室外干室内也干！到让日抛都有些扛不住
2️⃣一双运动鞋，我们在哈尔滨玩完去了雪乡，长白山等地方，这些地方路程远，在车上呆的时间比较长，穿运动鞋比穿雪地靴舒服多了～
3️⃣ 护发素及护发精油，很多酒店都基本没有，我头发本来就因为烫染受伤了，在哈尔滨洗完头发明显干涩，而且戴毛茸茸的帽子还会静电，把帽子摘下来头发四处飘散😅比较推荐那种一小颗一小颗的水光护发素，很方便，洗完头发非常润，然后还带了摩洛哥护发精油，头发吹半干时候涂一些摸匀再吹干头发就不干涩了
4️⃣ 便携加湿器，可以放酒店，酒店真的太需要一款加湿器了，太热了，热的发干，每天早晨起来都干的嘴唇👄都裂开了😵
5️⃣夏季睡衣，还是那句话太热了，不穿夏季衣服根本睡不着！开窗户又太冷了……
6️⃣保温杯，在哈尔滨甚至整个东北都没有卖水的，毕竟这么冷的天，拿出去就结冰了，所以一定要随身带一个保温杯，冷了喝一口热水♨️
7️⃣纸巾🧻，出门一定要带上，哈尔滨饭店不提供纸巾😮‍💨，吃饭能用到，上厕所也能用到
8️⃣ 眼罩，那种不加热的眼罩，车上可以睡觉用，可以坐车好好的休息休息
9️⃣暖宝宝，听了有些博主的鬼话🤥，说现在用不到暖宝宝了，但是在雪乡，长白山我恨不得把身上全部贴上暖宝宝，太冷啦🥶
🔟充电宝，其实我带了充电宝，但是一个根本不够用！太冷了，手机没拍几张照就没电了🪫，需要一直插着充电宝才行！一定要多准备几个充电宝！
⚠️tips
蕞后说说我们找的一个当地纯玩小团吧，因为我们要去雪乡和长白山，所以找个一个六人行的小团，领队就是司机，开车带我们一路玩，随玩随停，领队人还挺不错，帮我们拍照，砍价还和我们说哪里有坑～我们団所有人都感觉挺不错的呢～下次来玩该找他～
哈尔滨 哈尔滨旅行 哈尔滨旅游 哈尔滨旅游攻略 雪乡 长白山 漠河 冰雪大世界 哈尔滨美食",319,286,43,https://www.xiaohongshu.com/explore/67a72582000000002903b6aa?xsec_token=ABOoy-qneVUltTdffph7u3CC89wM5AWiEx9BB-NEp-E9Q=&xsec_source=pc_search&source=web_explore_feed,https://sns-webpic-qc.xhscdn.com/202502281014/483b951fc74bd222ca38e84be78b10f4/1040g2sg31dktibhih6605psq6mginv4qktugf0g!nd_dft_wlteh_webp_3,φ,,
春节来哈尔滨一定要知道的10件注意事项！,#哈尔滨春节 #哈尔滨避坑 #哈尔滨避坑攻略 #春节 #春节去哪 #这个冬天一定要去东北 #哈尔滨 #哈尔滨冬季旅游攻略 #哈尔滨旅游 #哈尔滨旅游攻略,32,29,评论,https://www.xiaohongshu.com/explore/679d4d9400000000180127fd?xsec_token=ABbCWQELYpUIO2h2XGn1zhumy64x1KgqCxY5XZwrjehQs=&xsec_source=pc_search&source=web_explore_feed,,佳佳哈尔滨旅行攻略,,
哈尔滨会惩罚每一个不提前预约的懒人😭,"✨宝子们，哈尔滨真的太值得来啦！整理了一份攻略，快来码住👇
	
🎒【行前准备】
🧥衣物：厚羽绒服、保暖内衣、围巾、帽子、手套、雪地靴等
📷相机：记录美景
🧴其他：太阳镜、防晒霜、保湿护肤品、暖宝宝
🏠住宿
推荐住在中央大街附近，出行方便，酒店民宿选择多，晚上还能看夜景。
	
🍜美食
锅包肉：酸甜酥脆，超好吃！
铁锅炖：炖鱼、炖鸡都不错，还能加各种配菜。
红肠：秋林里道斯、哈肉联的都很有名，可以买点带回家。
	
🚗交通
✈飞机：哈尔滨太平国际机场，有机场大巴、网约车等前往市区
🚄火车：哈尔滨站在市中心，哈尔滨西站车次多
🚇市内坐地铁、公交基本能到各个景点，也可以打车，不过冬天路滑，注意安全。
	
宝子们，哈尔滨真的值得一去，快带上这份攻略出发吧！
#哈尔滨旅游 #冰雪之旅 #南方人去北方旅游 #总要去北方看一次雪 #下雪去哪玩 #适合冬天去旅游的城市 #哈尔滨 #好想去东北 #这就是东北冬天的浪漫吧 #本地人做的攻略",3946,4934,66,https://www.xiaohongshu.com/explore/677a6c960000000013000fbd?xsec_token=AB1Fr0gfN9vWQ7Xe2lNW73I3yC8ybyZN0f52TOdJOnO3c=&xsec_source=pc_search&source=web_explore_feed,https://sns-webpic-qc.xhscdn.com/202502281014/ee3e414fb75e492d30631810e14c1ff7/1040g2sg31c97vutvgc705nqm37c08f0hfiit138!nd_dft_wlteh_webp_3,板栗🌰（攻略版）,,
哈尔滨旅游回来了……别再听xhs乱说了🥲,"从哈尔滨回来了之后真的感觉xhs上一些乱七八糟的攻略有点难评……但凡看到每一条给你推荐红专早市的全部左滑退出！！
.
👉过来人建议……
1️⃣红专街早市避大雷！！各种乱七八糟的早点，哪里都可以吃到，而且价格贵到离谱，2r一代的茉莉豆浆在这里身价翻倍卖10块！！我看到底谁还给南方小土豆推荐！
.
2️⃣哈尔滨很多早市，不一定要去红专街，想要买特产就去道里菜市场，哈尔滨的各种特色都能买到，而且室内暖和，也不用人挤人，更有东北的特色（白桦树汁18一个别喝😅😅，别问我咋知道的）
.
3️⃣哈尔滨市区完全可以自由行，报不报团都可以。如果后续想要去雪乡/横道河子/亚布力这一块才建议报团，时间来得及的话可以预留一天时间走伏尔加庄园，去看哈尔滨版的迪士尼乐园……
.
4️⃣哈尔滨市区其实2天就足够了，大部分经典打卡的地方都能去到；后续要去亚布力雪乡或者漠河可以安排5-7天的行程，如果走漠河记得提前（15天）抢卧铺的票，不然19个小时硬座太难扛了
👉推荐路线
Day1：道里菜市场➡️中央大街-圣索菲亚教堂➡️巴洛克风情街➡️音乐长廊看雪人
Day2：太阳岛➡️松花江索道➡️冰雪大世界/澜亭水汇搓澡
.
5️⃣冰雪大世界12月中下旬才会开放，早了去看不到噢。下午三点出发去冰雪大世界，4点之前进园，就能看到白天的冰雪大世界，4点40天黑的时候你还能看到夜景，拍照记得给自己的手机贴个暖宝宝
.
⚠️注意事项⚠️
‼️保暖：12月-2月左右室外温度零下二三十度，加上小雪刮风，人在室外最多待30min，需要到室内回暖一会
‼️穿衣：保暖内衣+高领毛衣+羽绒外套+围巾，厚裤袜+雪地靴+帽子+手套，裹严实
.
D1：全国各地-哈尔滨集合
D2：哈尔滨-横道河子-二浪河
D3：二浪河-雪地游玩-雪乡
D4：雪乡-镜泊湖野趣冬捕-冰上活动-二道白河
D5：长白山景区-寒地温泉-二道白河
D6：二道白河-雾凇漂流-朝鲜民俗园-网红弹幕墙-美食街-延吉市
👉👉关于我们
✌️半自由行行程，专属定制师规划出游方案
🉑行程根据需求微调，支持散拼/私家小团
🙋24小时随时随地提供耐心管家式服务
☃️精选景点，雪景酒店，高端品质
-
其他东北🔥热门路线、定制、报团、包车等
👋苹论/丝信『人数+时间』即🉑领取详情#哈尔滨旅行 #东北 #长白山旅行 #长白山",1079,1497,36,https://www.xiaohongshu.com/explore/6781cd7b000000001703c596?xsec_token=ABXvMTjWfDGnWXyziZwtWYQuPD65dyyCATHgAM_cVyU9o=&xsec_source=pc_search&source=web_explore_feed,https://sns-webpic-qc.xhscdn.com/202502281014/f4246bd324cde2faa84f8630c7ef29ff/notes_pre_post/1040g3k831cgeiauegm705pnh95jnc71dtf6coro!nd_dft_wlteh_webp_3,Seven旅行-野奢定制,,
劝大家去哈尔滨不要带长款羽绒服，因为...,"看网上穿搭攻略都在说东北很冷建议穿长款羽绒服，但是超长羽绒服在外真的不方便。哈哈哈哈尤其是上厕所真的好麻烦！！东北有些厕所真的很难下脚，地也很滑，蹲下去的时候还得顾着大衣不要碰到地板，还是带短款羽绒服或者皮草更方便！！！
✅穿衣指南
1⃣最里面穿一件纯棉的保暖背心（吸汗透气）
2⃣背心外面套纯棉的秋衣秋裤
3⃣秋衣秋裤外面穿夹棉的保暖套装
4⃣裤子最外面再穿一件防水的羽绒裤
5⃣保暖套装外面再穿一件摇粒绒内胆
6⃣摇粒绒外面再穿一件白鸭绒的内胆（洋葱式穿衣法，根据自身情况适当增减哦！我比较怕冷🥶）
7⃣最外面穿羽绒服或者棉服都可以 （外套可以多带两件）
8⃣加厚的帽子（帽子可以多带两顶不同的款式拍照好看 ）
9⃣加厚的口罩（一定要准备2个以上，戴一天下来又是鼻涕又是口水，又湿又臭，有时候白天就湿了，一定要准备2个以上换洗）
鞋子:一定要带防滑的雪地靴，雪地比较滑，不然走路经常摔，我闺蜜走路经常要扶着走，哈哈哈哈哈，还最好还有防水的，在玩雪的时候，鞋会有点湿，
1.雪地靴防水
2.防滑
3.毛里，有毛的比较暖(脚暖了身体就会暖)
4.靴里面放一贴发热鞋垫
5.袜子要长袜(玩雪的时候雪会进入靴子里面，除非你不玩学不跳雪堆里)
⚠注意事项：
雪反光很刺眼的，一定要准备太阳镜或者雪镜呀，不然看久了容易雪盲，可难受了
- 戴隐形眼镜的宝子，落地后就把它放酒店，放包里带着容易结冰呢
.
✅劝各位姐妹，无论是打算跟团还是自由行，都记得提前把行程确定好，因为自由行需要的精力更多，我们就抱了一个当地纯玩，避了很多坑，真的还蛮轻松滴。去之前做了很多攻略，好多人避雷，让我们一度怀疑哈尔滨到底值不值得去，但玩下来真的很开心，风景美到让人难忘，希望去玩的小伙伴都能玩好～
#哈尔滨 #哈尔滨旅游#冬天就要去东北#冬日旅行收藏夹 #长款羽绒服#冬季保暖装备",293,177,4,https://www.xiaohongshu.com/explore/676d4d39000000000b00f4b7?xsec_token=AB5S4ThkqHl9pD5n5oLFTS6Zvon6Z1KQ4lLg5oRaVIvX0=&xsec_source=pc_search&source=web_explore_feed,https://sns-webpic-qc.xhscdn.com/202502281014/6d98012ca22d87b2ea0e4a347056cfcb/notes_pre_post/1040g3k831bsdol7f0s205nhl9hcg82p6qqltei0!nd_dft_wlteh_webp_3,讨厌吃香蕉,,
J人好恐怖啊…做的哈尔滨攻略震撼我了😅,"和j人朋友一起旅游的幸福感💗谁懂？ 啥都不需要操心😭攻略做的明明白白我只需要带上人就好了哈哈哈哈哈
-
✅市区内必玩
🎀中央大街
🎀索菲亚教堂夜景（白天拍写真）
🎀松花江边江上活动
🎀群力音乐广场（网红大雪人在这儿）
🎀巴洛克风情街（今年刚刚恢复面包方石路，要去哦）
🎀冰雪大世界（再不去雪都要化啦~~）
🎀太阳岛雪博会
🎀东北虎林园（看看网红二埋汰）
🎀极地馆逃学企业（12月20日后能有表演）
🎀哈工大航天馆（遛娃好地方）
-
🍽️美食：
1️⃣马迭尔雪糕
2️⃣完达山烟囱面包
3️⃣秋林商委哈尔滨红肠
4️⃣老昌春饼
5️⃣前宏吉之味砂锅面
6️⃣不起眼炸串
7️⃣老味烧烤
8️⃣胖姐快餐（东北盒饭）
9️⃣东北黏糊麻辣烫
·
⚠️衣物tips：
能穿多厚穿多厚‼️12-2月的哈尔滨冷到你无法想象🥶
秋裤秋衣棉裤，长款羽绒服和雪地靴必备
帽子耳罩手套高筒袜一个都不能少‼️
﻿#哈尔滨﻿ ﻿#哈尔滨冰雪大世界﻿ ﻿#哈尔滨旅游攻略﻿ ﻿#哈尔滨吃喝玩乐攻略﻿ ﻿#旅游攻略﻿ ﻿#冰雪大世界﻿ ﻿#哈尔滨旅游﻿ ﻿#中央大街﻿ ﻿#不早起旅行日记﻿ ﻿#新年旅行第一站﻿",3548,3318,191,https://www.xiaohongshu.com/explore/67a5c9c80000000029014665?xsec_token=ABjm2TazVu885kDADUYcTR53CCGkUiof9ph4z3UE2bcyw=&xsec_source=pc_search&source=web_explore_feed,https://sns-webpic-qc.xhscdn.com/202502281014/6e41097c17797f5b855ecc4b7bd7017f/spectrum/1040g0k031djingjsh2005pq6h6d7dk6ncm7c56o!nd_dft_wlteh_webp_3,奶酪出行日记,,
哈尔滨之行·出行篇,"落地哈尔滨太平机场，去市区只有两种方式打车或者是大巴，我们打的网约车相对划算，有固定的网约车打车点，没有地铁直达。哈尔滨只有市区有三条地铁，各个景点都能到，出行也还算方便。
除了侵华日军第731部队遗址和伏尔加庄园稍微较远以外，其他地方打车都挺方便的，而且距离不远，所以车费也不贵，我们是都选择了打车，因为不想走路，逛景点就够逛了。
重点：去机场有两种方案
方案一：坐大巴，虽然不是很方便，但是不需要高速费，二十块一人，性价比高。
方案二：打车，省事，但贵。通往哈尔滨机场的高速是单向收费三十块，也就是去机场收，从机场去市区不收，这笔费用是乘客出的，打车软件上字小，要么没有提示，我是司机说了以后才看到的。有些司机是不说的，直接结算的时候加到费用里的。
比较恶心的是，通往机场必须走高速，或者高架桥，但是都收费，底下老机场路非常差，我们没上高速前有一段必经的，感受了一下，确实挺破，很颠簸。而且去不走高速，回来也不能走高速，所以大部分司机不走高速是不愿意去的。",点赞,收藏,评论,https://www.xiaohongshu.com/explore/67bc5d0d0000000029031697?xsec_token=ABa24pGds3urSNzETqnEqRYdGd_a12Pw3dthBIGE7iQJo=&xsec_source=pc_search&source=web_explore_feed,https://sns-webpic-qc.xhscdn.com/202502281014/d34219ddefc59444cc7f91cc611ffcbc/1040g2sg31e9ggcr40k5g415v3pdjro5he17an5g!nd_dft_wlteh_webp_3,陌上花开落谁家,,
到哈尔滨才知道这些东西根本没必要带,"🌟 去哈尔滨旅行的姐妹们，是不是也像我一样，一个行李箱根本装不下，而且还特别沉！其实有些东西是没有必要带的，血泪教训，赶紧收藏下。
	
🔥 暖宝宝
❌ 暖宝宝占用空间，还比较沉的，其实可以到了哈尔滨再买，价格也不贵。
🧤 漏指手套
❌ 这种手套在户外玩手机、拍照时手不会太冷，但针织的手套透风、不防水，想要玩雪的朋友们不建议购买。可以试试可触屏手套。
👖 羊毛裤
❌ 羊毛裤其实可以不买，也是非常占用行李箱空间的，在当地四五十元的棉裤就很保暖了。
📷 拍立得
❌ 这个是很容易踩坑的，大部分游客都喜欢带拍立得，其实在极寒环境下，拍立得相纸里的液体就会冻结，不显色，容易出问题
🧊防滑冰爪
❌虽然哈尔滨路面有些地方很滑，但还没到使用防滑冰爪的程度，而且走路会不舒服。选一双防滑雪地靴就好了。
👕 速干衣
对于大部分人来说，来哈尔滨旅游出汗的可能性不大，毕竟这么冷的天气，穿普通秋衣就行。
	
🎒 这些才是真正需要带的东西！
✅除了羽绒服和大棉裤，围巾、手套、耳暖、口罩一样都不能少。
✅防水、高帮雪地靴，黑龙江的雪很深，一踩一个脚印，雪容易进鞋里，还会湿脚。
✅薄款睡衣，东北的暖气很足，晚上睡觉不用穿太多。
✅润唇膏、面霜、身体乳，护肤产品要选高保湿的，可以带上护肤精油，否则可能会卡粉。
✅保温杯一定要带，哈尔滨景点间距离较远，方便随时喝热水。
✅身份证、学生证。
✅充电宝、充电器别忘了，寒冷天气手机电量消耗快。
	
🌈 哈尔滨除了市区，周边还有很多好玩的地方
比如横道河子、雪乡、十里画廊。不管是跟团游还是自由行，都要提前做好行程规划。
自由行虽然更自由，但也更累人。😩
🧊我们选择了当地的纯玩小团，避开了很多坑，玩得挺轻松的。出发前做了好多攻略，发现有些人对哈尔滨评价不高，差点儿就不想来了。
😆不过玩完之后才发现，这里的风景真的超美的，希望每个来这儿的人都能玩得开心！
	
🟡关于我们
🚩2-8人纯玩小团、轻松出行，省心省💰
🚩计划去哈尔滨的姐妹们，“出行日期+人数”
🚩还有更多行程路线可参与，请留言或直接找我，都会及时回复的哦~
	
﻿#哈尔滨旅游攻略﻿ ﻿#冰雪大世界﻿ ﻿#哈尔滨﻿ ﻿#哈尔滨拍照﻿ ﻿#哈尔滨旅游必带物品清单﻿ ﻿#南方小土豆勇闯哈尔滨﻿ ﻿#速干衣﻿ ﻿#暖宝宝﻿",885,617,157,https://www.xiaohongshu.com/explore/67612e030000000013019f78?xsec_token=ABO-9nbEYxvuc7tAfFu7qTTw7NhvB6sLJarbYjJy02ToQ=&xsec_source=pc_search&source=web_explore_feed,https://sns-webpic-qc.xhscdn.com/202502281015/5887ad0f6bd0598a1a65187b524fc780/spectrum/1040g0k031bgi5egeg8005pmlo9qne6j33h057uo!nd_dft_wlteh_webp_3,旅冬之约迟雪,,
这是感谢大家的哈尔滨攻略❤（上）,"开始分享哈尔滨攻略已经有半个多月，非常感谢友友们的信任，私信或者评论，我感受到大家要来尔滨的期待和激情，因此我开始着手这篇新攻略
经过一周多的修改，这份攻略终于完成，经过最开始初稿的更改，这个版本添加了购物篇和民族朋友饮食推荐，攻略内部也进行了更新，整体篇幅达到了近三十页的pdf。
因为篇幅过长，只能连发两个帖子，带来很多不便，请大家见谅。
本人是黑龙江人，大学期间在哈尔滨度过，谈不上太多了解哈尔滨，本攻略基于大学期间所见所闻以及身边朋友的建议，结合网上各种攻略整理而成，如果不够细致或者不够土著，也请各位谅解，多提建议，大家一起让攻略变得更完善
南来北往，东北，尤其黑龙江，对于各位游客朋友，确实很远，经过去年的""尔滨热""，共和国长子又重新抖擞精神，谨代表个人对来到哈尔滨、来到东北的友友们表示感谢，愿各位在东北玩得开心愉快，祝大家万事顺意

主页最新也有其他东北省会的攻略，大家可以合在一起看#哈尔滨 #哈尔滨旅游攻略 #自媒体小白 #哈尔滨旅行 #尔滨果然是一点就透",1.8万,1.9万,2991,https://www.xiaohongshu.com/explore/6725ad7d000000001b011e9f?xsec_token=AB9Uat_dC5djCB_i9vv7kfLBxbK_2KJ6UB0vj77KrwCgg=&xsec_source=pc_search&source=web_explore_feed,https://sns-webpic-qc.xhscdn.com/202502281015/af7fbc11237942e81b33124390412f7f/1040g2sg319mflf1i7idg5nqoibhg850vghhdmt8!nd_dft_wlteh_webp_3,je,,
哈尔滨旅游避坑指南，去哈尔滨需要注意什么,哈尔滨旅游避坑指南，去哈尔滨需要注意什么，﻿#又到了尔滨让人感到陌生的季节﻿ ﻿#哈尔滨下雪了﻿ ﻿#哈尔滨旅游攻略﻿ ﻿#哈尔滨冰雪大世界﻿ ﻿#哈尔滨避坑﻿,3,9,评论,https://www.xiaohongshu.com/explore/6745916d00000000060173f7?xsec_token=ABpcXLU1fqbaYoOXSXKfPdT1ZqPXNeGcQdAjIJS1-2Enk=&xsec_source=pc_search&source=web_explore_feed,,美美哈亚雪游玩攻略,,
给准备来哈尔滨旅游的小伙伴的一份注意事项,"给准备来哈尔滨旅游的小伙伴的一份注意事项⚠️
天气真的很冷，厚外套厚棉裤帽子手套围巾全准备好，另外一定要厚厚的鞋，还有厚袜子厚鞋垫，寒气从脚底下进，不然脚真的会冻到没知觉；
	
出行尽量公交地铁，出租车打网约车，有些司机确实会乱要价，司机推荐餐馆的话看看美团大众评分再决定去不去；
住宿现在价格涨的都挺高的，求性价比高住民宿的话要多看评论返图，多多对比，安全性放在第一位，出行交通工具是地铁的话，选离地铁站越近的越好，这个天气在外面多呆一会儿都遭罪；
	
冰雪大世界大滑梯摩天轮很难约，玩不上的几率挺大的，要去的话就当看看冰灯展，而且一定要做好保暖，里面有很多拉滑雪圈的人，小心被绊倒，摔一下还挺容易摔坏的；周边旅游跟团要谨慎！
	
东北菜大多数感觉价格没有涨的很多，菜量各个餐馆都不一样，口感一般比较重，尽量选择有口碑的老店，景区门口的冰糖葫芦什么的肯定是景区价，选有居民区的地方吃，特产一般主打红肠，很经典；
	
网上其实虚假营销还挺多的，不是每一个东北人都热情好客，物价也不是很低很低，无良商家黑车司机等等都确确实实存在，要想不碰上这些糟心事做好攻略是一方面，另一方面也是概率问题，真遇上了就是没办法。网上有好多避雷哈尔滨的帖子，好多还都是很理性有道理的，确实是有不小的问题存在，难过的是评论区总是有好多本地人不直面这些问题，用讽刺和攻击回避，哈尔滨旅游发展也好几年了，更多的应该是把服务意识提升上去，把存在的问题解决掉，游客来了还想再来才算好。都有这么好的自然条件历史文化，美食也丝毫不差，真心不希望因为这些小问题影响尔滨的发展。",5,收藏,1,https://www.xiaohongshu.com/explore/67a10c4a000000001800432d?xsec_token=ABdmz4g-tDbfh77TWtg01dDz2D_4aknco1ALXG5SK3E7g=&xsec_source=pc_search&source=web_explore_feed,https://sns-webpic-qc.xhscdn.com/202502281015/544621b35e083c62115c8180ee08cd4c/1040g00831deuvqff0m005nm648ngbspv0dqv1mg!nd_dft_wlteh_webp_3,爱吃拉面的猫,,
冬天去东北 4大注意+12小tips，码住！,"东北旅行防寒保暖攻略，分享给大家！
	
祝大家在冬天的东北玩的尽兴，毕竟越冷的地方人越热情！
	
﻿#冬天穿什么﻿ ﻿#南方人到北方旅游﻿ ﻿#旅游注意事项﻿ ﻿#东北旅游﻿ ﻿#东北旅游带什么﻿ ﻿#哈尔滨旅游﻿",2,收藏,评论,https://www.xiaohongshu.com/explore/67566e2f0000000002014b56?xsec_token=ABcVdQobzkfIsN2Av3MJSBFPIp0GZ40oTA5mea-2_ULX8=&xsec_source=pc_search&source=web_explore_feed,https://sns-webpic-qc.xhscdn.com/202502281015/9857a55d3746c7ba1314c969f4d92d63/spectrum/1040g34o31b62vb94nq00401fma4so6q0b1j4buo!nd_dft_wlteh_webp_3,淘雪人亲子游,,
哈尔滨旅游避坑指南,"xhs还在有人发哈尔滨坑人，希望这个帖子能给你们帮助。（如果有说错的，麻烦帮我评论一下，我改一下。）
1.机场大巴20分钟一趟，20块钱一人，有3条线路，百度地图可以搜到，半夜也有，所以不建议打车去市内，坐到离你最近的站点，再打滴滴。
2.打车建议打滴滴，从平台付钱，不建议打黑车和抬手拦计程车，这条非常重要。如果对车速感到不适，及时说出来，让司机开均速，或者开慢点。
3.首选地铁/网约车，次选公交，如果有长线运营的公交会有后门上车，前门刷卡下车的情况，注意看别人在哪个门上下车。如果有需要帮助的情况，请大胆说出来。
4.商场里和商场附近，如果有人给你发小卡片或者免费券，不要接！不要接！不要跟着走！
5.地铁口，车站口，有住宿拦人，不要跟着走，自己找正规的酒店住，不要住“私人家里”，如果选择民宿，请提前查好，别住不正规的，或者口碑不好的。
6.博物馆，展览馆类的地方有每周停业一天的情况，提前查询/预约，避免白去。
7.哈尔滨真的很大，很多景点也不在一起，所以做计划的时候多预留出来一些时间。
8.提前看好天气预报，及时针对低温和下雨，做出调整。
9.有的景点去的人很多，会不出片。所以去不去需要衡量一下，或者看一些拍照科普类的博主是怎么在人多的情况下，拍出出片的照片。哈尔滨的天，有的时候上午还全是云下着小雨，下午就晴空万里，这很难说。
10.七月份进入最热的时间，白天晚上都热，最高能达到35度左右，八月份中旬开始进入温差期，清晨和晚上的温度就比较适宜了。
	
欢迎补充，我放进指南里。
#游玩攻略 #旅游攻略 #旅行 #哈尔滨 #哈尔滨旅行 #哈尔滨旅游攻略",405,446,254,https://www.xiaohongshu.com/explore/6672af4e000000000e032dcf?xsec_token=ABklyCLw6LqewAA3olkF_jEfT47EW_bP1eqDySabREBJU=&xsec_source=pc_search&source=web_explore_feed,https://sns-webpic-qc.xhscdn.com/202502281015/2374ef3fd269c59b7e8ad0694b2c0cdf/1040g2sg3147m4ja84s7g5n8db0hkmq5cej6isg0!nd_dft_wlteh_webp_3,momo,,
东北哈尔滨看这里,"景点预约指南
冰雪大世界（328，提前一周放票，gzh哈尔滨冰雪大世界）
雪乡（120，免预约，门票48h有效）
索菲亚大教堂（20，免预约）
东北虎林（125，提前一天预约，gzh黑龙江东北虎林园）
亚布力滑雪旅游度假区（380，免预约）√黑龙江省博物馆（免费，gzh黑龙江省
#哈尔滨旅游攻略 #哈尔滨旅行 #哈尔滨",284,317,10,https://www.xiaohongshu.com/explore/6760d055000000000900cb3e?xsec_token=AB6W3qPFz30ftY2bIOAvMvZdUhiQxnxwL0qsIEzcfLenU=&xsec_source=pc_search&source=web_explore_feed,https://sns-webpic-qc.xhscdn.com/202502281015/6da50ef82eebdd72274e8013f2db63b7/1040g2sg31bg7ld010udg5oo0k89kg3q4ircd4e0!nd_dft_wlteh_webp_3,大赫妈妈,,
哈尔滨自由行 | 五天四晚超详细攻略✅附花销,"作为从来没有看过雪的广东人，去年12月份和大学同学来哈尔滨旅行了五天，分享给大家我们当时的游玩攻略🧾和具体花销💰（大学生精打细算版
这个冬天来哈尔滨旅游的小伙伴们！请码㊗️
-
🏠住宿：🉑住在中央大街附近，吃住行都方便
🚥交通：深圳✈️哈尔滨
-
🔍路线：
DAY1⃣落地机场→索菲亚教堂→中央大街
我们落地后去酒店放行李，因为我们广东来的并没有带厚衣服，直接冲去网上很火的一家店：“衣衫之家”我们三人都买了羽绒服180💰/件，这家店衣服鞋子超级便宜，顺便打卡圣菲亚教堂和中央大街
DAY2⃣酒店→雪乡民宿→秃顶山和冰雪画廊→雪乡
我们原本想大巴去雪乡，中央大街每天都有班车，去年了解的价格是120💰单程，因为我们有小伙伴晕车，就选择了包车去雪乡，价格是1500💰往返，每人算下来500💰，全程体验感超棒因为路上有超漂亮的雪景，司机开车边走边停且时间自由，师傅还会帮忙拎包拍照，还找他买了景区优惠票280💰
DAY3⃣ 雪乡→ 松花江铁路大桥
我们中午从雪乡回哈尔滨，晚上我们打车去松花江玩那个10💰雪圈，记得讲价！巨巨好玩！
DAY4️⃣市区酒店→天恒山滑雪场-冰雪大世界
如果是新手或只想有滑雪体验的姐妹们，可以来天恒山滑雪⛷️，价格便宜离市区又近，打车过去很方便（大概50💰），我们选的3小时票98💰，这有初中高级赛道，可以根据个人情况选择赛道⚠️新手别硬上高级赛道（会摔得很惨🥹）
晚上去冰雪大世界，学生票240💰，里面的冰雕很壮观！随便拍都出片！本地人都会每年打卡的地方
DAY5️⃣市区-机场
最后这天我们睡到了自然醒，特意定的下午机票回深圳，我们哈尔滨之旅就结束啦～
-
【五天的开销💰】
深圳往返哈尔滨1500💰四晚住宿人均600💰五天吃饭500💰冰雪大世界（大学生票）240💰雪乡57 （大学生票） 💰冰雪十里画廊280💰松花江雪圈10💰天恒山滑雪98💰包车去雪乡500💰市内打车100💰
‼️包含机票总共花费：3875💰
✅Tips：
1️⃣怕冷的南方宝宝可以买长款羽绒服（要盖过膝盖），买羽绒服注意看充绒量，还有帽子手套等必备品，也可以来哈尔滨市区再买
2️⃣雪乡的住宿要提前定，旺季的价格变化大，我们当时住三百💰的炕床，是在雪乡外面（有雪乡往返车）等我们回深圳看后面涨到了一千
#哈尔滨旅行攻略#大学生旅行#雪乡旅行#哈尔滨旅行",2057,1953,270,https://www.xiaohongshu.com/explore/67024ed5000000002c01530a?xsec_token=ABPHzdOXLexY0cd-7uvd3sOPubHMqseHquuG1onRhvCBk=&xsec_source=pc_search&source=web_explore_feed,https://sns-webpic-qc.xhscdn.com/202502281015/56ca1202157edcd23f5347a445178974/1040g2sg318jubnopjq704a4cgq229nv12t559tg!nd_dft_wlteh_webp_3,🍊🐟,,
冬季游东北，去滑雪，准备准备就出发,"公司同事整理的，超细致
#南方人到北方旅游 #旅游注意事项 #东北旅游 #东北滑雪 #东北旅行带什么",43,39,1,https://www.xiaohongshu.com/explore/671b15d2000000001b02c24c?xsec_token=ABOVM3eFgb47VEQE8QwZ_rD51p5l6GIIe73Kq7iT9s_Jc=&xsec_source=pc_search&source=web_explore_feed,https://sns-webpic-qc.xhscdn.com/202502281015/5050f03562cccebc27427f9d55bd39ec/1040g008319c4l1otma604a3p3dok9ts6b0of9io!nd_dft_wlteh_webp_3,我的小号,,
崩溃❗️在哈尔滨被干傻了😭,"想不通为什么东北室内会这么干😡
洗个头发压根就不需要吹风机，你随便走动一两圈头发就干了
而且还说什么多带衣服，怕洗了干不了，简直大错特错❌
在出发前，我带了一身还没干透的衣服，14:32分到酒店，挂在衣柜里。等我洗完澡，快16:00的时候，衣服已经干透了！这速度，简直比闪电还快！
然后就是前两天都是半夜找水喝，我都怀疑晚一步要被渴死，蕞后在当地买了个保温杯。说真的，要不是不能多喝，我真的会一直牛饮，天天10升水不在话下。
就干到脱皮、干到流鼻血😭
-
✅敲黑板重点👇👇👇
🔋来东北带上唇膏和身体乳！唇膏随身携带着，时不时涂一下，身体乳洗完澡涂上厚厚一层，别犯懒！不然就会得到一个我的同款皮肤
🔋化妆品看个人吧，不用带太多，因为这里太干了，卡粉真的卡到你怀疑人生！
🔋口红建议选择滋润型的唇釉
🔋带几片补水面膜，晚上睡觉前敷一次
🔋带上红霉素软膏，睡觉前涂鼻孔里，避免晚上干到流鼻血
🔋切记 多喝水！！！ 我几乎每天半夜都要起床找水喝，身体总感觉很缺水！所以睡觉前一定要放一瓶水在床头
-
一些经验教训：
1.不要在中央大街买纪念品，不要买小吃，基本都贵而且不好吃。
2.网红的音乐长廊大雪人，除了可以拍大雪人之外没什么可逛的，不太值得单独折腾过去一趟！
3.菜市场不要只盯着红专街早市和道里菜市场，可以去本地人更多的安静街早市、三姓街早市、十道街早市，这几个早市更地道一些
4.吃饭还是看看网上评价，别踩雷，饭点人少的肯定不好吃
5.手机的电量在东北那是刷刷的掉，可能还会有关机的可能，出行必带充电宝，虽然饭店都有充电宝，但还要还回去很麻烦
6.#中央大街  合围地区酒店价格比较高，可以看看南岗地区博物馆地铁站、秋林商圈、哈尔滨医大一地铁站、工人文化宫站的住宿，交通、餐饮一样便捷，且周围也有教堂、领事馆可参观
7.蕞后，不管是自由行还是跟团，我都觉得提前做一点攻略是非常必要的。我很幸运，在xhs上看到了一个姐妹分享的团，领队是当地人，非常负责任。在玩的过程中，他不仅帮我们拿行李，还帮我们计划好了第二天的行程。有什么事情我们都可以和他商量，他总能给出合理的建议。这样的旅行体验真的还蛮好哒！好了，希望姐妹玩的开心！#哈尔滨 #哈尔滨旅行 #哈尔滨旅游 #东北 #长白山 #哈尔滨旅游攻略 #旅行 @校园薯",29,20,4,https://www.xiaohongshu.com/explore/6790cf1a000000002a0030d5?xsec_token=ABVkgH4Y3Lj62A-yS49yEZ31Wimx6An6o7DT9k8y0GgJk=&xsec_source=pc_search&source=web_explore_feed,https://sns-webpic-qc.xhscdn.com/202502281015/86d25970bac11e23bd1f988ccf611440/1040g2sg31cv3gqh2gc005ndnhj2090dfbvdrpgg!nd_dft_wlteh_webp_3,two,,
哈尔滨旅游攻略|必打卡景点,"#图文生活经验季哈尔滨旅游攻略秘看完这篇就够了I旅游避坑指南
1:来哈尔滨旅游一定要穿的饱满，别和我一样出门一小时，回酒店睡两天
2:南方朋友建议坐飞机前往，要是觉得价格贵可以购中转机票，价格便宜一半，其他大交通不建议，可能还会因为天气停车
3:落地哈尔滨后一定不要打车，下飞机就能看见随时等候的大巴车，让你少花冤枉钱
4:住宿不要选择中央大街以及火车站附近，价格都很贵，想出行方便，离景点近可以选择二号线尚志大街，想吃美食就选择道外
5:交通建议最好是地铁以及公交，热门景点都能到达，像索菲亚教堂、冰雪大世界、博物馆都可以地铁直达
6:哈尔滨景点能玩的就那么几个，3天就玩的差不多了，不用想着需要很多天才能玩完，根据我的行程来，都能3天玩够，花费也没有你想象的那么多住宿
中央大街附近:大旺季价格普遍上涨很贵，唯一方便点就是交通非常的方便
老道外:价格正常合理，喜静的首选地，出行有地铁3号线以及公交，比较方便
2号线附近:极致性价比，哈尔滨的大热门景点都在2号线，比如冰雪大世界、中央大街、索菲亚教堂、市博等景点，交通便利
穷游:南岗区或者洗浴中心，又或者有本地朋友",4,5,评论,https://www.xiaohongshu.com/explore/67ba9ffb000000001203fdf2?xsec_token=AB1bGgo0aDuhJBGFe3mpgGj5K4Ev0xv2SwtugeAzIL6Co=&xsec_source=pc_search&source=web_explore_feed,https://sns-webpic-qc.xhscdn.com/202502281015/b3d49349f4ac537ab9ad570c04fbb773/notes_pre_post/1040g3k031e7u6b36h0105p0mnmb4cf3jsapnff8!nd_dft_wlteh_webp_3,天恒山 租售滑雪服🎿,,
实话难听…但去哈尔滨这些事情一定要知道！,"12月想要去哈尔滨的姐妹们，不要再看以前的攻略了，以前的攻略可能稍微有一些些的过时了，
时效性不是很好的，可能会有一些信息差的，这里是我蕞新整理的旅游建议和避坑，分享给大家 ·
	
.
如何抵达哈尔滨❓
1️⃣哈尔滨太平国际机场：与市区相隔38公里，机场大巴3号线可以到中央大街，20r/人；打车大概80r左右
2️⃣哈尔滨西站：有地铁3号线
3️⃣哈尔滨站：就在市中心，交通便利
4️⃣哈尔滨东站：有地铁一号线
5️⃣哈尔滨北站：不建议
	
.
🌈天气及穿搭 🌨
12月：温度在-20~-25°C
🧥上身：保暖内衣+保暖毛衣+羽绒服(充绒量250g以上)
👖下身：保暖秋裤+带绒裤+厚外裤，帽子+🧣围巾+🧤防水
	
.
⭕第yi去哈尔滨路线蓷荐🙌
✔Day1：全国各地-中央大街-索菲亚教堂-松花江-住哈尔滨❄
✔Day2：哈尔滨-亚布力滑雪旅游区-滑雪-马拉爬犁-泡温泉🏂
✔Day3：亚布力-大秃顶子山-雪地摩托-学弟长隆-雪乡☃
✔Day4：雪乡-观光栈道-返回哈尔滨❄ -打卡市区
✔Day5：早市-中华巴洛克-音乐公园--返程回家✈
	
.
更多攻略都在图片上喽~ 🔥了解具体or其他问题🉑溜言❤~
	
﻿#哈尔滨﻿         ﻿#哈尔滨旅行﻿         ﻿#哈尔滨旅游攻略﻿         ﻿#哈尔滨吃喝玩乐攻略﻿         ﻿#哈尔滨旅游﻿         ﻿#哈尔滨旅游攻略﻿         ﻿#雪乡旅游﻿         ﻿#雪乡﻿         ﻿#雪乡旅游攻略﻿         ﻿#雪乡旅行攻略﻿
	
.",235,312,1,https://www.xiaohongshu.com/explore/6750286e00000000070338c7?xsec_token=AB-zYzR2JRvktPiCdy9002bA_0SCfT88PPrkrpCCOzfEE=&xsec_source=pc_search&source=web_explore_feed,https://sns-webpic-qc.xhscdn.com/202502281016/0e64adbb8d935f924505648ad9c30e60/spectrum/1040g34o31avueij8mo3g5pgspcthos5b1pa7e3o!nd_dft_wlteh_webp_3,七七爱旅游,,
东北旅游注意事项,"冬天打算来哈尔滨游玩的，请注意物品准备，有哪里不清楚的可以留言咨询
#哈尔滨旅游攻略 #哈尔滨旅游攻略 #哈尔滨旅游物品准备",7,5,1,https://www.xiaohongshu.com/explore/67090466000000001a02329c?xsec_token=ABiaAgYkoTOGPJUx81FPaXr-3BCalJIZBqvveuXKf-I0A=&xsec_source=pc_search&source=web_explore_feed,https://sns-webpic-qc.xhscdn.com/202502281016/b73c880ad21960b56a4ee8521e894c86/1040g2sg318qft55ejkcg5pn28q47e4g722ojbeg!nd_dft_wlteh_webp_3,心🌸育,,
听劝👂2-3月哈尔滨的姐妹请🐴住❗️,"哈尔滨真的不要说走就走🈲它会惩罚每一个不做攻略的朋友的‼️熬了个大夜给大家整理了这一份详细的游玩攻略，大家出发前先看看哦～
——
🌟一、交通指南
飞机是到达哈尔滨的便捷方式，落地哈尔滨太平国际机场后，可选择机场大巴直达市区多个站点，或乘坐地铁2号线换乘去市区各处。市内交通包括地铁、公交车、出租车和网约车。
——
🌟二、住宿建议
住宿选择丰富多样。中央大街商圈出行、吃饭、购物方便，但需注意可能需步行较长距离。雪乡住宿需提前预订，永安林场、二浪河等地也是不错的选择。亚布力提供多种住宿类型，满足不同需求。市区地铁枢纽站附近如珠江路，性价比高，坐地铁不到15分钟
——
🌟🌟🌟 三、穿搭指南（重中之重‼️）
👉保暖衣物：一定一定要长款羽绒服、保暖衣裤、厚袜子、围巾、毛线帽、防水手套、雪地靴一定要厚底防滑的。
👉保暖配饰：充电宝、保温杯（冷的时候随时喝口热水暖暖身子）、暖宝宝和发热鞋垫（若干，怕冷得多带着）。
——
🌟四、美食探索
👉东北铁锅炖（大铁锅炖上排骨、鸡肉、鱼，再贴上玉米饼子）、特色锅包肉、酸菜炖粉条（特色酸菜与粉条简直是绝配）。
👉特色小吃：哈尔滨红肠、马迭尔冰棍（奶香味十足，超级好吃）、冻梨、冻柿子、万物皆可冰的冰糖葫芦（ps：第一次不要吃太多，可能会导致肠胃不适）、大列巴等等各种各样的美食。
——
🌟🌟🌟五、热门景点
👉冰雪大世界：每日10-22点进入园区，可以看到冰雪世界在阳光下闪闪发光；晚上亮灯后更美了。
👉圣索菲亚大教堂：拜占庭风格建筑，广场上白鸽飞舞，拍照很出片。
👉中央大街：百年老街，欧式建筑林立，边逛边吃马迭尔冰棍，很有一番风味。
👉松花江畔：2～4月江面逐渐解冻，还可以体验滑冰、冰滑梯、狗拉雪橇等冰上项目。
👉伏尔加庄园：充满异域风情的庄园，复刻了众多俄罗斯经典建筑，可欣赏俄式歌舞表演，品尝地道的俄罗斯美食。
👉中华巴洛克风情街：中西合璧的建筑风格，有很多特色小店和美食，能感受老哈尔滨的韵味。
👉东北虎林园：近距离观赏软萌可爱的东北虎～
——
#哈尔滨  #哈尔滨旅行#哈尔滨旅游攻略 #旅游攻略 #哈尔滨旅行推荐 #哈尔滨冰雪大世界 #哈尔滨吃喝玩乐攻略 #冰雪大世界 #东北旅行 #旅游",8,4,评论,https://www.xiaohongshu.com/explore/67b190dd0000000029011acf?xsec_token=ABSpgDXNrJAeumbDrYk7f21D-EZ4fzh20EgFSKXYTvKgs=&xsec_source=pc_search&source=web_explore_feed,https://sns-webpic-qc.xhscdn.com/202502281016/d1ef969ffa4f294066f6ad29ebf70e5d/1040g2sg31dv35lqbgc404bu42nuecfmln5e0n8g!nd_dft_wlteh_webp_3,没用的蛋卷,,
哈尔滨保姆级避坑全攻略,在哈尔滨玩了一个月总结出来的这份超详细的哈尔滨旅游避坑注意事项，现在分享给你们，赶快收拾行李出发哈尔滨打卡吧#哈尔滨旅游攻略 #旅游攻略 #哈尔滨吃喝玩乐攻略 #哈尔滨旅行 #雪乡旅游攻略 #哈尔滨,2,2,评论,https://www.xiaohongshu.com/explore/6732e42a000000003c014382?xsec_token=ABkX0bQlsAG5nIdJ_EKDiGWRQv9lhSh69jSUlglJEFIro=&xsec_source=pc_search&source=web_explore_feed,https://sns-webpic-qc.xhscdn.com/202502281016/a572860df07f405d0c9f7a8b34390d0e/1040g2sg31a3cekhjng905pp5iri7dkhrsvgcv7o!nd_dft_wlteh_webp_3,189 | 0264 | 9014,,
哈尔滨会惩罚每一个不提前预约的懒人,"哈尔滨会给没有提前规划行程的游客带来一些不便，但它的冬日魅力绝对值得你来体验一次！对于南方的朋友来说，北方的冰雪世界就像一个梦幻的童话，令人难以抗拒❄️
为第一次造访哈尔滨的南方朋友精心准备了这份实用避雷攻略，熬夜整理只为让你玩得更尽兴！建议先看完再出发哦～
---
🌞 关于天气：
哈尔滨冬季寒冷干燥，建议准备好保暖装备，尤其是帽子、手套和围巾。室内暖气充足，室内外温差大，注意适时增减衣物。
📍 必游景点推荐：
✅ 冰雪大世界：这个梦幻的冰雪王国能满足你对冰雪的所有幻想。建议下午前往，既能欣赏白天纯净的景致，又能感受夜晚璀璨的灯光秀。
✅ 哈尔滨大剧院：这座充满未来感的建筑是拍照打卡的绝佳地点，距离冰雪大世界很近，可以一起安排游览。
✅ 斯大林公园：这里每年都会建造大型雪雕，还能隔江远眺松花江畔的摩天轮，是不可错过的打卡点。
✅ 中央大街：这条百年老街融合了欧式建筑风格，被誉为“东方莫斯科”。漫步其中，能感受到浓厚的历史气息，顺路还可以参观防洪纪念塔。
✅ 圣索菲亚教堂：这座东正教标志性建筑是哈尔滨必游景点之一，周边还有许多特色小店值得一探。
✅ 东北洗浴文化体验：来哈尔滨一定要体验一下正宗的东北洗浴，放松身心的同时感受当地特色！
---
🚗 交通指南：
✈ 飞机：哈尔滨太平国际机场位于市区以西约33公里处，机场大巴20元/人，每半小时一班，非常方便。
🚂 火车：哈尔滨有多个火车站（哈尔滨站、哈尔滨西站等），根据目的地选择合适的车站。
🚕 出租车：市区打车较为便利，但价格略高。建议使用网约车平台避免被宰客。
🚌 公交地铁：这是性价比最高的出行方式，覆盖范围广，适合预算有限的游客。
---
这份攻略希望能帮助你更好地规划行程，让哈尔滨之旅更加顺利愉快
	
#哈尔滨   #延吉   #国内旅游日常   #哈尔滨旅游攻略   #哈尔滨旅行   #假期去哪玩   #长白山   #延吉   #冰雪大世界   #周末去哪儿",33,46,评论,https://www.xiaohongshu.com/explore/678b1c18000000001601b8ad?xsec_token=ABtNluWVCDjRNqn9LZhH0Xl071fJf5PbN8M5fyOjIyjsI=&xsec_source=pc_search&source=web_explore_feed,https://sns-webpic-qc.xhscdn.com/202502281016/b8b20b9ef756c599a0a9347e558eae04/1040g00831cphdhnjgm005pb47s920ab4tm5dcdg!nd_dft_wlteh_webp_3,多喝水呀,,
哈尔滨旅游注意事项这个不是攻略，是忠告,请耐心看完，也需要看评论看我补充的内容。,4,4,7,https://www.xiaohongshu.com/explore/67aefc35000000002902dc94?xsec_token=ABLgChoe2R5sQJ1bbRMSTo7Wn6nbH0LS4-QUzmoiEij8E=&xsec_source=pc_search&source=web_explore_feed,https://sns-webpic-qc.xhscdn.com/202502281016/280f92c4ef38fc54711e1a124e6306b8/1040g2sg31dsidqb5g8cg5p72oo309tphpep1vdg!nd_dft_wlteh_webp_3,114514,,
真的有被自己手写的哈尔滨攻略满意到哭😭,"纯手写字丑勿怪！但内容干货真的比干噎酸奶还干😽出游哈尔滨看过来，抄作业啦！👇简单清晰，明明白白，希望能帮到去哈尔滨旅游的薯宝们😎
-
🟰万能穿搭公式
🧣速干衣/保暖内衣➕保暖毛衣/加绒卫衣➕羽绒服/大棉袄
👖保暖秋裤/速干裤➕保暖裤/棉毛裤➕带绒的牛仔裤/滑雪裤
👟中棉雪地靴/登山靴➕羊绒袜子➕暖足贴
🧤配饰：帽子、围巾、耳包、触屏手套
💞出片穿搭秘籍：色彩的颜色一定要明亮：颜色对了，就已经成功了75%哟
建议穿：🩷粉色系、❤️红色系、🩵蓝色系列、绿色系💚
·
🌈住宿建议：
🔥选择原则：打车3公里范围内有地铁站点，步行500米内有公交站点
🔥选择范围：主城区道里、道外、南岗、香坊，⭕不建议松北区、群力
🔥淡季：住中央大街、博物馆地铁站、哈站附近
🔥旺季：住道外区如巴洛克地铁口附近（现在12~2月份不建议住在中央大街！！人巨多，嘉格还高）
-
💌哈尔滨不绕路游玩
⭕Day1: 抵达哈尔滨
⭕Day2: 哈尔滨—亚布力滑雪—体验马拉爬犁
⭕Day3: 亚布力一中国雪乡—体验雪地摩托
⭕Day4: 中国雪乡一雾凇长廊—哈尔滨
⭕Day5: 哈尔滨Citywalk—回家
-
﻿#哈尔滨﻿ ﻿#哈尔滨吃喝玩乐﻿ ﻿#冰雪大世界﻿ ﻿#哈尔滨旅游﻿ ﻿#哈尔滨旅游攻略﻿ ﻿#雪乡旅游攻略﻿ ﻿#哈尔滨景点﻿ ﻿#哈尔滨景点分布图﻿",4035,5634,77,https://www.xiaohongshu.com/explore/6773a8e5000000000900fcbf?xsec_token=ABHnkpgbM8ijx4M1AMDLKj_-ZQ5_A4Radz-WEGUrE4TdY=&xsec_source=pc_search&source=web_explore_feed,https://sns-webpic-qc.xhscdn.com/202502281017/969d4de8945a75d1746cc41d33f9e4ee/spectrum/1040g34o31c2kcd6gge005pq3srvn3civ8k1plmo!nd_dft_wlteh_webp_3,懒羊羊旅游日记,,
哈尔滨6天5晚双人自由行❄️🏂🌨️已回,"计划赶不上变化
p1是最终的行程
p2-p3是初始计划
忠告、哈尔滨4点多就天黑了、博物馆大多4点闭馆、公园也很多是四五点的关门的、如果要去这些地方记得早起
铁锅炖不适合下午有行程的时候吃、真的要现煮30mins很耗时间
亚布力别轻易跟滴滴师傅买景点票、容易在雪服头盔啥的上面给你捞回去、民宿都有这个业务而且服务更好、
暖宝宝小林制药的真的很持久恒温、去十里画廊和雪乡必须脚底上暖宝宝！
买或者提前租好防风防水的羽绒服或者雪服！#游玩攻略 #哈尔滨 #11月哈尔滨 #我的小众旅行攻略#哈尔滨",53,72,17,https://www.xiaohongshu.com/explore/672a417b000000003c01481a?xsec_token=ABWdF_AlBEGf0aGpcY4L-Z8JsJmxiXL586XKlDi0NJyQA=&xsec_source=pc_search&source=web_explore_feed,https://sns-webpic-qc.xhscdn.com/202502281017/5fe9491be5b6f54e3407bc6945a7d68e/1040g2sg31at40qgcnc7g4b3htg6tt0e9f0t0lkg!nd_dft_wlteh_webp_3,小Y小Y,,
假期带娃去哈尔滨，保命知识要知道,#不懂就问有问必答 #大家的春节 #孩子眼中的年味儿  #哈尔滨 #儿童安全 #科学育儿我有妙招 #科普 #育儿知识 #哈尔滨旅游,1435,1054,35,https://www.xiaohongshu.com/explore/65c99c04000000000c0058cc?xsec_token=ABALQXDDGpu9mDVZlg5ly4IBSTjzaaJ2HDdw4Xgqgxf3Q=&xsec_source=pc_search&source=web_explore_feed,,大龙舅舅科普日常,,
哈尔滨本地人中央大街一日游规划评论区可问,"🎈路线开始：
①地铁二号线中央大街站下，步行七分钟走到中央大街的起始位置（这里有一个中央大街的牌牌）
②沿北走，左侧很近就是完达山的冷饮厅（可以买冰激凌或者炒酸奶）
③到西十四道街往右走两条街就是索菲亚教堂（它旁边有一个平房小商店卖纪念品，这里的冰箱贴比中央大街便宜5块钱）
④索菲亚教堂过道就是道里菜市场（很网红但里面没什么）
⑤原路返回或者从道里十二道街返回
⑥往继续往北走是金安商厦（金安是中央大街最繁华的商场，地下一层的章鱼小丸子好吃）
⑦继续往北走是马迭尔冷饮厅（买最便宜的5块钱冰棍，我不爱吃原味）
⑧对面是中央书店（很大值得逛逛，不值得购物）芭米莉蛋糕家的甜点很好吃（我觉得哈尔滨第一）
⑨再往北走，道左面是哈工大展览馆，道右面是中国邮政（买周边的）再往前有红绿灯的道往右面看有茶百道
⑩中央大街最北是防洪纪念塔，临江有买票处10元坐船来回（不要单程）
✨注意事项：
全程1万步打底，15000步左右注意坐下休息。
中央大街附近没有什么特别好吃的饭店，整条街上小吃很多，卖水的地方较少，饮料店相隔很远。
雕塑很多，人很多，冬天有冰雕，晚上也很亮
★导航开着
到了防洪纪念塔可以有两种方法回去，一种是原路返回到中央大街站坐地铁步行1.5km，走30分，一种是沿江走到人民广场地铁站也是步行1.5km，走30分钟（所以全程走路非常的累）#南方人到北方旅游 #东北吃喝玩乐 #南方人去北方 #本地人做的攻略 #尔滨果然是一点就透 #适合冬天去旅游的城市 #跟着本地人玩就就对了 #游玩攻略 #攻略吃喝玩乐",554,571,23,https://www.xiaohongshu.com/explore/674f15bc000000000202e8d1?xsec_token=ABb5aQRiglVqP6yiwopxNk0AIUac97Ftz0aECY94PelFo=&xsec_source=pc_search&source=web_explore_feed,https://sns-webpic-qc.xhscdn.com/202502281017/70d828457c0f766ca07fe986856976d8/1040g2sg31autkm407ak05o8u3490brgucho88co!nd_dft_wlteh_webp_3,momo,,
哈尔滨会惩罚每个不提前预约的人,"哈尔滨旅游记得提前做好攻略，提前预约，不然真的会白跑一趟这份攻略存下吧！
	
🌅哈尔滨景点预约指南
📅冰雪大世界：328rmb/人
📅东北虎林园：125rmb/人，提前1天预约
📅哈尔滨工业大学：提前1天预约
📅省博物馆：提前一周预约
📅侵华731部队遗址：提前3天预约
	
🌅哈尔滨交通指南
✈️机场:哈尔滨太平国际机场，航班直达很多城市
🚄火车/动车站:哈尔滨东站、哈尔滨西站、哈尔滨南站、哈尔滨站
🚊地铁:无堵车风险，大部分市区景点都可以到达
🚖打车:哈尔滨打车方便，热门景点节假日会堵车，建议可以选择其他交通工具
🚌公交: 公交可以慢悠悠的逛，如果赶时间不建议乘坐
	
🌅哈尔滨住宿指南
🏡中央大街附近:出行方便一些，但是相对价格会贵一些，节假日需要提前预定，附近有红砖街早市感受当地生活。
🏡地铁2号线沿线:2号线沿线可以到达冰雪大世界，晚上回去方便，不用大冷天外面等车。
🏡博物馆附近:属于市中心，附近吃的喝的比较多，1号线和2号线换乘也比较方便。
🏡洗浴中心:如果想要沉浸式体验东北洗浴文化，同时想省一点的话可以找个洗浴中心客房。
	
🌅哈尔滨热门景点
🎡冰雪大世界：仿佛穿越到冰雪奇缘
🎡中央大街：有“东方小巴黎”的美称
🎡圣·索菲亚教堂：感受异域文化魅力
🎡东北虎林园：来哈尔滨看东北虎等同于去成都看大熊猫
🎡伏尔加庄园：30多个有特色的教堂和建筑组成，拍照嘎嘎出片
🎡侵华731部队遗址：铭记历史，勿忘国耻
🎡亚布力滑雪场：爱滑雪的朋友们的福音
	
🌅哈尔滨必吃美食
😋铁锅炖: 营信刘罗锅铁锅炖、山河屯铁锅炖、大嫂铁锅炖都很好吃，错开饭点，不然可能要排队
😋锅包肉:老厨家、红专回民馆、老仁义家的都不错，东北分菜分量嘎嘎足，不用担心吃不饱
😋烧烤: 壹间烧烤铺、千贺酒馆烧烤、路边烧烤味道也都可以，东北烧烤偏咸，吃的清淡可以提前沟通
😋杀猪菜: 东北特色菜，里面有猪肉，酸菜，血肠等，很下饭
😋小鸡炖蘑菇:鸡肉鲜美，蘑菇特别入味儿，计儿拌饭吃可以吃两碗米饭
😋街边小吃: 马迭尔冰棍、东北麻辣烫、哈尔滨红肠、粘豆包、东北大冻梨、大列巴、格瓦斯
	
#哈尔滨旅游｜哈尔滨景点预约｜哈尔滨交通｜哈尔滨住宿｜哈尔滨热门景点｜哈尔滨比吃美食",124,77,1,https://www.xiaohongshu.com/explore/675bf03a000000000700bcca?xsec_token=ABGTce4je2RDAf7VdgQNXQeVs1T0tdgpDv6zYnGrFvk44=&xsec_source=pc_search&source=web_explore_feed,https://sns-webpic-qc.xhscdn.com/202502281017/897b35873e60e31aa3ae65f233ff0393/1040g00831bbf6la9ng205oi5cub412qhqo6jiu8!nd_dft_wlteh_webp_3,穗穗想环游世界,,
去了6次哈尔滨，我的建议是…（认真看完）,"11、12月去哈尔滨的姐妹们，一定要看这篇超全哈尔滨+雪乡攻略
-
⭕️黑龙江冬季下雪时间分享：
✅11月中旬后，陆续的都开始下雪了，这个时候雪量不会太大，但赏雪是完全没问题，人也不多，建议考虑，这个时间段
.
✅12月份真的是一场雪比一场雪大，漫天鹅毛大雪很容易出现，旅游的人也会越来越多
.
✅1月末后下雪的次数就逐渐的减少，温度不会降低，基本在-20℃~-30℃左右，春节前几天温度醉低，这个时候雪的厚度是足够的
.
✅东北有正月十五“雪打灯”的说法，这就基本是醉后一场雪了，之后雪就开始融化了，万物开始复苏；
-
⭕出行建议
1️⃣记得随身准备一些现金，低温环境下手机很容易没电关机
2️⃣不用准备太多的行李，围巾、帽子、手套等物品到了再买也可以，价格实惠，质量还好
3️⃣来哈尔滨不建议租车或者自驾游，冰雪路面不熟悉路线，开车真的不安全
4️⃣胃口小的姐妹们点菜的时候要注意，东北菜的分量真的很足，点多了根本吃不完
5️⃣室内外温差比较大，注意及时加减衣物，以防感冒
-
📝游玩路线参考
Day1: 抵达哈尔滨–入住酒店–巴洛克风情街–冰雪大世界
Day2: 大秃子山–哈尔滨雪乡–雪乡邮局–篝火晚会–雪地蹦迪
Day3: 许愿白桦林–雪韵大街–泼水成冰–亚布力小镇–雪地温泉
Day4: 亚布力滑雪场–圣索菲亚大教堂–中央大街
Day5: 斯大林公园–中东铁路桥–防洪纪念塔–漫步松花江
-
⭕️哈尔滨住宿建议
💢酒店尽量选择在繁华的市区，不要选择太偏远的地方，打车都非常不方便
💢路边那种拉客阿姨推荐的住宿，不要去，真心不靠谱
💢哈尔滨酒店一定要提前预定，不要当天到了才定，特别是旺季，住宿很紧张的
💢订酒店之前记得多看看顾客的评价和实拍图，效果更加真实
-
⭕️哈尔滨美食
👉哈尔滨烧烤👉东北铁锅👉炖冻梨
👉马迭尔冰棍👉哈尔滨俄餐👉锅包肉
👉冰糖葫芦👉俄罗斯红肠👉烤冷面
👉小鸡炖蘑菇👉溜肉段👉烟囱面包
-
⭕️小tips
大多数人来哈尔滨，一般都是跟团玩，因为很多景点，坐车不方便，雪路也不合适自驾，不an⭕️！第一次来哈尔滨的姐妹们建议跟个当地团，性价比真的超高！
#旅游 #哈尔滨 #旅游攻略 #周末去哪儿 #哈尔滨旅游攻略 #哈尔滨旅行 #雪乡 #哈尔滨攻略",136,147,1,https://www.xiaohongshu.com/explore/6720a4c7000000001b029725?xsec_token=AB72UI980SpitlUkrPXvyXwOB3PLweOT8itCvdGr-Ptd4=&xsec_source=pc_search&source=web_explore_feed,https://sns-webpic-qc.xhscdn.com/202502281017/bc2a4b68891290821c930e0b0e8bc1a3/1040g008319hibcpfms6g5pkm93tguf63qpg1scg!nd_dft_wlteh_webp_3,我想吃点甜的,,
