标题,内容,点赞,收藏,评论,笔记链接,图片链接,作者,keyword:贵阳 自由行 攻略,2025年02月28日 14:41
贵州不特种兵攻略(公共交通自由行版,"深度玩且all in黄果树、小七孔和千户苗寨！不自驾不包车不怕被坑不费屁股！的自由行路线：
day1⃣ 黄果树瀑布
✅路线：7:00从贵阳坐一日游大巴出发→9：00到黄果树瀑布→跟着导游走完三片景区→17:00返程→晚19:30到贵阳，下车点是市中心吃晚饭→回酒店
✅住宿：贵阳
✅tips:我在黄袋鼠上报贵阳往返一日游的团，只包往返车费88r/人，到景区让导游代买门票就行。大巴有多个上车点(必有贵阳客运站，可以前一晚住客运站附近)。这个路线很成熟，跟着导游走完全能逛完三片景区，时间完全够用。
	
day2⃣ 贵阳→千户苗寨
✅路线：早上从贵阳坐高铁(35min)到凯里南站→凯里南站坐大巴(1h)到西江千户苗寨景区→下午游玩千户苗寨→晚上到观景台看苗寨亮灯夜景
✅住宿：千户苗寨
✅tips：贵阳(东站、北站、贵阳站)到凯里南的高铁有很多班，挑住得近的高铁站出发就行！
凯里南站出站后左手边就是大巴客运站，直通千户苗寨，到达后现场买票即可，也可以在鞋🍊/去哪儿上提前买票(35r/人)，班次很多不用担心
day3⃣ 千户苗寨
✅路线：全天在千户苗寨，可以做个少数民族的妆造拍拍照，玩扎染，或者躺平逛苗寨
✅住宿：千户苗寨
	
day4⃣：千户苗寨→荔波小七孔
✅路线：9:00 千户苗寨北门坐景区直通车大巴(3.5h)→到达荔波小七孔景区东门售票处→ 东门附近先吃午饭→下午进景区玩小七孔
✅住宿：小七孔景区内/景区外小镇
✅tips：苗寨到小七孔的路上风景非常漂亮，蓝天白云和重重青山(首图左上)，中途加油站休息时可以下来观赏一下！
住宿方面，小七孔景区内酒店可以随时自由出入，住外围小镇在景区关门后就不能进；吃饭可以去梦柳小镇上，饭店很多，味道也不错。
	
day5⃣ 大小七孔
✅路线：早上大七孔景区→下午二刷小七孔景区→16:00 东门售票处坐大巴回贵阳→20:00到达贵阳北站，结束行程。
✅住宿：贵阳
✅tips：小七孔景区很大，实际包括大七孔+小七孔两部分。大七孔比较壮观的，尤其是天门洞很特别，坐船进去然后走水边栈道回来，总共2h，不要错过！小七孔秀丽精巧，最美的是卧龙潭，但精髓是去中段瀑布玩水
	
贵州另一个特色就是美食很多很多很多，这次去的每个景点都吃到了特色美食，不重样不踩雷！下篇写写美食😋
	
#贵州 #旅游攻略 #贵州旅游 #荔波小七孔 #黄果树瀑布 #西江千户苗寨 #贵阳  #端午节去哪儿 #夏天去哪玩 #避暑好地方",3389,6071,289,https://www.xiaohongshu.com/explore/664ed117000000001303fd67?xsec_token=ABF8ef-Mj0p5La1YLpihB8-MR2kXV719HhmRZb2A_L-74=&xsec_source=pc_search&source=web_explore_feed,https://sns-webpic-qc.xhscdn.com/202502281442/cc34b6d9eec9c107e27ff96881fadd7e/1040g0083134l8ggbms605n0u41i1ta7ptqq306g!nd_dft_wlteh_webp_3,一口一个西瓜,,
贵阳现状。。想去贵阳的姐妹尽早改变行程！！,"#不为打卡的旅行
贵阳真的太适合和穷鬼姐妹一起出游了！！3天人均800，简直不要太快乐！！不过来贵阳还是建议做好攻略，跟大家分享一下我的游玩心得。。
#大学生旅游特种兵 #本地人做的攻略 #跟着本地人不踩雷 #贵阳 #贵阳旅游攻略 #贵阳打卡 #贵阳攻略 #贵阳美食 #贵阳三日游",709,982,31,https://www.xiaohongshu.com/explore/677bec94000000001b000591?xsec_token=ABfeWLZ-adXKRH1BO2G7J4qoFNpI6Ol_6UBeXWSWEryEg=&xsec_source=pc_search&source=web_explore_feed,https://sns-webpic-qc.xhscdn.com/202502281442/a21b6c065db8c734fdd65bf2cd6ae0eb/1040g2sg31camrr6dgm705ngo740g945o48gr7o0!nd_dft_wlteh_webp_3,山城野生辣妹儿,,
贵阳旅游现状……,"刚从贵阳旅游回来，整理了一些我踩过的坑🕳分享给大家，希望你们能少踩点🕳
-
贵阳北站:离市区近，有地铁兴
贵阳东站:离市区远，只有公交
贵阳龙洞堡机场:地铁 40分钟左右抵达市区
-
贵阳出行方式★
🩵地铁：贵阳的地铁有三条线路到市区的景点都是比较方便的
🩵公交：在贵阳公到郊区的话乘坐公交车会相对划算一些
🩵网约车/的士：在贵阳出行打网约车也是比较方便的
-
小tips：
❌一定要提前定酒店，节假日期间提前订酒店防止出现订不到或者是临时涨价的情况
❌黔灵山虽然不要门票，但是人也是真的多，而且猴子也多，有些要抢吃的，注意哦
❌贵阳很多美食里面都有折耳根，不能吃的提前说
#旅游 #贵阳 #贵阳美食 #贵阳旅游 #新年 #旅游 #新年旅行第一站 #反向旅行出门逛逛 #不早起旅行日记",680,631,421,https://www.xiaohongshu.com/explore/679ee1b5000000002902dac0?xsec_token=AB0eItBwRhu02XtUnBQBT77yCKmpDHKLHJz_U6pwzAgls=&xsec_source=pc_search&source=web_explore_feed,,米米爱吃米,,
贵阳旅游|五天四晚吃喝玩保姆攻略,"贵州，真有你的！暑假来贵州的旅游的宝子们有福了，今年一整年贵州国有A级景区都免门票，并且贵州美食美景在这个暑假也能尽情享受！
	
🚶出行前准备：
证件：身份证、学生证
衣物：根据天气预报准备外套、运动鞋、墨镜和防晒衣，别忘了带上雨具。
洗护用品：护肤品、化妆品、洁面巾和浴巾。
电器：充电线、充电宝、耳机和自拍杆。
药物：晕车药、感冒药和防蚊虫喷雾。
	
✅路线推荐：
Day①：落地贵阳（自由活动）推荐先去打卡花果园白宫、青云市集、民生路、正新街，晚上住贵阳。
Day②：贵阳一黄果树景区—天星桥一返回住贵阳
Day③：贵阳一荔波小七孔—住千户苗寨（可观夜景）
Day④：西江千户苗寨—镇远古城—住古城
Day⑤：镇远古城—梵净山—贵阳返程
	
🚘交通：
飞机：贵阳龙洞堡国际机场
动车：贵阳站、贵阳北站
（机场和高铁站内均有地铁和快速公交BRT可直达市区大约20分钟左右，很是方便）
出租车：起步价不高，打车也是不错的选择。
公交：贵阳公交线路多，方便快捷，步行距离较短。
	
🏠住宿：
①贵阳推荐住地铁喷水池站或花果园附近，地处中心地带，去哪都比较方便，周边配套设施也齐全
②镇远可以住新大桥和祝圣桥之间，那里的美食和风景都很棒
③千户苗寨西门附近地势高视野好，价格贵;
不过北门附近可以住6号桥周边，性价比高。
	
🥘推荐美食：
1.贵阳美食：酸汤鱼、酸汤牛肉火锅、肠旺面、破酥包、糯米粉、丝娃娃、香酥鸭、糖麻圆、脆哨…
2.荔波美食：豆花烤鱼、杨梅汤
3.苗寨美食：最具特色的就是长桌宴，几十块一个人，有唱歌和高山流水敬酒仪式，主要吃一个气氛！还有黑毛猪烤肉串，好吃到停不下来…
	
⚠注意事项：
1.黄果树和小七孔瀑布雾汽较大，可随身携带雨伞或者雨衣在身上，以及溯溪鞋和舒适的运动跑步鞋
2.饮食习惯偏酸辣，吃不惯的话可提前和厨房说一下
3.苗寨写真建议去到再慢慢挑选，那里有几百家写真馆，可以实地看衣服和妆造再进行选择，人多还可以讲价或多要几张精修，网上客片水较深
﻿#贵州旅游﻿ ﻿ ﻿﻿#贵州旅游攻略﻿ ﻿ ﻿#贵州保姆级攻略﻿ ﻿ ﻿#笔记灵感﻿﻿ ﻿﻿#黄果树瀑布﻿﻿#荔波小七孔﻿ ﻿﻿#西江千户苗寨﻿ ﻿﻿#梵净山﻿",1576,1606,64,https://www.xiaohongshu.com/explore/676d038c000000001301ae7a?xsec_token=AB5S4ThkqHl9pD5n5oLFTS6a08sD7bz2hs76N37bCdvEU=&xsec_source=pc_search&source=web_explore_feed,https://sns-webpic-qc.xhscdn.com/202502281442/d3acc027c0e8d55c8796f69bfec05700/spectrum/1040g0k031bqrhop9h2104a4qp34m9rjkjddtldg!nd_dft_wlteh_webp_3,一颗Phoebe.,,
听劝1-3月来贵阳的姐妹，码住(巨全！！,"说真的，贵阳好玩是好玩，就是需要提前做攻略，不然会遇到好多坑啊，整理了一份攻略，希望能帮到即将来贵阳的姐妹们
	
#本地人做的攻略 #贵阳 #贵阳旅游 #贵阳美食 #冬天旅游胜地 #贵阳旅游攻略",2891,2616,200,https://www.xiaohongshu.com/explore/6790a6bd000000001800d29f?xsec_token=ABVkgH4Y3Lj62A-yS49yEZ33o0VR-N-k10-oRWYl1KJzE=&xsec_source=pc_search&source=web_explore_feed,https://sns-webpic-qc.xhscdn.com/202502281442/bafce220189174e8ae072189e4b3a9df/1040g2sg31cuuiu8ogujg5pb7teao6uooj47adh8!nd_dft_wlteh_webp_3,小年糕,,
贵州自由行｜高铁+大巴攻略❗️不累不折腾,"day1:高铁到贵阳北站，晚上去甲秀楼-白宫
	
day2:
高铁🚄贵阳北➡️安顺西
汽车：旁边安顺西客运站➡️黄果树瀑布景区
景区游玩大概6个小时，原路返回贵阳住宿
	
day3:带行李走
高铁🚄贵阳北➡️荔波➡️景区直通车➡️小七孔景区东门（寄存行李）
景区游玩大概4个小时，东门进东门出拿行李.
🚌小七孔景区直通车➡️西江千户苗寨（车票可在现场买，旺季暑期最好携程上提前买票）
晚上住宿西江千户苗寨景区内，最好选择民宿在山脚下的，因为苗寨景区内是缓坡往山上走的。
	
day4:
西江千户苗寨内溜达，拍拍写真
下午大北门出去即客运站买票➡️高铁站凯里
高铁🚄凯里➡️贵阳北
	
涉及到的门票🎫有
黄果树瀑布：门票+观光车+扶梯+意外保险=270
荔波小七孔：门票+观光车=170
西江千户苗寨：门票+观光车=110
	
#荔波小七孔 #贵州 #黄果树瀑布 #西江千户苗寨",2583,3214,68,https://www.xiaohongshu.com/explore/66cd2b94000000001d014408?xsec_token=ABj7VgW-CDyAu17XE50g0ymo_aL9ycmNt5JE3iBf25GNc=&xsec_source=pc_search&source=web_explore_feed,https://sns-webpic-qc.xhscdn.com/202502281442/5920c248c553e24c7725841795fb56b6/1040g00831701pse7jm005p0b5caaan2ihhcojbg!nd_dft_wlteh_webp_3,事儿逼小鼓,,
贵阳自由行！！！（超详细攻略！🆕）,姐妹们！！！这次攻略我还是蛮有自信滴！今天刚刚结束旅行～超快乐！！#贵州旅行 #黄果树旅游攻略 #小七孔 #西江千户苗寨 #西江千户苗寨写真 #贵阳美食 #西江千户苗寨住宿 #贵阳旅游,533,598,43,https://www.xiaohongshu.com/explore/66f8c3fc000000002c015dd2?xsec_token=ABQTqRxmcZAKizJF_y-xTNZWSw_gg4qp7F3fksEPiz1kg=&xsec_source=pc_search&source=web_explore_feed,https://sns-webpic-qc.xhscdn.com/202502281442/c9c849230285a8c9a501830dd3bfdc17/1040g2sg318ak5bs3kc7049l3tsvp74vi0el6hro!nd_dft_wlteh_webp_3,璐璐璐璐lulu,,
元旦贵阳citywalk，天冷也出片的机位分享！,"主页查看详细的线路攻略，推荐度从高到低排列～
	
P1 【天主堂】
始建于1874年，是贵阳市现存历史最长、中西建筑风格混合的天主教教堂。建议早一点去，顺光还能避开人群。
	
P2 【泉湖公园】
贵阳人把这栋全木质的建筑叫“怪楼”，跑到水池前面，蓝天下倒影到水里面，非常出片。
	
P3  【地球心脏】
贵阳附近，近看平平无奇，就是个普通的暗红色水塘，但航拍像极了心脏，有心房、心室、动脉、毛细血管。
	
P4 【钟书阁】
贵阳最美书店，没有之一，1月6号就到关店了。书店内地面、墙面、天花板都是镜子，有一种时空交错的感觉。
	
P5 【西普陀寺】
原名白云寺，始建于康熙六年(公元1667年)，有几个机位很好看，位于市区，交通方便，人称贵阳小故宫。
	
P6  【贵州省博物馆】
去省博感受贵州的历史，会刷新很多对贵州的认知。
	
P7 【 白宫】
本名花果园博央艺术中心，是贵阳企业家肖春红造价27亿元的私宅。因其欧式白色建筑风格，贵阳人都叫白宫。
	
P8 【夜郎谷】
1个人，27年，用对艺术的执着追求，亲手建造了神秘多彩的石头王国，充满了异域风情！
	
P9 【万华禅院】
贵州佛教发源地，据传建文帝曾在此禅坐修行。都说此处许愿祈福很灵，还可以50元捐两块瓦片（可写自己名字）为寺院添砖加瓦。
	
P10 【仙人洞道观】
位于贵阳市中心，爬山位于悬崖之上的道观，可以俯瞰南明河和城市风光，随手一拍都很好看。
	
P11 -13【东山寺】
东山寺始建于明朝洪武年间,交通方便，是贵阳看日出日落、朝霞晚霞、城市风光的最佳地方有很多机位都很出片。
	
P14【悦然时光】
商场顶部的环形楼梯，和远处的金融城，有几分大城市的感觉。
	
P15【青云市集】
贵阳最大的不夜城，有几百家吃喝玩乐的店，霓虹闪烁，灯火通明。
	
P16【甲秀楼】
贵阳市的地标性建筑，来了怎么也得去看看，附近有青云市集和老城小巷，很值得去逛逛。
	
以上15个地方推荐大家一定去看看，每个地方都很出片，赞爆你的朋友圈！
	
游玩tips：
1、泉湖公园、西普陀寺、繁华里挨着的。贵州省博物馆、钟书阁、悦然时光也是挨着的。
2、甲秀楼、青云市集很近，附近还有老城的小巷子，很好看很出片
3、东山寺在市区，但天气不好只能看个夜景，天气好必冲，蹲个日落晚霞啥都值了！
#贵阳小众拍照地 #贵阳旅游攻略贵阳冬天 #贵阳周边 #贵阳周末游玩 #贵阳打卡 #贵阳拍照 #贵州旅游 #贵阳city_walk #贵阳元旦攻略 #贵阳元旦好去处",1553,1456,106,https://www.xiaohongshu.com/explore/676fa3cd000000000902cd93?xsec_token=ABF1HT2Er6I_QvSLBv43wlETAfOxTn3BKHaFUxNdyaBp4=&xsec_source=pc_search&source=web_explore_feed,https://sns-webpic-qc.xhscdn.com/202502281442/f4ad297345ee4ab62def480fe6cf405d/1040g2sg31bumv4i408dg5na87njlkivqk8pupq0!nd_dft_wlteh_webp_3,小万同学,,
真心提醒寒假1-3月去贵阳的姐妹，听劝,"1月以及之后如果想要来去贵阳的姐妹们看过来，作为来了贵阳5次的亲身经历，给大家整理了一份很实用的贵阳旅游攻略，希望可以帮到大家
	
#吃遍一座城的烟火气 #贵阳旅游 #贵阳美食 #贵阳旅游攻略 #美食推荐 #大学生寒假旅游",1790,1834,168,https://www.xiaohongshu.com/explore/67944a7c000000001701dc16?xsec_token=ABqopgTeLm9AJYDX9Kp8GlwTKW-6ILJJiEth_msh756ww=&xsec_source=pc_search&source=web_explore_feed,,小年糕,,
别再说来贵州不好玩了😂看我这篇攻略❗️,"🌈贵州素有“八山一水一分田”之称，这里有着最灵动的自然山水风光和最美的喀斯特地貌，只要您一抬眼就是绝美的青山绿水。
	
🌊当各个省份温度报表的时候，我们的贵州，还要过20多度的秋天
👭🏻想要避暑的小姐妹们，已经错过了7月，就不要让8月留下遗憾。
⛈️贵州8月气温：平均温度18~30度
👗穿搭：贵州气候多变，有时候说下雨就下雨，雨天早晚温差较大，建议带一件薄外套🥼。晴天以短袖裙子为主，
👩‍👩‍👧‍👦免门票人群：
①全国大、中、小学生（包括中职、高职、研究生）
2全国6岁以下儿童、60岁以上老年人
③人民警察、教师、医护工作者、旅游法和国家有关政策规定的群体
④广东省居民、江苏常居人群、港澳台地区居民
	
🎈出行准备
根据自身情况提前订好高铁或机票。
身份证及优惠证件，带上少量的现金
准备一些肠胃药，晕车药，感冒药驱蚊水。
天气多变，一定要提前查看天气预报，找个好点的天气天气好超级出片。
⭕景点推荐：
✅黄果树瀑布：亚洲 zui 大的瀑布，也是世界 zui 宽阔壮观的瀑布之一。
✅荔波小七孔：镶嵌在地球上的绿宝石，人生必打卡之地。
✅西江千户苗寨：这里的自然环境优美，山水秀丽，贵州版的千与千寻世界。
✅镇远古镇：其历史悠久，有近2300年的历史，城内外有许多古建筑、传统民居、历史码头等。
✅青岩古镇：贵州四大古镇之一，也是明清时期的军事重镇
✅梵净山：它是一座拥有地质奇观的高山，海拔2572米，群峰高耸，千沟万壑，有高山石林峰群，
💫4日线路推荐
线路A
Day1 贵阳→黄果树→贵阳
Day2 贵阳→荔波小七孔→荔波
Day3 荔波大七孔→西江苗寨
Day4 西江千户苗寨→贵阳
线路B
Day1 贵阳→荔波小七孔→西江苗寨
Day2 西江苗寨→镇远古镇
Day3 镇远古镇→梵净山
Day4 梵净山→贵阳
😓如果不想做攻略，害怕人挤人，可以了解一下旅游包车自由行，可以私人定制路线，不用早起赶路，也不用拖着行李到处转车🚌，每天师傅会酒店与景点之间来回接送，🧳行李还可以放在车上，让你的旅程更加轻松愉快！
🌸需要了解的小伙伴们可以点击下方链接【购买同款】咨询客服哟☺☺☺
#旅行推荐官 #贵州旅游 #旅行攻略 #贵州旅游攻略 #旅游攻略 #贵州旅游包车#贵州包车 #贵州旅行攻略",99,143,11,https://www.xiaohongshu.com/explore/66ab0850000000000502279b?xsec_token=ABksA6RsYkirkyDylhg-Xy93ghZF-a22qazD03WsVIYAo=&xsec_source=pc_search&source=web_explore_feed,https://sns-webpic-qc.xhscdn.com/202502281442/7057210dca5f488f711fcd4b0fe664b8/1040g2sg315un096t1cdg5pbcbk76afc5lbg9i1g!nd_dft_wlteh_webp_3,君安悦行,,
第一次来贵州‼️5天4晚攻略（懒人版）🥹,"🎉🎉第—次来的宝子别怕踩💣，这份懒人版攻略把精华景点、住宿建议等全都说清楚啦‼️赶紧码住出发吧！
·
💗2月-3月可以游玩景点
🌼兴义万峰林：油菜花田花已开，巨大的福字八卦田在春天熠熠生辉，壮观无比！
🌼黄果树瀑布：2月水量逐渐递增，游玩人数也并不是很多，值得一去！
🌼荔波小七孔：人称“人间绿宝石”，春天的水颜色是最美的！
🌼梵净山：春季万物fu苏，梵净山在云雾缭绕中更显神秘，山上植被逐渐变绿，登顶后能将壮丽春景尽收眼底
🌼贵阳观山湖公园：最佳观赏期3月-5月，🌻花的品种较多，有樱花、李花、桃花、金合欢、海棠等
··
🚈🚈5日游交通规划
DAY1️⃣贵阳--（住宿：住市中心喷水池附近）
抵达贵阳🔜喷水池🔜正新街🔜民生路🔜蔡家街🔜黔灵山公园/东山寺🔜白宫
	
DAY2️⃣黄果树瀑布（住宿：返回贵阳或者自驾的朋友可以前往荔波）
①贵阳北站——安顺西站，⏱️约30分钟
②安顺客运西站——黄果树瀑布景区的大巴
	
DAY3️⃣荔波小七孔（住宿看个人住荔波或者去苗寨）
①贵阳北站——荔波站💰64r起，⏱️约1小时20分钟
②然后坐公交（11路）或者直通车直达——小七孔景区，⏱️约30分钟
	
DAY4️⃣西江千户苗寨（住苗寨，如果前一晚已经住过，可选择不住)
①高铁+大巴:贵阳北站——凯里南站💰58.5r起，⏱️约35分钟
②再从凯里南站坐景区直通车——西江千户苗寨，⏱️约1个小时。
	
DAY5️⃣梵净山（返回贵阳，结束行程）
①贵阳北站——铜仁南站💰122r起⏱️约1小时15分钟，后有直达梵净山的专线车
②苗寨(景区大巴)——凯里南(高铁1小时10分)——铜仁站，约2小时
	
﻿#贵州旅游攻略﻿ ﻿#黄果树瀑布﻿ ﻿#西江千户苗寨﻿ ﻿#游玩攻略﻿ ﻿#旅游攻略﻿ ﻿#贵州旅游﻿ ﻿#荔波小七孔﻿ ﻿#梵净山﻿ ﻿#贵阳旅游﻿ ﻿#不早起旅行日记﻿",494,567,27,https://www.xiaohongshu.com/explore/67af0268000000002900bca0?xsec_token=ABfiKflVnmRIw5OEvAx38tVAgj1HZe-17PRyRRjexahho=&xsec_source=pc_search&source=web_explore_feed,,泡芙去哪玩,,
2.6 听劝！第一次来贵州的，防踩坑的真实攻略,"结论篇：
以贵阳为中转站，全程都住在贵阳，去黄果树瀑布，去荔波小七孔，都是贵阳当天往返，时间足够足够了。全程都是坐高铁➕景区直通车去的，没有自驾，也是很方便的。
千户苗寨没去，据说商业化太严重了。梵净山想去，但是距离贵阳实在太远了，加上春节这几天天气太差了，所以不得不放弃了。
	
单独篇：主页更新了贵阳篇，黄果树瀑布篇，荔波小七孔篇
	
推荐路线：
Day1：落地贵阳，贵阳city walk。白天推荐贵州博物馆，贵阳民族博物馆，黔灵山公园(有🐒，怕的别去)，晚上推荐甲秀楼，民生路吃饭，青云集市逛一逛
Day2：贵阳➡️荔波小七孔➡️贵阳当天往返
这个我是踩坑了，一定先去小七孔，再去黄果树
我先去的黄果树，再去的荔波小七孔。黄果树瀑布当天大量的徒步，腿走得太累了，第二天早起去荔波小七孔的时候，有点走不动了。荔波小七孔的丰富性，观赏性比黄果树要好，所以可以先去小七孔，再去黄果树，这样强度是慢慢递增的。
小七孔，东进东出，很出片
Day3：贵阳➡️黄果树➡️贵阳当天往返
如果之前在其他地方看过瀑布，那么请降低对黄果树瀑布的期待(这是可以说的吗🐶)
黄果树瀑布是一场巨大巨大的徒步，爬山涉水的，路线走天星桥下半程➡️大瀑布➡️陡坡塘。景色感觉没有很惊艳，空气倒是真不错。在大瀑布那里拍照还是挺壮观的，水帘洞如果要去，做好排长队的预期。
Day4：贵阳返回
第一天是下午到的，最后一天回杭州，可以把贵阳市内的景点逛逛，吃吃美食，逛逛夜市。
@薯队长 @薯条小助手 @本地薯 @摄影薯 #贵州旅游 #贵州 #贵州旅游 #贵阳旅游 #黄果树瀑布 #荔波小七孔",556,732,103,https://www.xiaohongshu.com/explore/67a42ea1000000002903e0cd?xsec_token=ABEqeWlwUEEWjp88LtHAsHxLtoHgG1hYolKXqCcHzyPBw=&xsec_source=pc_search&source=web_explore_feed,https://sns-webpic-qc.xhscdn.com/202502281443/c1fe9f63ff5bd1421ca2dc585a2c8086/1040g2sg31di5mmrv0c0049d0tvjeb9icc1seuo0!nd_dft_wlteh_webp_3,海鲜粥,,
别再说来贵州不好玩了😂看我这篇攻略❗️,"🌈贵州素有“八山一水一分田”之称，这里有着最灵动的自然山水风光和最美的喀斯特地貌，只要您一抬眼就是绝美的青山绿水。
	
🌊当各个省份温度报表的时候，我们的贵州，还要过20多度的秋天
👭🏻想要避暑的小姐妹们，已经错过了7月，就不要让8月留下遗憾。
⛈️贵州8月气温：平均温度18~30度
👗穿搭：贵州气候多变，有时候说下雨就下雨，雨天早晚温差较大，建议带一件薄外套🥼。晴天以短袖裙子为主，
👩‍👩‍👧‍👦免门票人群：
①全国大、中、小学生（包括中职、高职、研究生）
2全国6岁以下儿童、60岁以上老年人
③人民警察、教师、医护工作者、旅游法和国家有关政策规定的群体
④广东省居民、江苏常居人群、港澳台地区居民
	
🎈出行准备
根据自身情况提前订好高铁或机票。
身份证及优惠证件，带上少量的现金
准备一些肠胃药，晕车药，感冒药驱蚊水。
天气多变，一定要提前查看天气预报，找个好点的天气天气好超级出片。
⭕景点推荐：
✅黄果树瀑布：亚洲 zui 大的瀑布，也是世界 zui 宽阔壮观的瀑布之一。
✅荔波小七孔：镶嵌在地球上的绿宝石，人生必打卡之地。
✅西江千户苗寨：这里的自然环境优美，山水秀丽，贵州版的千与千寻世界。
✅镇远古镇：其历史悠久，有近2300年的历史，城内外有许多古建筑、传统民居、历史码头等。
✅青岩古镇：贵州四大古镇之一，也是明清时期的军事重镇
✅梵净山：它是一座拥有地质奇观的高山，海拔2572米，群峰高耸，千沟万壑，有高山石林峰群，
💫4日线路推荐
线路A
Day1 贵阳→黄果树→贵阳
Day2 贵阳→荔波小七孔→荔波
Day3 荔波大七孔→西江苗寨
Day4 西江千户苗寨→贵阳
线路B
Day1 贵阳→荔波小七孔→西江苗寨
Day2 西江苗寨→镇远古镇
Day3 镇远古镇→梵净山
Day4 梵净山→贵阳
😓如果不想做攻略，害怕人挤人，可以了解一下旅游包车自由行，可以私人定制路线，不用早起赶路，也不用拖着行李到处转车🚌，每天师傅会酒店与景点之间来回接送，🧳行李还可以放在车上，让你的旅程更加轻松愉快！
🌸需要了解的小伙伴们可以点击下方链接【购买同款】咨询客服哟☺☺☺
#旅行推荐官 #贵州旅游 #旅行攻略 #贵州旅游攻略 #旅游攻略 #贵州旅游包车#贵州包车 #贵州旅行攻略",99,143,11,https://www.xiaohongshu.com/explore/66ab0850000000000502279b?xsec_token=ABksA6RsYkirkyDylhg-Xy93ghZF-a22qazD03WsVIYAo=&xsec_source=pc_search&source=web_explore_feed,https://sns-webpic-qc.xhscdn.com/202502281443/cc5f9d491e989958662f382b037a0e65/1040g2sg315un096t1cdg5pbcbk76afc5lbg9i1g!nd_dft_wlteh_webp_3,君安悦行,,
第一次来贵州‼️5天4晚攻略（懒人版）🥹,"🎉🎉第—次来的宝子别怕踩💣，这份懒人版攻略把精华景点、住宿建议等全都说清楚啦‼️赶紧码住出发吧！
·
💗2月-3月可以游玩景点
🌼兴义万峰林：油菜花田花已开，巨大的福字八卦田在春天熠熠生辉，壮观无比！
🌼黄果树瀑布：2月水量逐渐递增，游玩人数也并不是很多，值得一去！
🌼荔波小七孔：人称“人间绿宝石”，春天的水颜色是最美的！
🌼梵净山：春季万物fu苏，梵净山在云雾缭绕中更显神秘，山上植被逐渐变绿，登顶后能将壮丽春景尽收眼底
🌼贵阳观山湖公园：最佳观赏期3月-5月，🌻花的品种较多，有樱花、李花、桃花、金合欢、海棠等
··
🚈🚈5日游交通规划
DAY1️⃣贵阳--（住宿：住市中心喷水池附近）
抵达贵阳🔜喷水池🔜正新街🔜民生路🔜蔡家街🔜黔灵山公园/东山寺🔜白宫
	
DAY2️⃣黄果树瀑布（住宿：返回贵阳或者自驾的朋友可以前往荔波）
①贵阳北站——安顺西站，⏱️约30分钟
②安顺客运西站——黄果树瀑布景区的大巴
	
DAY3️⃣荔波小七孔（住宿看个人住荔波或者去苗寨）
①贵阳北站——荔波站💰64r起，⏱️约1小时20分钟
②然后坐公交（11路）或者直通车直达——小七孔景区，⏱️约30分钟
	
DAY4️⃣西江千户苗寨（住苗寨，如果前一晚已经住过，可选择不住)
①高铁+大巴:贵阳北站——凯里南站💰58.5r起，⏱️约35分钟
②再从凯里南站坐景区直通车——西江千户苗寨，⏱️约1个小时。
	
DAY5️⃣梵净山（返回贵阳，结束行程）
①贵阳北站——铜仁南站💰122r起⏱️约1小时15分钟，后有直达梵净山的专线车
②苗寨(景区大巴)——凯里南(高铁1小时10分)——铜仁站，约2小时
	
﻿#贵州旅游攻略﻿ ﻿#黄果树瀑布﻿ ﻿#西江千户苗寨﻿ ﻿#游玩攻略﻿ ﻿#旅游攻略﻿ ﻿#贵州旅游﻿ ﻿#荔波小七孔﻿ ﻿#梵净山﻿ ﻿#贵阳旅游﻿ ﻿#不早起旅行日记﻿",494,567,27,https://www.xiaohongshu.com/explore/67af0268000000002900bca0?xsec_token=ABfiKflVnmRIw5OEvAx38tVAgj1HZe-17PRyRRjexahho=&xsec_source=pc_search&source=web_explore_feed,,泡芙去哪玩,,
2.6 听劝！第一次来贵州的，防踩坑的真实攻略,"结论篇：
以贵阳为中转站，全程都住在贵阳，去黄果树瀑布，去荔波小七孔，都是贵阳当天往返，时间足够足够了。全程都是坐高铁➕景区直通车去的，没有自驾，也是很方便的。
千户苗寨没去，据说商业化太严重了。梵净山想去，但是距离贵阳实在太远了，加上春节这几天天气太差了，所以不得不放弃了。
	
单独篇：主页更新了贵阳篇，黄果树瀑布篇，荔波小七孔篇
	
推荐路线：
Day1：落地贵阳，贵阳city walk。白天推荐贵州博物馆，贵阳民族博物馆，黔灵山公园(有🐒，怕的别去)，晚上推荐甲秀楼，民生路吃饭，青云集市逛一逛
Day2：贵阳➡️荔波小七孔➡️贵阳当天往返
这个我是踩坑了，一定先去小七孔，再去黄果树
我先去的黄果树，再去的荔波小七孔。黄果树瀑布当天大量的徒步，腿走得太累了，第二天早起去荔波小七孔的时候，有点走不动了。荔波小七孔的丰富性，观赏性比黄果树要好，所以可以先去小七孔，再去黄果树，这样强度是慢慢递增的。
小七孔，东进东出，很出片
Day3：贵阳➡️黄果树➡️贵阳当天往返
如果之前在其他地方看过瀑布，那么请降低对黄果树瀑布的期待(这是可以说的吗🐶)
黄果树瀑布是一场巨大巨大的徒步，爬山涉水的，路线走天星桥下半程➡️大瀑布➡️陡坡塘。景色感觉没有很惊艳，空气倒是真不错。在大瀑布那里拍照还是挺壮观的，水帘洞如果要去，做好排长队的预期。
Day4：贵阳返回
第一天是下午到的，最后一天回杭州，可以把贵阳市内的景点逛逛，吃吃美食，逛逛夜市。
@薯队长 @薯条小助手 @本地薯 @摄影薯 #贵州旅游 #贵州 #贵州旅游 #贵阳旅游 #黄果树瀑布 #荔波小七孔",556,732,103,https://www.xiaohongshu.com/explore/67a42ea1000000002903e0cd?xsec_token=ABEqeWlwUEEWjp88LtHAsHxLtoHgG1hYolKXqCcHzyPBw=&xsec_source=pc_search&source=web_explore_feed,https://sns-webpic-qc.xhscdn.com/202502281443/c1fe9f63ff5bd1421ca2dc585a2c8086/1040g2sg31di5mmrv0c0049d0tvjeb9icc1seuo0!nd_dft_wlteh_webp_3,海鲜粥,,
3-5月去个贵州旅游的。,"看看这份不交智商税的贵州旅游攻略吧！
#贵州旅游攻略 #贵州旅游推荐 #贵州旅游景点 #贵州旅游推荐官 #贵州旅游",69,86,27,https://www.xiaohongshu.com/explore/67bc1dda0000000007035258?xsec_token=ABa24pGds3urSNzETqnEqRYVDKFZkAGi34X4TpvuY8vrI=&xsec_source=pc_search&source=web_explore_feed,,啊玲旅行,,
贵阳，本四川人说句实话,"全中国一半人口在贵阳，小红书上各种安利，终于没有忍得住来凑凑热闹。
四天感观，没有小红书说得那么好，也没有那么差，个人感觉如下：
①专门跑一趟贵阳大可不必，作为中转站玩半天一天就够了。小红书上推的大觉精舍、文昌阁都在装修，甲秀楼一般，黔灵山好挤，白宫和双子塔5分钟打个卡就可以了，电台巷、圆通路的个性小店非常一般，青云市集很好，就是人太多，直接吓退。青岩古镇最差评，全是义乌批发的小玩意，占据大街小巷一生顽强旅拍的中国女人，吃的也很一般。夜郎谷的口碑有点两极分化，学艺术的话可能兴趣要浓厚一些，拍照出片没得说。
②美食确实多，不必找网红店，像重庆火锅一样，随便找一家都不会太差。烙锅也有好几种，水城烙锅可冲，辣子鸡好吃，肠旺面碱味很浓吃不惯，但各种粉类还可以。贵厨酸汤牛肉吃一次还行，味道有点不适应。
③冷门一点的路线：下午去西普陀寺，红墙黄墙和各种蔷薇很出片，然后去对面梵华里，在电影院旁边有个网红打卡地也非常出片，然后不用排队直接可吃贵厨，天黑之后去云楼拍夜景，还可以感受一波广场舞。
	
④实在要来仔细感受也可以，避开暑假太热，等贵阳热度降一些再来吧。
#贵阳 #贵阳旅游攻略",1030,1283,254,https://www.xiaohongshu.com/explore/66cc572b000000001d03870b?xsec_token=ABIDxc1z5jV5nCsqvQgdYLIqRxAPqNsjgREYsMdd9AT64=&xsec_source=pc_search&source=web_explore_feed,https://sns-webpic-qc.xhscdn.com/202502281443/a49bf65bbbec5ab02bab1b7d0d7bd64a/1040g008316v7s81ugs5g4buo7aljai1hvao9ro8!nd_dft_wlteh_webp_3,我有只狗子叫馒头,,
贵阳-黄果树瀑布一日往返（精确时间版）,"整体感受
出行：有扶梯索道及下半程攻略，整体步行强度低于荔波小七孔，9.1日游客量少，景区游览舒适度高，观光车等无需排队。景区返回票务中心及高铁站需要经过观光车-摆渡车-大巴车，流程更繁琐
	
景点：黄果树瀑布倾泻而下壮观宏伟；天星桥景区兼具山石溶洞藤蔓树林瀑布，趣味横生；陡坡塘相对轻松省力，主打回忆童年西游记。
	
个人喜好：天星桥＞黄果树大瀑布＞陡坡塘。
	
个人建议下午游览天星桥，因为都是山间密林小路，一点都不晒，人逛起来会舒服很多
	
游览路线及时间
G2969 贵阳北7.40-安顺西8.09
8.22分坐上安顺西高铁站至景区大巴
9点抵达黄果树景区票务中心停车场
9.08坐上去「大瀑布」的观光车
9.26抵达「大瀑布」门口
9.30进园游览，步行至观景台
10.22乘坐扶梯返回出口（可现场购买扶梯单程票30元/人）
10.40乘坐去往「陡坡塘」观光车
10.46抵达「陡坡塘」开始游览
11.25乘坐去往「天星桥」观光车
11.41抵达「天星桥」景区入口
11.44进园区
12.05抵达「天星桥景区下半程」入口，游览了天星洞15min
12.50抵达「银坠瀑布」
13抵达「索道」入口
13.13坐上索道（现场扫码购票10元/人）
13.18坐上摆渡车回到「天星桥景区门口」
13.27坐上天星桥观光车返回票务中心
13.50抵达整个景区的出口
注意：开始以为会直接到黄果树票务中心停车场，结果发现还要坐3分钟摆渡车）
	
14 出口坐上免费摆渡车去「黄果树票务中心停车场」
14.03抵达，步行5分钟抵达早上的大巴下车点「黄果树票务中心停车场」
14.10坐上黄果树景区去往安顺西高铁站大巴
15点抵达安顺西高铁站
吃饭休息
17.15分高铁返回贵阳（想改签早一点的高铁但没有票了）
	
注意事项
微信小程序“好行网”上购买大巴票，有新人优惠券，无需线下排队，返程时无需在客车站购票直接上车后验票或买票
	
景区已经增加天星桥下半程指引，天星桥景区验票进入后，跟着人流走到数生步，4月份处有“高老庄”指引牌，再往前走即可看到“天星桥下半程”指引牌，跟着走即可，会途径民俗博物馆、水果摊、商业街，然后看到麦当劳旁边的卫生间，穿过卫生间旁边过道即可见“下半程入口”标识，全程步行约15-20min
	
#和大自然亲密接触 #徒步好风景 #一起享受大自然的美 #不可错过的美景 #自然风光分享 #大自然 #黄果树瀑布 #黄果树大瀑布",2706,4387,249,https://www.xiaohongshu.com/explore/66d41aec000000001f0198ee?xsec_token=ABp_nd6uRKCPfGHj7L12PRMi4yYYRfb2sAB0nrI2TpzEE=&xsec_source=pc_search&source=web_explore_feed,https://sns-webpic-qc.xhscdn.com/202502281443/5abbc5de74dbe89be5a280cd2ab17d3a/1040g2sg3176qgr7kjucg5n40gus409hnr9ng1jo!nd_dft_wlteh_webp_3,Singsingsong,,
土著手写贵州旅游攻略😭哪里找到这么全的,"谁懂！真的被自己手写的贵州攻略震惊到了😎不仅全👍字写的还好看😍
本土著推见路线蕞大程度满足你的一趟贵州之旅！🐎码住💯不吃亏‼️分享给各位互联网姐妹
-
💁🏻‍♀2024贵州旅游景点免门票
🈶属龙人群、广东户籍居民、江苏省居民
🈶学生免票: 只要你还在读书，不管是大中小学生还是研究生
🈶60岁以上的老人，6岁以下的儿童
🈶人民警察，教师，医护人员，消防员等
-
🚗交通指南
✅贵阳龙洞堡国际机场交通
🔹机场大巴:30min到市区,10-20。
🔹滴滴/出租车:30-50左右。游客建议打网约车,靠谱点
🔹公交:看机场指示牌前往乘坐,但不建议坐哦,费时
✅贵阳高铁
🔹建义到贵阳东站和北站,两个均为高铁站
--
🌟路线规划
☑️Day1：抵达贵阳 - 黔灵山公园
到达贵阳后，去黔灵山公园逛逛，和可爱的猴子来个亲密接触。
☑️Day2：贵阳 - 黄果树瀑布
上午前往黄果树景区，游览黄果树大瀑布、天星桥、陡坡塘等景点，感受大自然的鬼斧神工。
☑️Day3：小七孔 - 西江千户苗寨
小七孔的景色真的超级美，碧绿的湖水让人陶醉
晚上抵达西江千户苗寨，欣赏千户苗寨的璀璨夜景
在苗寨里可以穿上苗族传统服饰拍照，感受苗族文化
☑️Day4：西江千户苗寨 - 镇远古城(可选择不去)
下午前往镇远古城，漫步在古街古巷，感受岁月的痕迹。
☑️Day5：梵净山 - 贵阳 - 返程
梵净山的景色非常壮观，运气好的话还能看到云海。
-
希望大家在贵州玩得开心~~🥰🥰  #贵州旅游攻略   #贵州旅游   #旅游攻略   #旅行日记   #荔波小七孔   #黄果树瀑布   #梵净山   #周末去哪儿   #假期去哪儿玩   #笔记灵感",6506,8683,531,https://www.xiaohongshu.com/explore/66cc4fc5000000001d01bd9e?xsec_token=ABIDxc1z5jV5nCsqvQgdYLIig51kgf6wVndUHsZjlaPEA=&xsec_source=pc_search&source=web_explore_feed,https://sns-webpic-qc.xhscdn.com/202502281443/e91ae8adfbbc5bc12b39375339fca84f/spectrum/1040g34o319rfend9mo005pg0rv0jcv41vh6jd98!nd_dft_wlteh_webp_3,泡芙去哪玩,,
贵阳三日游|真实避雷＆推荐，不看准后悔！,"冲着贵阳对广东居民免门票，姐几个端午直冲贵阳，三天下来，帮大家整理了一些真心推荐和避雷的景点或小吃。
避雷❎️
1️⃣.尽量不要租车自驾 🚙
我看到了挺多博主说不建议在贵州自驾的贴，我很是迷惑，因为当时计划是第二天去荔波，所以还是选择当地租车了，哦豁，我可算是明白为啥了。不建议的原因有：
（1）贵州的道路很窄，且路况都是山路十八弯的形式，没有丰富驾驶经验，谨慎驾驶！
（2）贵州停车费贵，且停车不方便！ 大多数路面的停车位都不对外开放，然后就只能山路十八弯的开去地下停车场。吃饭、住宿的地方、基本都不提供免费停车的，我们从晚上12点到第二天早上10点，收了50块钱。这钱我打车不香吗？
2️⃣小七孔和龙架山公园
（1）小七孔
首先，小七孔我不避雷，因为小七孔我没去，但是小七孔的景色真的太看天气了！
9号那天下大雨，出发前建议直接在红薯上搜一下实况的帖子，我当时搜了，看到当天的水都是黄的，于是果断放弃了！毕竟从贵阳开车过去要将近4小时呢！
2.龙架山国家森林公园
景点不密集，到处都是树，然后还有一个就是绣球花，啊，贵州路边不到处都是嘛， 就不建议大家专程跑一趟了！
3️⃣民生路小吃街（臭豆腐可以自己一条街吗？这味道让我感觉不能呼吸）
不推荐的小吃有
1.黔义家王记 （这家香酥鸭炸的太过头了，吃的发麻发苦，难吃二字它配的上）
2.不记得哪家的糯米饭（没做攻略就不要随便吃糯米饭，饭是饭，糯米是糯米的）
3.厕所馒头（确实没什么特色吧，吃不惯折耳根的话那更要命）
推荐✅️
1️⃣黔灵山
山上有超级多猴子，而且还有大熊猫、天鹅等等、主要是景色也不错，这让我看到了一种生命活力，更重要是它免门票啊！
2️⃣贵阳大剧院
当时下雨，于是去看了在贵阳大剧院的《多彩贵州风》，可以咸鱼上找票，会便宜很多，演出的算不上特别震撼，但是我觉得现场轻松欢快的氛围很好，而且演出也让我进一步了解了“爽爽的贵阳”
3️⃣青云早市市集
有很多当地的小吃聚集，而且也是当地人的菜市场，我们当时买了一些水蜜桃，吃了牛肉粉，便宜美味！也可以试试当地的李子，脆甜！
4️⃣食物推荐
1.李山山（这家可以盲选）
2.小烙当家活油烙锅（好吃，这应该是离开贵州唯一的念想，不过这家菜份量有点少）
3.贵厨酸汤牛肉火锅（朋友们觉得不错，我觉得稍微咸了一些）
4.华娟烧烤餐吧（脆哨炒饭不要太香！ 第二个推荐的就是牛肉串！）#贵阳 #贵阳大剧院 #贵阳美食 #小七孔攻略",548,790,77,https://www.xiaohongshu.com/explore/667f7cd8000000001c03504d?xsec_token=AB5ytyvvdCCGQBxFsuGCzmX6L-aLqdlILS6Z3__Y7WUI0=&xsec_source=pc_search&source=web_explore_feed,https://sns-webpic-qc.xhscdn.com/202502281443/f9c833940cd29172c560b2e0cc0a7b9a/1040g2sg314k67frtmkd05n6q6q05pcipodnjlcg!nd_dft_wlteh_webp_3,Vicky尹,,
土著手写贵州旅游攻略😭哪里找到这么全的,"谁懂！真的被自己手写的贵州攻略震惊到了😎不仅全👍字写的还好看😍
本土著推见路线蕞大程度满足你的一趟贵州之旅！🐎码住💯不吃亏‼️分享给各位互联网姐妹
-
💁🏻‍♀2024贵州旅游景点免门票
🈶属龙人群、广东户籍居民、江苏省居民
🈶学生免票: 只要你还在读书，不管是大中小学生还是研究生
🈶60岁以上的老人，6岁以下的儿童
🈶人民警察，教师，医护人员，消防员等
-
🚗交通指南
✅贵阳龙洞堡国际机场交通
🔹机场大巴:30min到市区,10-20。
🔹滴滴/出租车:30-50左右。游客建议打网约车,靠谱点
🔹公交:看机场指示牌前往乘坐,但不建议坐哦,费时
✅贵阳高铁
🔹建义到贵阳东站和北站,两个均为高铁站
--
🌟路线规划
☑️Day1：抵达贵阳 - 黔灵山公园
到达贵阳后，去黔灵山公园逛逛，和可爱的猴子来个亲密接触。
☑️Day2：贵阳 - 黄果树瀑布
上午前往黄果树景区，游览黄果树大瀑布、天星桥、陡坡塘等景点，感受大自然的鬼斧神工。
☑️Day3：小七孔 - 西江千户苗寨
小七孔的景色真的超级美，碧绿的湖水让人陶醉
晚上抵达西江千户苗寨，欣赏千户苗寨的璀璨夜景
在苗寨里可以穿上苗族传统服饰拍照，感受苗族文化
☑️Day4：西江千户苗寨 - 镇远古城(可选择不去)
下午前往镇远古城，漫步在古街古巷，感受岁月的痕迹。
☑️Day5：梵净山 - 贵阳 - 返程
梵净山的景色非常壮观，运气好的话还能看到云海。
-
希望大家在贵州玩得开心~~🥰🥰  #贵州旅游攻略   #贵州旅游   #旅游攻略   #旅行日记   #荔波小七孔   #黄果树瀑布   #梵净山   #周末去哪儿   #假期去哪儿玩   #笔记灵感",6506,8683,531,https://www.xiaohongshu.com/explore/66cc4fc5000000001d01bd9e?xsec_token=ABIDxc1z5jV5nCsqvQgdYLIig51kgf6wVndUHsZjlaPEA=&xsec_source=pc_search&source=web_explore_feed,https://sns-webpic-qc.xhscdn.com/202502281444/8e0bdb57597297bc44f7c6a3f125548d/spectrum/1040g34o319rfend9mo005pg0rv0jcv41vh6jd98!nd_dft_wlteh_webp_3,泡芙去哪玩,,
贵阳三日游|真实避雷＆推荐，不看准后悔！,"冲着贵阳对广东居民免门票，姐几个端午直冲贵阳，三天下来，帮大家整理了一些真心推荐和避雷的景点或小吃。
避雷❎️
1️⃣.尽量不要租车自驾 🚙
我看到了挺多博主说不建议在贵州自驾的贴，我很是迷惑，因为当时计划是第二天去荔波，所以还是选择当地租车了，哦豁，我可算是明白为啥了。不建议的原因有：
（1）贵州的道路很窄，且路况都是山路十八弯的形式，没有丰富驾驶经验，谨慎驾驶！
（2）贵州停车费贵，且停车不方便！ 大多数路面的停车位都不对外开放，然后就只能山路十八弯的开去地下停车场。吃饭、住宿的地方、基本都不提供免费停车的，我们从晚上12点到第二天早上10点，收了50块钱。这钱我打车不香吗？
2️⃣小七孔和龙架山公园
（1）小七孔
首先，小七孔我不避雷，因为小七孔我没去，但是小七孔的景色真的太看天气了！
9号那天下大雨，出发前建议直接在红薯上搜一下实况的帖子，我当时搜了，看到当天的水都是黄的，于是果断放弃了！毕竟从贵阳开车过去要将近4小时呢！
2.龙架山国家森林公园
景点不密集，到处都是树，然后还有一个就是绣球花，啊，贵州路边不到处都是嘛， 就不建议大家专程跑一趟了！
3️⃣民生路小吃街（臭豆腐可以自己一条街吗？这味道让我感觉不能呼吸）
不推荐的小吃有
1.黔义家王记 （这家香酥鸭炸的太过头了，吃的发麻发苦，难吃二字它配的上）
2.不记得哪家的糯米饭（没做攻略就不要随便吃糯米饭，饭是饭，糯米是糯米的）
3.厕所馒头（确实没什么特色吧，吃不惯折耳根的话那更要命）
推荐✅️
1️⃣黔灵山
山上有超级多猴子，而且还有大熊猫、天鹅等等、主要是景色也不错，这让我看到了一种生命活力，更重要是它免门票啊！
2️⃣贵阳大剧院
当时下雨，于是去看了在贵阳大剧院的《多彩贵州风》，可以咸鱼上找票，会便宜很多，演出的算不上特别震撼，但是我觉得现场轻松欢快的氛围很好，而且演出也让我进一步了解了“爽爽的贵阳”
3️⃣青云早市市集
有很多当地的小吃聚集，而且也是当地人的菜市场，我们当时买了一些水蜜桃，吃了牛肉粉，便宜美味！也可以试试当地的李子，脆甜！
4️⃣食物推荐
1.李山山（这家可以盲选）
2.小烙当家活油烙锅（好吃，这应该是离开贵州唯一的念想，不过这家菜份量有点少）
3.贵厨酸汤牛肉火锅（朋友们觉得不错，我觉得稍微咸了一些）
4.华娟烧烤餐吧（脆哨炒饭不要太香！ 第二个推荐的就是牛肉串！）#贵阳 #贵阳大剧院 #贵阳美食 #小七孔攻略",548,790,77,https://www.xiaohongshu.com/explore/667f7cd8000000001c03504d?xsec_token=AB5ytyvvdCCGQBxFsuGCzmX6L-aLqdlILS6Z3__Y7WUI0=&xsec_source=pc_search&source=web_explore_feed,https://sns-webpic-qc.xhscdn.com/202502281444/888261ab242029755626607328fa6ba7/1040g2sg314k67frtmkd05n6q6q05pcipodnjlcg!nd_dft_wlteh_webp_3,Vicky尹,,
2~3月淡季去贵州❗️一次性讲清楚怎么玩,"有计划2-3月份趁着淡季去贵州的小伙伴们！这份旅游攻略放心🐴~涵盖了景点➕交通➕住宿➕美食➕注意事项，在贵州呆了一个星期的我，真的不允许还有人不知道来贵州怎么玩！！！
·
🌈贵州景点予约
📍﻿#黄果树瀑布﻿ (🎫门票: 160、车：50、大瀑布扶梯：单程30，双程50💰，提前三天)
📍﻿#荔波小七孔﻿ (🎫门票120 ，3日有效、景区观光车：40，保险：10、预约：荔波小七孔)
📍﻿#梵净山﻿ ( 100，5日有效，景区观光车：45，索道：140来回)
📍﻿#西江千户苗寨﻿ (🎫门票90，5日有效，观光车20，免预约)
📍﻿#天眼﻿ （🎫门票:免费，观光车需要收费，50/人）
📍﻿#龙宫﻿ （🎫门票60、观光车➕船票90：景区较大，且需要走一段水路，因此是必买的、10元船险自主决定、必须买船险)
📍镇远古镇(🎫免费💰，不用预约)
📍万峰林（🎫门票70，不用预约）
ps:2月大家要注意防寒保暖，可能会出现路面结冰情况哟~
·
🌈贵州不饶路行程建议
第1天：抵达贵阳→贵阳citywalk→贵阳夜景
第2天：万峰林→峰林布依景区→兴义
第3天：罗平油菜花海→马岭河峡谷→关岭
第4天：酒店→黄果树大瀑布→贵阳
第5天：酒店→青岩古镇→回家
·
❤️小贴士：
1、酒店在贵州市区，交通出行更方便
2、6周岁以下儿童、65周岁以上老年人\人民警察、现役军人、人民教师、医护工作者以及学生\全国在校大、中、小学生可以免门票。
3、提前规划好行程，再根据行程方便定酒店
4、可以和朋友结伴同行，吃饭和住宿 AA
5、需要乘坐景区大巴或观光车的景点，tao 票更划算
6、机票越临近起飞越贵，可以提前一个月买好
﻿#贵州﻿ ﻿#贵州旅游攻略﻿ ﻿#贵州旅游﻿ ﻿#旅游攻略﻿",347,437,2,https://www.xiaohongshu.com/explore/67b54f28000000002901dda0?xsec_token=ABUG3PXM2rkDKZT301D-MHGD26sMg7VsBSHwB0FlHiGcY=&xsec_source=pc_search&source=web_explore_feed,,松子爱旅游,,
贵州旅行小环线攻略,"应宝子们要求出一期贵州旅行小环线，因为贵州交通路网不变所以车票方面，有些路段准备了两种交通出行方式，请看图②里面有详细的路线，希望宝子们喜欢准备时间紧急有不足之处请留在评论区补充，上干货了赶紧点赞收藏加关注吧！免得用的时候找不到了！
小环线路线：贵阳→黄果树景区→荔波→西江千户苗寨→梵净山→贵阳
景点路线及推荐：
贵阳：
- 路线推荐：甲秀楼→黔灵山公园→青岩古镇
- 推荐理由：甲秀楼是贵阳的地标性建筑，夜晚灯光璀璨；黔灵山公园自然风光优美，可体验猕猴互动；青岩古镇则展示了丰富的历史文化底蕴。
- 时间充裕还可以选择文昌阁、阳明洞、东山寺、天河潭、夜郎谷这五个景点可以逛一逛
	
黄果树景区：
- 路线推荐：大瀑布→陡坡塘瀑布→天星桥
- 推荐理由：黄果树大瀑布气势磅礴，是必游之地；陡坡塘瀑布则以其独特的宽度和形态吸引游客；天星桥景区则有着独特的石林景观和清新的空气。
	
荔波：
- 路线推荐：小七孔风景区→大七孔风景区→荔波古镇
- 推荐理由：小七孔风景区以清澈的湖泊和瀑布著称，是摄影爱好者的天堂；大七孔风景区则以奇特的喀斯特地貌为亮点；有兴趣请看图④真像柳宗元的小石潭记，潭中鱼可百许头，皆若空游无所依。
	
西江千户苗寨：
- 路线推荐：观景台→苗族博物馆→苗寨街道
- 推荐理由：观景台是俯瞰整个苗寨的最佳位置，夜景尤为壮观；苗族博物馆则展示了苗族丰富的历史和文化；苗寨街道两旁有众多苗族传统建筑和手工艺品店，可以深入了解苗族文化。
	
梵净山：
- 路线推荐：红云金顶→蘑菇石→太子岩
- 推荐理由：红云金顶是梵净山的标志性景点，登顶可俯瞰整个山区的美景；蘑菇石则以其独特的形态吸引了众多游客的目光；太子岩则有着陡峭的山壁和秀美的自然风光。
#贵州旅游 #贵州旅行 #贵州 #闭环旅行#特种兵大学生",2295,2625,60,https://www.xiaohongshu.com/explore/673a144e000000001b010e42?xsec_token=ABeVP-LZfgCcCPGZg93JmF_7u3yl-NPOuVUW7fU85T_bM=&xsec_source=pc_search&source=web_explore_feed,https://sns-webpic-qc.xhscdn.com/202502281444/e13193e3751713146df79d8cec7ecc50/1040g2sg31aad74jtnedg5nnpsru08q5te12ib08!nd_dft_wlteh_webp_3,了凡,,
贵州现状，原来xhs上好多攻略的是骗人的,"姐妹们！刚从贵州回来就被追着要攻略！作为来了贵阳5次的亲身经历，给大家整理了一份很实用的贵阳旅游攻略，希望可以帮到大家
-
⭕用户痛点
1️⃣ 交通不便：贵州山路多景点分散，自驾=每天5小时车程+找停车位崩溃
2️⃣ 住宿难定：旺季酒店一房难求，价格还贵得离谱！
3️⃣ 行程规划：自己做攻略，费时费力，还不一定玩得好！
4️⃣ 景点排队：旺季黄果树排队2小时，拍照全是路人甲，VIP通道抢不到
-
🔥为什么闭眼选我们
「8人小团」=私密旅行团！不用迁就陌生人，闺蜜式出游体验
「陆地头等舱」贵州山路秒变移动沙发，充电口+腿托全程回血
「住进风景里」推窗=明信片视角，深夜独享无人苗寨
「专业避坑」门票/车/酒店全包，导游暗藏拍照修图技能
-
🚐行程亮点
✅D1：落地贵阳接机→五星酒店躺平
✅D2：荔波小七孔（翡翠湖划船！）→夜宿西江吊脚楼（赠送苗服体验）
✅D3：苗寨山顶下午茶→探秘洒金谷悬崖栈道
✅D4：黄果树瀑布VIP通道→避开人潮拍大片
✅D5：天河潭溶洞探险→贵阳散团送机
-
跟团躺赢攻略：
❗️8人封顶小团+陆地头等舱MPV：可坐可躺150°调节座椅，随走随停拍公路大片（导游兼职摄影师指导构图！）
❗️纯玩0购物：别人在银饰店听推销，我们在苗寨山顶喝下午茶看全景☕️
❗️住进风景C位：
√ 西江吊脚楼推窗即万家灯火，深夜拍无人苗寨刷爆朋友圈🌌
√ 2晚景区内五星酒店，浴缸泡澡卸疲惫，第二天满血复活
❗️苗服换装+山顶下午茶全赠送！专业领队带拍隐藏机位，银饰叮当配吊脚楼背景直接封神
-
👉关于我们
✔纯玩！纯玩！纯玩！
✔2-8人小团，全程0购物，大九座陆地头等舱
✔性价比高，2晚五星五钻酒店➕千户苗寨吊脚楼客栈
✔苗寨苗族体验➕苗寨山顶下午茶➕悬崖秋千体验
✔贵州本地正规旅社，签订旅游合同有保障
部分素材来源于 ﻿@鱼玩家旅行﻿ 已获得授权，不涉及搬运抄袭等行为，别误判谢谢
﻿#贵州旅游﻿     ﻿#贵州旅游攻略﻿     ﻿#黄果树瀑布﻿     ﻿#贵阳旅游﻿     ﻿#贵州﻿     ﻿#荔波小七孔﻿     ﻿#西江千户苗寨﻿     ﻿#青岩古镇﻿     ﻿#梵净山﻿     ﻿#贵州美食﻿﻿",582,415,154,https://www.xiaohongshu.com/explore/67b154640000000029037e04?xsec_token=ABSpgDXNrJAeumbDrYk7f21HdkTyHSmfRcdYUGQdf-nCs=&xsec_source=pc_search&source=web_explore_feed,,芒果有点忙,,
贵州路线｜连夜写的春节行程攻略❗一定要看,"还有几天就是春节了，本地土著连夜整理的攻略一定要看🥹
不多不少，整理了一下5天的行程，这样玩还蛮舒服的，祝大家在春节玩的开心哟🥳
·
🈶1~2月可以玩
📍﻿#黄果树瀑布﻿ (🎫门票: 160、车：50、大瀑布扶梯：单程30，双程50💰，提前三天)
瀑布一泻千里，1月~2月人渐少，瀑布水量仍充沛美观
📍﻿#荔波小七孔﻿ (🎫门票120 ，3日有效、景区观光车：40，保险：10、预约：荔波小七孔)
人间绿宝石美称，拍照美，山水桥洞都有会
📍﻿#西江千户苗寨﻿ (🎫门票90，5日有效，观光车20，免预约)
出片，苗寨内相当热闹，长宴、高山流水等活动
📍﻿#梵净山﻿ ( 90，5日有效，景区观光车：45，索道：140来回)
天空之城美称，佛教名山，蘑菇石奇观
📍﻿#贵阳﻿ -黔灵山公园(免票)
不要门票，性价比拉满，动物园熊猫猴子都有
·
🍚春节去贵州吃这些
🍝酸汤鱼 ：贵州招牌美食，鱼肉鲜嫩，酸汤开胃，一口下去，味蕾狂欢！
🍝花溪牛肉粉 ：牛肉汤鲜味美，米粉爽滑，大街小巷都能找到它的身影，嗦粉爱好者的福音。
🍝青岩古镇猪脚：青岩古镇的明星美食，猪脚软糯入味，肥而不腻，咬一口满满的幸福感。
🍝遵义羊肉粉 ：羊肉汤浓郁醇厚，米粉细腻，冬日来一碗，暖身又满足。
🍝水城烙锅：各种食材在烙锅上滋滋作响，蘸上特制调料，味道独特，烟火气十足。
···
﻿#贵州旅游攻略﻿ ﻿#贵州﻿ ﻿#旅游攻略﻿ ﻿#贵州旅游﻿ ﻿#中式旅行天花板﻿",2821,2619,41,https://www.xiaohongshu.com/explore/6791e495000000001902e0c6?xsec_token=AB7cYqXoK1dFT1oUTvynhOqHp5ZU43EKsJMneeOon6wys=&xsec_source=pc_search&source=web_explore_feed,https://sns-webpic-qc.xhscdn.com/202502281444/b6fc753412f676e8f10c02eb7085bdf5/spectrum/1040g0k031d05310bge005pg0rv0jcv418pklv00!nd_dft_wlteh_webp_3,泡芙去哪玩,,
理工男做的贵州旅游地图确实不一样！！！,"贵州，真有你的！暑假来贵州的旅游的宝子们有福了，今年一整年贵州国有A级景区都免门票，并且贵州美食美景在这个暑假也能尽情享受！
-
⚠贵州免门票人群
⭕全国大、中、小学生(含港澳台):凭有效身份证明享受贵州全省国有A级旅游景区门票免米优慧(不含特许项目)。
⭕6岁以下儿童、60岁以上老年人凭有效身份证明(不含特许项目)。
⭕人民警察、教师、医护工作者、旅游法和国家有关政策规定的群体凭有效身份证明、资格证件、工作证件等(不含特许项目)。
⭕部分区域居民:广东省居民凭有效身份z件(身份证、户口簿、居住证、暂住证)港澳台地区居民入黔旅游，凭有效身份证件(回乡证、台胞证)
-
👌交通情况
✅飞机：龙洞堡国际机场距贵阳市区有14公里，可以在机场乘坐大巴、公交或者出租很快就能到市区。机场大巴20、打车30左右。
✅高铁/火车：首选贵阳站or贵阳北站离繁华地段比较近，交通也比较方便。贵阳东站比较偏僻到市区不太方便，如果有其他班次选择尽量别选择这里。
✅地铁：贵阳目前有三条线！相对来说覆盖了大部分需要去的地方！比较方便！
✅公交：贵阳公交比较方便线路也多，相比地铁步行要少。
✅出租车：如果有yu算的话打车也是不错的选择，不走路不绕路，起步jia也不高。
-
行程准备：⭕
⭕证件:身份证、驾照、现金、银行卡学生证(or各种优惠证件)
⭕电子设备:手机、耳机、充电器、充电宝、数据线、相机、三脚架
⭕必备药品:酒精棉、驱蚊水体温计、创可贴、烫伤膏、常用药类
⭕生活必备:一次性马桶垫、四件套、一次性压缩毛巾次性内裤、拖垃圾袋、浴巾、鞋、折叠水壶、脏衣服收纳袋
⭕防晒用品:冰袖、防晒霜/喷雾、防晒衣、帽子、防晒伞、墨镜
⭕爬山/露营:防晒物品、登山杖、登山靴、速干衣服、防水手套、头巾遮阳帽、面罩、护膝、水壶、功能饮料、干粮
#贵州  #贵州旅游  #贵州旅行  #贵州旅行攻略  #贵州旅行推荐官  #贵州旅行定制  #贵州旅游推荐  #贵州景点推荐  #贵州景点  #小众旅行地  #小众景点  #旅游推荐",1.1万,1.3万,556,https://www.xiaohongshu.com/explore/66bf1c4e000000001e0198ef?xsec_token=ABdDUb5P9LKHG2yaj47JADOsHYKup26iALLHto7mKT9XA=&xsec_source=pc_search&source=web_explore_feed,https://sns-webpic-qc.xhscdn.com/202502281444/56cbfe418d00ee1b41f7800da36a0c46/spectrum/1040g0k0316ia8i6ngq005pf1ifih9bo2okbp1i0!nd_dft_wlteh_webp_3,松子爱旅游,,
带父母贵州自由行行程和花费（2024年4月）,近日整理了今年上半年带父母贵州自由行的具体行程安排和详细花费。给想带父母自由行的朋友们做个参考。一共去了三个景区：黄果树瀑布、荔波小七孔、西江千户苗寨。我不会开车，且贵州景区比较分散。如果包车，妈妈长时间坐汽车会晕车。考虑到以上因素，我采取的方案是：北京往返贵州坐飞机。安顺机场进，贵阳机场出。景区之间用高铁连接。高铁站至景区之间坐大巴车或网约车，使坐汽车的时间控制在1小时以内。我父母今年都是67岁。景区门票免费。尽管4月下旬是枯水期，但幸运的是黄果树瀑布和荔波小七孔刚下过雨，水流很大。避开节假日，景区人少，不用排队。这次旅行爸妈玩得很开心。#贵州旅游 #贵州自由行 #带父母一起旅游 #带父母自由行 #带父母旅行 #黄果树瀑布 #荔波小七孔 #西江千户苗寨,46,83,4,https://www.xiaohongshu.com/explore/674031b9000000000202f436?xsec_token=ABm-zBUgQH5hn4xqDcekynPRuJWBFDjp426s3aaJ_cpYo=&xsec_source=pc_search&source=web_explore_feed,https://sns-webpic-qc.xhscdn.com/202502281444/c0a7fff542bce1f1e763f45508a9893d/1040g2sg31agc9vh472005n0vj9ehf3pk3va8neo!nd_dft_wlteh_webp_3,刘奔,,
上海出发｜贵阳周末两日游,"周五｜打工人出发
✈️：上海浦东➡️贵阳龙洞堡（19:50-22:40）
🏨：桔子水晶喷水池店
	
✨✨✨
周六｜荔波小七孔一日游
🚄：贵阳➡️荔波（6:23-7:30）
游览路线：东进东出（约5-7h）
乘坐公交11路从荔波高铁站到景区东门，8:00左右在东门的【湘约小七孔】吃个早饭
进入景区，观光车直达卧龙谭，然后一直下坡路到小七孔桥，最后观光车去大七孔，东门出，这样就不用走上坡路。
我们去的时候大七孔在泄洪关闭了 所以下午改为去吃豆花鱼
🚄：荔波➡️贵阳（16:25-17:35）
晚上回喷水池附近吃了【一烙锅】，烙锅的本质就是把炒熟的肉和菜放在锅上煎一煎，再蘸着辣椒粉吃，小瓜和藕片烤的焦焦的比肉还好吃，渴了就来一杯【好1多】酸奶，这个酸奶真的好好喝，好像是本地的牌子。有时间还可以去青云市集逛逛，小吃的话可以去正新街、民生路、四川巷、太平路…
	
✨✨✨
周日｜贵阳市区一日游
上午：吃了早饭后去黔灵山公园爬山看猴，南门进南门出，可以坐索道。公园出来后有很多小吃，试了【糕粑稀饭】和【锅巴糍粑】，烤过的糍粑裹着黄豆粉真的巨香！
中午和下午：公园出来后前往圆通街，沿着圆通街—文昌阁—甲秀楼一路Citywalk，结束后去吃了【朱记竹签烤肉】，它家的盐菜脆哨炒饭香到过分！临走又去喝了【好1多】酸奶
✈️：贵阳➡️上海（17:00-19:45）
	
✨✨✨
贵阳每个景点离得都很近，看着行程满满其实一点都不赶！
	
#贵阳旅游攻略 #荔波小七孔 #周末去哪儿  #贵阳美食 #周末快乐碎片 #特种兵旅游",1549,2052,61,https://www.xiaohongshu.com/explore/6624d327000000000401b1d0?xsec_token=ABAbKBJiXPCLgEZ4ml4tidkkG6nNjnXBbRBeI8tkckQgQ=&xsec_source=pc_search&source=web_explore_feed,https://sns-webpic-qc.xhscdn.com/202502281444/4f54f9541dc5bf3f80d37614d162684f/1040g2sg311rl0eak0s0048h35bhiuc52ld9ji30!nd_dft_wlteh_webp_3,哈沙德数,,
藏不住了，来贵阳一定要去的13个最美机位！,"哎呀，华南小众宝藏地图居然被你找到了！我是荨野，一个喜欢酷酷事物的女生，跟着我带你寻找不一样的城市路线图鉴🗺️
·
贵阳这座城市
一半是繁华的烟火
一半是宁静的清欢
流淌着安逸的生活气息🍃
有种踏踏实实的幸福感
分享来贵阳一定要去的13个宝藏📸！
赶紧快收藏🐴住！！国庆出发！！
·
🔹天主堂
是一座典型的中西合璧式建筑，南门中西结合的巨大牌坊，北门是中式的五层钟楼，有一种异域的感觉
-
🔹太平路
被誉西南小香港，一条充满漫画感的街！晚上非常热闹，网红小吃，不同风格的小店，有种京都街头既视感!
-
🔹甲秀楼
中国九大名楼之一，贵阳唯一明朝建筑，夜景很美！
-
🔹花果园艺术中心
被称之为“贵阳白宫”，据说是花费了27亿打造的私人豪宅，十分富丽堂皇！拍夜景很有赛博朋克+古风韵味！
-
🔹花果园双子塔
两塔建筑总高度406米，是贵州省第一高楼，也是贵阳的地标，好几个天桥上都可以拍到双子塔，打卡“我在贵阳等你”和“I❤️GY”
-
🔹青云集市
很有长沙步行街赛博朋克的感觉！每条街布置很多打卡点，很适合闲逛拍照！
-
🔹泉湖公园
标志性建筑云楼被称为“怪楼”，非常奇特，全木构造，远看很像一个旋转的陀螺，天晴时，云层之下更有意境
-
🔹梵华里
地上的地标太好拍了，地面涂鸦「贵阳咯嘛」、文字墙「贵阳」、贵阳字样楼梯，一次性打卡 3 个机位！
-
🔹仙人洞道观
小众景点，建在悬崖绝壁上的贵阳道观，能俯瞰南明河风景。登山的石梯蜿蜒曲折，有点险峻，不建议停景区内的停车场，进去那条小巷会车不方便而且堵车很厉害！一定是导航至「仙人洞道观」，导航去「仙人洞」是不正确的❌，不是同一个地方❗️
-
🔹东山寺
在东山公园最高处，俯瞰整个贵阳城，一定要傍晚去看，日落太美了！看着日转夜，夜景很有爱乐之城的感觉，想快速10分钟左右到达山顶，导航至「东山路与栖霞路交叉口」
-
🔹花溪夜郎谷
这是一座花夹老人用了20年心血所打造的艺术王国，充满异域风情和神秘色彩，石柱、石像、通往各地的石阶...让人有种置身于一个古老的原始部落！
	
#贵阳旅游 #贵阳拍照 #贵州旅游攻略 #国庆划得来逛吃指南 #推荐一些旅行平替 #本地人才知道的小众景点 #0元出片攻略 #国庆我要慢慢玩 #国庆遛娃好去处 #国庆冷门路线",1203,1249,48,https://www.xiaohongshu.com/explore/66f93ad3000000002c02ef61?xsec_token=ABcVdNWoAkTqenFRWSFnXuQ-Oiq8jsI-VPZi7DW1hmSkw=&xsec_source=pc_search&source=web_explore_feed,https://sns-webpic-qc.xhscdn.com/202502281445/241fa83bc8a40a0ac5981c8eae20f11d/1040g008318b2kv2okc0048hb1hk507ofqk0hq20!nd_dft_wlteh_webp_3,江荨野,,
2-4月淡季贵州旅游攻略！本地人大实话🙏,"有计划错峰去贵州旅游的姐妹们看过来，超详细攻略在此，先🐴住，随时能用！
-
✅贵州游玩建议
⭕交通规划：贵州景点较为分散，像从贵阳到黄果树瀑布，从荔波小七孔到西江千户苗寨，距离都较远。出行前一定要提前规划好交通方式，可选择高铁、大巴或跟团。
⭕物价差异：景区内物价普遍偏高，如果要购买特产，建议去市区的正规超市，种类多且价格实惠。
⭕美食选择：贵州美食以酸、辣为主，像酸汤鱼、辣子鸡等。不能吃辣的宝子们一定要提前跟服务员说清楚，让厨师少放辣椒。
⭕天气与衣物：2-4月的贵州气温在10-20℃左右，早晚温差较大。记得带上轻薄外套、长裤，去山区（如梵净山）的话，最好准备一件厚外套。这个时间段贵州雨水较多，随身携带雨伞或雨衣。鞋子要选舒适、防滑的，因为很多景点需要长时间步行。
⭕门票预订：热门景点如黄果树瀑布、梵净山，建议提前预订门票，避免节假日和周末的人流高峰。
-
🤤贵州美食推荐
⭐贵阳：恋爱豆腐果、丝娃娃、青岩卤猪蹄、雷家豆腐圆子
⭐安顺：夺夺粉小火锅、裹卷、破酥包、旧州鸡辣子。
⭐遵义：南白黄糕粑、习水豆腐皮火锅、绥阳空心面、桐梓方竹笋炖腊猪脚
⭐黔南：虾酸牛肉、盐酸扣肉、荔波风猪、福泉太极酥
⭐黔东南：牛瘪火锅、榕江卷粉、从江香猪、镇远道菜
-
🔷贵州6天行程
DAY1：全国各地-贵阳接机接站-民生路-黔灵山公园
DAY2：贵阳-黄果树瀑布-大瀑布-天星桥-陡坡塘
DAY3：荔波小七孔-翠谷瀑布-水上森林-小七孔古桥-西江千户苗寨
DAY4：西江二上观景台-镇远古城-漫步古城-舞阳河泛舟-镇远/江口/铜仁
DAY5：酒店-梵净山-蘑菇石-红云金顶-贵阳
DAY6：贵阳-送站-回到温馨的回家
-
🌟还有想知道的关于贵州旅游的问题，都可以滴滴我哦，都会回复的～
	
﻿#贵州旅游﻿ ﻿#贵州﻿ ﻿#贵州贵阳﻿ ﻿#贵州景点﻿ ﻿#贵州美食﻿ ﻿#旅行攻略﻿ ﻿#旅游干货﻿ ﻿#旅游避坑指南﻿ ﻿#贵州旅行攻略﻿",49,28,9,https://www.xiaohongshu.com/explore/67bc4558000000000703777f?xsec_token=ABa24pGds3urSNzETqnEqRYdtQoHP3213aJiCAyJ095Po=&xsec_source=pc_search&source=web_explore_feed,https://sns-webpic-qc.xhscdn.com/202502281445/cfd94f5b95a04cff9b66c05e4c0c3896/spectrum/1040g34o31e9hfsg8123g5pm6sfu7e4radstu7l0!nd_dft_wlteh_webp_3,小昭在贵州,,
J人的贵阳攻略已经next level了（地图版,"刚从贵阳玩回来，熬夜整理了这份旅游攻略 📝
这篇攻略涵盖了贵阳及周边游玩路线、景点合集、交通、住宿和美食推荐📝
可以🐴住慢慢看❗❗
-
☁贵阳近期天气
☀20-31℃，紫外线强，早晚温差大
👗适合穿短袖/连衣裙/薄外套，出门记得带伞
-
🚶路线
Day 1 黔灵山公园➡️贵州省民族博物馆➡️贵阳北天主教堂➡️圆通街➡️甲秀楼➡️白宫、双子塔
Day 2 黄果树瀑布➡️旧州古镇➡️云峰屯堡
Day 3 花溪夜郎谷➡️大兴国寺➡️青岩古镇
Day 4 贵州省博物馆➡️贵州地质博物馆➡️贵阳北站返程
-
✅交通
✈️飞机：龙洞堡国际机场，距离贵阳市区约14公里，可以乘坐机场大巴，也可以乘坐地铁2号线
🚄高铁/火车：贵阳站、贵阳东站、贵阳北站、贵阳南站、贵阳西站，首选贵阳站和贵阳北站，这两个距离市中心地段较近
🚌公交/地铁：zfb提前领取乘车码
-
✅住宿：不要住花果园，住在喷水池和观山湖会比较好
	
❗❗贵阳市内景点不多，自由行1-2天即可，时间充裕建议搭配周边景点，出行可包车
	
❌避雷建议
1、不吃折耳根的话提前跟店家沟通，贵州美食真的很辣，特别是烙锅，吃不了辣的友友记得和老板说微麻微辣，建议备点肠胃药
2、穿苗族服饰，注意服饰上的尖角，不要伤到自己
3、贵阳山路多，不要拖行李箱或大件行李游玩，以免增加行程负担
4、贵阳地下通道很多，导航可能延迟，走的时候注意多看路标
5、贵阳出行大部分时候都只能选择公交，记得做好心理准备哦
6、贵阳很多商业街卖玉器、苗寨银器茅台酒等，有不少是假的，或者付钱时被掉包，要购买的话记得擦亮眼睛
希望大家在贵阳玩的愉快哇！
#贵阳火锅#贵阳1日游#贵阳两日游#贵阳旅游 #黄果树瀑布 #贵阳旅行#贵阳旅游攻略#贵阳旅行攻略#贵阳美食#贵阳探店#贵阳景点#贵阳打卡#贵阳民宿#贵阳酒店#贵阳路线#甲秀楼#贵阳白宫#周末去哪儿#假期去哪儿#城市探寻计划 #贵阳吃喝玩乐 #花果园 #贵阳白宫 #甲秀楼 #贵州美食 #周末去哪玩 #大学生旅游 #被低估的宝藏小城 #贵阳旅游",770,1044,7,https://www.xiaohongshu.com/explore/66a06e8f000000002701e1c7?xsec_token=ABviq6NnMJvZOTpRx9mrKDWIc1IoGIBVw6oM6C94BRAdY=&xsec_source=pc_search&source=web_explore_feed,https://sns-webpic-qc.xhscdn.com/202502281445/bf1d384ce533653ee39b92c74f1da04d/1040g2sg315kbnj7qgk6g4a79qr8m2cqosfg2v0g!nd_dft_wlteh_webp_3,QQ浏览器出游君,,
北京周末去哪儿？贵阳！2天2夜路线,"✈️周五大兴出发2小时40分钟可直达贵阳，贵阳机场20分钟到贵阳市区
	
📅周五—到达
周五晚上到了之后已经10点啦，去青云市集逛了夜市！（小吃不太推荐，有点商业化管理了，但喝的都还可以哦，去茶山+李山山+好1多）
	
📅周六—去看景
因为周六有一整天的时间，所以坐高铁去了荔波，荔波有小七孔和瑶山古寨。
喜欢山水的会喜欢小七孔，就是人有点多，就是常规旅游景点的感觉。
瑶山古寨还没有开发完，整个寨子很安静，可以多留一些时间。
周六备选：去安顺看黄果树瀑布，去从江看肇兴侗寨堂安梯田，去凯里看千户苗寨。
	
📅周日—贵阳市区
周日上午去了黔灵山，人很多，没有执念不用去
下午去了正新街民生路，小吃很有特色，折耳根依旧不太能接受。
	
周日晚返回北京。
	
✍🏻一些心得：
	
1⃣️贵阳紫外线很强，回北京紫外线过敏了
2⃣️没有想象中凉爽，还是很热的
3⃣️小吃挺好吃的，但没吹的那么吸引人，炸洋芋和魔芋必吃ooooo奇妙的口感
4⃣️贵阳机场离市区真的很近，20分钟
5⃣️住宿可以在喷水池附近，方便
6⃣️值得去吗？值得。风土人情很好感受。
	
#北京周末去哪儿 #贵阳 #贵阳旅游 #小七孔 #瑶山古寨 #北京旅游打卡",183,136,18,https://www.xiaohongshu.com/explore/668ff1af000000000d00dee0?xsec_token=ABA_AQZ-S2XMpB4mjfwNKHD8_5BoZi7NZ0QsgixK-fPkE=&xsec_source=pc_search&source=web_explore_feed,,荞麦,,
2025贵阳刚回，三天两晚人均500+保姆级攻略,"错峰去贵阳，真得太好玩，太便宜了❗️无法想象，10💰/人，包含二十多种蔬菜、小料和米饭自助，还得是贵州土著带着玩，J人熬夜整理保姆级攻略，无脑照着玩，不踩雷❗️
	
🏨住宿：
1⃣️交通方便，🉑️住在贵阳北站，北大资源梦想城附近配套很成熟
2⃣️旅行方便，🉑️住在喷水池附近，离景点和美食街都非常近，打车起步价
🚄高铁：
推荐贵阳北站，龙洞堡站更偏
⛰️景点：
1⃣️黔灵山公园 🎫0米
亲测照“南门缆车上山→瞰筑亭→鸿福寺→动物园→麒麟洞”路线，网红小老费、会整活的熊猫、不怕人的猴子全都get✅一定不要喂猴子，会抢路人东西，熊孩子特别管住❗️
2⃣️天河潭 🎫73.5米
黄果树瀑布、小七孔、织金洞的浓缩版❗️来不及去的，正合适❗️轻轨交通S1线「天河潭」站A2口直达，巨方便✅
阴雨天绝佳，雾气弥漫水面，迷雾森林既视感✅节假日有烟花🎆表演，千万别错过❗️
3⃣️甲秀楼 🎫0米
推荐晚上逛完蔡家街美食，天黑亮灯逛✅
一定要去下去桥洞拍，角度绝佳，很多摄影📹
3⃣️青云市集 🎫0米
一定要晚上来逛，🈵️满的赛伯朋克即视感✅
非常多好吃的，茅台快闪店也在这里❗️
5⃣️白宫 🎫0米
耗资27亿国内坠豪华私人宅邸，天黑之后绝美❗️
一定要导航至「花果园」地铁站B口，天桥上拍角度绝佳✅
7⃣️双子塔 🎫0米
就在白宫旁边，一个在天桥左，一个在天桥右
海豚广场上两个海豚的小眼睛会咕噜转，很惊喜
🍗美食：
1⃣️正新街-民生路-蔡家街
余嬢脆皮洋芋耙、但记香酥鸭、安顺小舒冰浆、董家现炸土豆片...
2⃣️地摊火锅
藏在北大资源梦想城巷子里的小店，10元蔬菜小料米饭畅吃，太绝了❗️
3⃣️大健鱿鱼鸡
必加馄饨、肉圆❗️暖胃又刮油，鲜而不腥👍
	
篇幅有限，具体展开放在「爽爽贵州」合辑里啦，👑住不迷路呀❗️
	
#大学生旅游  #旅游攻略  #贵阳旅游  #贵阳旅行 #贵阳 #贵阳旅游攻略  #反向旅行出门溜溜 #新年旅行第一站  #贵阳吃喝玩乐 #贵阳拍照",84,92,16,https://www.xiaohongshu.com/explore/67ae1a70000000001701cfd2?xsec_token=ABLgChoe2R5sQJ1bbRMSTo7dAQzy88EABslevo09Fk15I=&xsec_source=pc_search&source=web_explore_feed,https://sns-webpic-qc.xhscdn.com/202502281445/5b4ae6baf11268b278d8317b1f585ff8/notes_pre_post/1040g3k031drmu3rhgs0g4a404uk2dddkbf1066o!nd_dft_wlteh_webp_3,杭州小灵通,,
来贵州，只住在贵阳怎么玩？,"一直有很多姐妹问我这个问题
住在贵阳游玩贵州体验确实非常棒
不用提着很重的行李到处跑
贵州一半以上美食在贵阳都可以吃到
而且空气凉爽，能真正避暑
也不用担心苗寨侗寨的民宿又贵又踩雷
	
💡7月8月是贵州旅游旺季
我发出来让你们好规划做准备
这份住在贵阳玩贵州的自由行攻略
大家收藏好哦⭐️
	
首先从贵阳出发一日游可以玩的景区有
✅黄果树瀑布
✅西江千户苗寨
✅织金洞
✅肇兴侗寨
✅小七孔
✅乌江寨
以上线路出行采用高铁、公共交通、跟团游
1️⃣从贵阳到黄果树瀑布
可以选择报团一日游两日游或高铁
早上从贵阳北站到安顺西高铁车程30分钟
安顺西到黄果树1个多小时
	
2️⃣西江千户苗寨和织金洞建议跟团一日游，早上出发晚上就可返回贵阳
乘车集合地点一般在贵阳的延安西路老客车站或者贵阳火车站附近
（西江千户苗寨的纯夜景其实没有傍晚时刻18:00-20:00之间好看，那时有万家灯火、吊脚楼的轮廓和蓝调，报团时一定要看仔细，选择晚上20:00才集合返程的那种）
苗寨如果没赶上车回贵阳也没关系
大晚上都有车的，拼车就可回贵阳
	
3️⃣荔波小七孔
从贵阳站或贵阳北站高铁早上出发到荔波站的，车程1个多小时
荔波站到小七孔车程20分钟左右
早上从西门进，游玩结束从东门出
荔波站回贵阳高铁最晚是20点多的
	
4️⃣肇兴侗寨
买早上从贵阳北站高铁出发到从江站，车程1.5小时
从江站到侗寨景区的车程10分钟左右
体验侗寨风情和人文气息后，傍晚便可出景区，买从江站坐到贵阳北站的高铁回
	
5️⃣乌江寨
早上高铁从贵阳北站到遵义站，车程50分钟左右，在站内坐乌江寨旅游直通车，车程50分钟左右
遵义到贵阳的最晚高铁是22点多的 逛完乌江寨夜景就可以回
📍贵阳市区有青岩古镇、黔灵山公园、夜郎谷、天河潭、省博物馆、省地质博物馆、花果园白宫双子塔可以去打卡
⚠️在贵州旅游建议务必打开“黔爽旅游”和“好行网”，可以解决大部分的景区间自由行包车、大巴交通、旅游报团和线路困难
	
💡需要贵阳市区美食攻略的姐妹留言给我说
其他任何贵州旅游问题都可以问我
这篇攻略没解决你问题的就单独弹我
#贵州旅游攻略#荔波小七孔 #一日游 #小众旅游 #旅行推荐官 #黄果树瀑布  #西江千户苗寨 #贵州旅游 #苗寨小咩咩",519,647,52,https://www.xiaohongshu.com/explore/669fb8e70000000027013d0e?xsec_token=ABQCMzA-Uf45C09UVss-8swjzL-8k7MmcGZSlk0eLUT78=&xsec_source=pc_search&source=web_explore_feed,https://sns-webpic-qc.xhscdn.com/202502281445/f6e02fc3858d5149364b3d37def422bd/1040g008315jli0d8ha005p08ihv44oci2r6umug!nd_dft_wlteh_webp_3,亲爱的咩小姐🐑🐑,,
五一去贵州，超级听劝求安利,"目前收藏的在p2-5，都是贵阳的
安顺和荔波的美食还没找到
有没有本地的姐妹帮忙看看给点建议
想把有限的胃容量好好利用起来
	
#贵州 #贵阳 #贵州美食 #贵州旅游 #贵阳美食 #贵阳旅游 #贵州旅游攻略 #贵州美食攻略 #旅游推荐 #贵阳吃喝玩乐",33,31,62,https://www.xiaohongshu.com/explore/67ba91e00000000029039cf1?xsec_token=AB1bGgo0aDuhJBGFe3mpgGj95gYulctLOLsBlksq8yU54=&xsec_source=pc_search&source=web_explore_feed,https://sns-webpic-qc.xhscdn.com/202502281445/eb9de9ebb653ac6bacf2ecf7c00aba7f/1040g00831e7shkeqg8005o13vn008jhn4j695j0!nd_dft_wlteh_webp_3,没有一斤肉是无辜的,,
2-3月贵州最新攻略，去建议去🆚不建议去,"#周末去哪儿
	
2-3月贵州最新攻略，去建议去🆚不建议去||冬季的贵州美到超乎想象！还是淡季！
但有些地方，真得慎重选，出行前一din要做足攻略，不然体验感直线下降😭 给大家分享下我的经验，2-3🈷打算去的姐妹先码住~
.
✈【贵州交通指南】
✈机场：龙洞堡机场，距贵阳市区14公里，可选机场大巴/公交，或：打车至市区
🚉火车站：直达贵阳站，靠近繁华地段
🚈高铁：贵阳北站，贵阳北站离市区更近
👬bao车游：抵达贵阳后，有司机来接
.
✔2-3月建议去的景点
📍黄果树瀑布：86版西游记取景地，非常值得一去
📍西江千户苗寨：自然环境优美，贵州版的千与千寻
📍荔波小七孔：人间绿宝石美称，拍照美，山水桥洞都有
📍加榜梯田：从山脚盘绕到山顶，梯田世界之冠
📍肇兴侗寨：没有那么重的商业气息
📍甲秀楼：贵阳地标建筑，夜景很美，晚上19：30开灯
📍镇远古镇：夜晚古镇风景迷人，历史悠久
📍梵净山：天空之城美称，佛教名山，蘑菇石奇观
.
💢2-3月不建议去的景点
❌黔灵山公园：旺季不要去人太多了，淡季可以去转转
❌钟书阁：没有什么好玩的，就是拍照打卡
❌茅台镇：拍照打卡还可以，没有必要去
❌龙宫：典型的喀斯特溶洞，都是led灯装饰的
❌网红面筋楼：就是个酷似面筋的楼，没有好玩的
❌红枫湖景区：景区内的设施，很多人都吐槽很差
❌花果园白宫：适合拍照打卡，不能进去玩
❌海龙屯：原生态的小众村庄，离贵阳有点远
.
🍄贵州住哪里方便
✴贵阳：喷水池附近、地铁沿线、贵阳北站附近
✴荔波：荔波县城或者荔波古镇
✴西江千户苗寨：西门观景客栈、北门住6号桥附近
✴镇远古镇：新大桥和祝圣桥之间
✴梵净山：梵净山附近侗寨；游客中芯附近；周边客栈
.
#贵州 #贵州旅游 #贵州旅游攻略 #贵州旅行 #荔波小七孔 #青岩古镇 #黄果树瀑布 #千户苗寨 #梵净山",704,636,36,https://www.xiaohongshu.com/explore/67adb2d60000000017039de4?xsec_token=ABvoYsqKFndENxit8jt5r_UFB8rdtu8IPKfH-T_EsjFVY=&xsec_source=pc_search&source=web_explore_feed,https://sns-webpic-qc.xhscdn.com/202502281445/8fa46233d267e843c1ca0228b91b48f7/1040g00831draa9tr105g5pki87l0u2skd2uak10!nd_dft_wlteh_webp_3,小风去旅行,,
决定了❗2-4月去贵州就看这一篇！,"😭讲真的，贵州旅游不看攻略，第👆一次去真的很容易踩坑！熬夜整理一篇讲清贵州怎么玩！
2-4🈷️打算去贵州旅游的姐妹们，淡季出行也是另一番景色，花点时间看看吧☝️直接抄作业啦
-
㊙25年更新免门票人群（带好相关证明）
✔6周岁以下儿童、65周岁以上老年人
✔人民警察、现役军人、人民教师、医护工作者以及学生
✔全国在校大、中、小学生凭有效学生证明、学生证件
-
🥳贵州住宿小tips
☝️贵州景点比较分散，建议玩到哪住到哪
☝️节假日提前订
-
🍜本地人都爱吃的美食
丝娃娃、锅巴糍粑、脆哨、香酥鸭口、夺夺粉、酸汤牛肉火锅、地摊火锅、洋芋粑、蛋包洋芋、恋爱豆腐果、肠旺面、老素粉、花溪牛肉粉、青岩猪脚、烙锅、糯米饭……
-
⭕可以这样玩
Day1：抵达贵阳—甲秀楼—黔灵山公园
🚌第一天到达贵阳后，可以先去甲秀楼/白宫打卡，欣赏贵阳的标志性建筑。然后去黔灵山公园，看看可爱的猴子。🐒
Day2：贵阳—黄果树瀑布
🚌前往黄果树瀑布，游览大瀑布、天星桥、陡坡塘等景点。
Day3：贵阳—荔波小七孔—西江
🚌白天打卡地球腰带上的绿宝石——小七孔，晚上可直接去西江住一晚
Day4：西江千户苗寨—镇远古镇(可选择不去)
🚌白天逛苗寨，下午镇远古镇，感受古镇的宁静与古朴。
Day5：镇远古镇—梵净山—贵阳(不想爬山的姐妹就舍掉)
🚌游览梵净山后，返回贵阳。
‼️出行游玩注意安全哦！
-
🌈 记得哦，旅行不仅是看风景，更是享受过程，保持好心情最重要！🚀
-
﻿#新年旅行第一站﻿ ﻿#贵州旅游﻿ ﻿#贵州旅游攻略﻿ ﻿#贵州旅游路线规划﻿ ﻿#贵州淡季旅游﻿ ﻿#贵州五日游﻿ ﻿#黄果树瀑布﻿ ﻿#荔波小七孔﻿ ﻿#梵净山﻿ ﻿#西江千户苗寨﻿",946,1000,89,https://www.xiaohongshu.com/explore/67b6f6420000000029024ee0?xsec_token=ABxLz7581aBxbNPwVtPktCexiDff8itBh38AaRqs9QRv4=&xsec_source=pc_search&source=web_explore_feed,,娃娃鱼出行日记,,
如果世界末日，我请求让我留在贵阳吃最后一,"顿。
	
1）贵州烙锅，推荐眼镜烙锅
2）炸魔芋，随便吃
3）丝娃娃，推荐师大旁边的小忆丝（他家别的也好吃
4）干锅牛肉，小忆丝旁边（竟然可以叫老板送过来🥹
5）脆哨炒饭，随便点
6）烧烤，随便点（有一家花臂烤肉很好吃，真的纹了花臂，大哥下着雨还给我们打伞，特别搞笑暖心
7）糯米锅巴糍粑，随便吃
8）安顺小裹卷，随便吃（记得不加折耳根
9）酸萝卜，随便吃
10）炸洋芋，随便吃（不好意思太爱了
	
评论区有人说很多店环境不好，可能确实不适合精致拍照打卡，但是好吃又便宜！！！！
	
喝啥我也更新完了，请前往我的主页。
	
#贵阳
#超绝不经意纯爱小女孩
#带着小红书去旅行
#精神贵州人的DNA动了
#我是国庆知食分子
#本地人爱吃的店
#旅游",2910,2163,851,https://www.xiaohongshu.com/explore/66f04854000000002603e141?xsec_token=ABGbDeikHNGv1PCY7OfLEErQKfHGznyBvYnQS6lqFsRSE=&xsec_source=pc_search&source=web_explore_feed,https://sns-webpic-qc.xhscdn.com/202502281445/912a4e894d3b982e08e90121151f6313/1040g2sg3182f339l4a005nsgdd4g9dm5dbd8qn8!nd_dft_wlteh_webp_3,饭得大锅,,
第一次去贵州旅游哪里可以去？哪里不要去⁉️,"写给近期五一去贵州旅游的小仙女们🧚‍♀️
👉贵州真的是一生必去一次的地方，
😎有瀑布、有古城、有苗寨、有山有湖，
去贵州能满足你对旅游的一切想象~
并且，为了让大家玩得开心，游的舒心
本地土著给大家整理了一份贵州景点红黑榜攻略
第👆🏻次来的姐妹一定要好好看看👏👏👏
	
🚉关于交通
🛫飞机：先飞贵阳，航线选择多，机票更便宜，中转到其他城市也方便
🚆火车/动车：贵州高铁也很方便，适合喜欢一路看风景玩过去的小伙伴
🚗汽车：自驾或者租车，方便（多山路，雨季、新手不建议）
	
❤️出行准备：
⭐证件类：身份证、学生证
⭐衣物类：羽绒服、运动鞋
⭐电器类：充电器、充电宝、耳机、自拍杆
⭐防护类：墨镜、遮阳伞或雨伞、口罩
⭐护肤类：化妆品、洗面奶、防晒
	
🛣关于路线
💮贵州4日游
DAY1 🔸贵阳集合
DAY2 🔸贵阳- 季节限定-百里杜鹃-住贵阳
DAY3 🔸贵阳- 中国天眼FAST-天眼
DAY4 🔸天眼-罗甸大小井-贵阳送站
	
💮贵州5日游
DAY 1🔸贵阳集合 住贵阳 全天集合
DAY2 🔸贵阳--天硐地心探秘住罗甸大小井
◽️上午:徒步洞穴探险、黑暗冥想、熔岩瀑布、耶稣之光...
◽️下午:洞穴下午茶，高空扁带、速降
DAY3 🔸大小井轻徒步--高原桨板--布依洞穴露营
◽️上午:山野轻徒步;乘坐竹筏穿越喀斯特水上桨板、水上钢琴键
◽️下午:前往布依族寨，寨门迎宾，洞穴火锅，洞穴电影，洞穴露营
DAY4 🔸洞穴营地--羊皮洞 住贵阳
◽️全天:前往原生态小众瀑布;探寻山间“银河”
DAY5 🔸 全天自由解散
	
💮贵州6日经典游
DAY1🔸贵阳集合
DAY2 🔸贵阳一青岩古镇一黄果树陡坡塘住黄果树/镇宁
DAY3 🔸黄果树/镇宁一黄果树大瀑布一天星桥住兴义
DAY4 🔸 兴义一马岭河一万峰林住兴义
DAY5 🔸兴义一万峰林(万峰之巅、抓鱼、打糍粑、峰林茶歇) 住兴义
DAY6 🔸兴义一非遗扎染 返程
	
贵州景色真的很美，就是景点之间距离比较远，换乘车比较麻烦，第一次去想要逛一遍精华景点的话可以考虑找个靠谱的当地团🧠，上面的行程，包含有吃宿、景点交通、门票，性价比还是很高的‼️
#玩转经纬 #贵州旅游 #旅游攻略 #旅行推荐官 #旅行 #旅游 #五一去哪玩",2653,2497,64,https://www.xiaohongshu.com/explore/662f77c6000000001e025bc8?xsec_token=ABC2afkTXx7wTnZL0OLNKitAAh0nq005TloRBA5trgi6k=&xsec_source=pc_search&source=web_explore_feed,https://sns-webpic-qc.xhscdn.com/202502281446/746ccfa64b70f69810fd7fbffa5a9a4b/1040g2sg31261jlq14o005oscsubnrvmncvm5c90!nd_dft_wlteh_webp_3,玩转经纬-舟舟🍚,,
带上父母去旅行——贵州（适合带老人和遛娃）,"趁着五一前休了几天假，带上辛苦操劳的父母和米宝一起去旅行。分享贵州行路线和攻略，供伙伴们参考。
第一天：飞往贵阳-租车（机场提前携程预定，取车方便）
玩：黔灵山公园，甲秀楼。黔灵山公园花10块钱坐索道上去，走下来。一路上遇到很多野生猕猴，不怕人，要吃的，带零食的要注意了，别让猴子看见。景色很不错
吃：二七路小吃街，亮欢寨吃酸汤鱼牛肉，性价比高，味道好。
住：开元颐居酒店（黔灵山公园店）卫生还可以，就是房间面积不大
第二天：贵阳-黄果树瀑布（1.5小时车程）
	
玩：黄果树瀑布，门票优惠：60岁以上免票，1.4米以下免票，教师资格证，退役军人证免票。来回摆渡车50一人，1.4米以下孩子不要车费。
四月底不是丰水期，但也挺漂亮的，还可以进水帘洞，整个路线是360度看瀑布。上来的时候我们买了上去的电梯票
临时增加：黄果树瀑布——荔波县（父母临时决定要提前到荔波，我只好退了安顺的房间，又开了4小时到荔波）
住宿：荔波天泰酒店（价格不贵，房间也可以，推荐）
	
第三天：荔波小七孔——西江千户苗寨（3小时）
玩：主要游玩荔波小七孔（大七孔我们去的时候没开），我们玩了4.5小时。景色很漂亮，推荐路线是从东门坐车直接到卧龙潭—鸳鸯湖—翠谷瀑布—水上森林—石上森林—小七孔古桥—坐观光车返回/景区东门，这样的路线是往下走，不那么累。门票教师、孩子、学生（暑假）60岁以上老人门票全免，车票40一人。
玩了出来是下午3：30，直接去了西江千户苗寨。晚上正好看夜景
住宿：西江千户苗寨山语涧花田酒店（在景区里一号风雨桥附近，老板人很好）
第四天：千户苗寨——凯里（30分钟左右）
玩：今天主要带妈妈和米宝拍了苗寨写真，偶遇了雷山县村BA邀请赛开幕式，非常热闹，我爸去吃了他们活动举办的长桌宴，很开心。下午我们悠悠开到凯里
住宿：凯里裕豪温德姆酒店（干净，房间大，早餐好。推荐）
	
第五天：凯里——贵阳（2.5小时）
玩：今天主要行程在凯里，凯里是个适合慢下来的地级市，好吃的多，我们吃了大竹签烤肉，牛瘪（我不太能接受）去了苗寨风情园，淘了喜欢的苗银耳坠和小孩项链吊坠。下午五点左右回到贵阳，晚饭后到观山湖逛了一会儿。
住宿：贵阳开元颐居酒店（观山湖会展中心店）不太推荐
第六天：贵阳龙洞堡机场还车，离开贵州
美食推荐：酸汤鱼，丝娃娃，大竹签烧烤，毕节烤豆腐，牛肉粉，肠旺面，荔波枇杷（又便宜又甜）",979,2037,185,https://www.xiaohongshu.com/explore/662fa1ab000000001e019ebe?xsec_token=ABC2afkTXx7wTnZL0OLNKitGLefxxWnPYPsINVpvsVjwo=&xsec_source=pc_search&source=web_explore_feed,https://sns-webpic-qc.xhscdn.com/202502281446/23ba24cf3fc1d57ccd5bd89f591500ca/1040g00831266n5jg4o004a6672tq5om31ot92f0!nd_dft_wlteh_webp_3,简单就好,,
一人刷黄果树瀑布当天往返 不废脚攻略,"1️⃣交通🚗
🚄贵阳北-安顺西 车次很多 车程半小时
起床困难症买的是9:52-10:20的~亲测一天刷完
⚠️出动车站以后不要犹豫，找到官方安顺客运站，22块钱40分钟，速度快安全稳~千万不要半路被黑车拉走🥲迷糊姐妹认准举着“国营”牌子的大叔问问路即可~
当天回程的宝，建议回到高铁站再买动车票~因为这儿容易堵车🚗，我回程就堵了半小时🥹
🚄
2️⃣门票🎫
小程序可以提前购买，有很多免票政策医护教师广东人属龙等等，免票不免接驳车扶梯缆车🚡，如免票且想买要客的必须到现场购买（票管够不限量），扶梯缆车票都可以先不买，现场有扫码小程序购买不排队，犹豫的姐妹可以现场视体力决定😆
3️⃣要客🥳
💰288，要客票在单独的白色临时房里购买😍不需要到售票大厅人挤人👏🏻也可以线上提前购买🫣
要客接驳车为商务车，有专属要客通道，不用绕大段购物街道，沿途有要客中心可以吹空调补充冰水吃吃蛋糕水果咖啡茶，接驳🚗不满也可以发车☺️
就我自己的感受，真的真的很值！一直有员工帮忙盯着行程，随时提供建议和补给休息~脚程短了好多，相比动辄3w步数，我一天结束一共1.5w步，懒人必备！
回程的时候我说自己赶动车，二话不说直接安排一辆空车飙车送我到客运站~
4️⃣行程安排
目标：天星桥（下半段）-陡坡塘-大瀑布
如果像我一样中午12点到达的旅客建议先天星桥，因为反过来走车程会多1小时，好处是一大早到入景区的小仙女趁人流少可以先打卡大瀑布~
5️⃣景区速评
⭐天星桥景区（下半段）
要客可以直接停在下半程入口，耗时1.5h-2h，3公里（体感没有那么远~），景点大致是索桥、桥上桥上桥、天星洞、银链坠瀑布，后两个很震撼，偶遇了一个小学生一直在啧啧称奇“大自然真是鬼斧神工啊”
⭐大瀑布景区
不含水帘洞版本：去的这一天水帘洞修缮，但是同行的导游纷纷表示“不值”，见仁见智？如果不去水帘洞又是晴天可以不准备雨衣~
大瀑布没啥好说的，就是语文课本走进现实！必去~耗时0.5h-1h（买了扶梯🎫版本）
瀑布正下方水汽大人多，建议动作大一点更出片
⭐陡坡塘景区
最小的景区，但我个人的感觉真的真的很不错，因为宽大也很恢宏~且人少了不少！找一个位置发发呆很幸福~
#因为一本书去了一座城 #黄果树瀑布 #黄果树旅游攻略 #旅游攻略 #贵阳 #贵阳旅游",7048,9297,895,https://www.xiaohongshu.com/explore/66967b7900000000250162d0?xsec_token=ABk_wbkrl5aEmISArHqFcK7Td_r-b9Su5g1qbeCHMWiOc=&xsec_source=pc_search&source=web_explore_feed,https://sns-webpic-qc.xhscdn.com/202502281446/4551a30bfdb3f22cf0d3ce06b734e794/1040g2sg315akq27ugk7048remcm0ihrg45drcrg!nd_dft_wlteh_webp_3,麻将女士🙊,,
暑假之行｜📍贵州旅游攻略景点预约详细篇,"计划暑期假期去贵州玩几天👏特地花了一天时间给自己做了这份旅游攻略🗒里面有景点预约、门票、交通⚡还有贵州美食💕分享出来给大家看看，有需要的也可以拿去用哦
-
💫交通指南
1⃣飞机：龙洞堡国际机场距贵阳市区有14公里，可以在机场乘坐大巴、公交或者出租很快就能到市区。机场大巴20、打车30左右。
2⃣高铁/火车：首选贵阳站、贵阳北站离繁华地段比较近，交通也比较方便。贵阳东站站比较偏僻到市区不太方便，如果有其他班次选择尽量别选择这里。
3⃣地铁：只有贵阳市区有地铁，运营线路较少，站点比较稀疏。到地铁站可能要有一段距离。
4⃣公交：贵阳公交比较方便线路也多，相比地铁步行要少。
5⃣出租车：如果有预算的话打车也是不错的选择，不走路不绕路，起步价也不高
-
♨️夜市街推荐
📍二七路小吃街:就在火车站附近，藏着各种地道小吃
📍陕西路小吃街:晚上很热闹，是贵阳老字号大排档
📍青云路小吃街:本地人才知道的夜市，不管多晚都能找到想吃的
📍小七孔美食街:没事多又平价，让人不得不爱
📍安顺好吃街:推荐烙锅，很多小伙伴都慕名前往
📍青岩古镇:这里的状元蹄不仅好吃，寓意也很好_x000b__x000b_-
-
📝路线推荐
第1⃣天：各地→贵阳
第2⃣天：贵阳荔波一小七孔一西江千户苗寨
第3⃣天：西江千户苗寨一镇远古镇-龙里/平坝
第4⃣天：龙里/平坝→黄果树瀑布-安顺
第5⃣天：安顺一清岩古镇-贵阳一返程
	
#贵州旅游 #贵州旅游攻略 #贵州#千户苗寨 #荔波小七孔  #贵州旅行#暑假 #暑假去哪玩 #笔记灵感 #原创笔记",1459,2229,56,https://www.xiaohongshu.com/explore/66712c9f000000001d01562b?xsec_token=ABNqrnJB8ucQ0zYsMfDicPu3MDL1IMyEp6JGsM39uM9do=&xsec_source=pc_search&source=web_explore_feed,https://sns-webpic-qc.xhscdn.com/202502281446/f7c3fb513c4f38e6413269985b8867ba/1040g2sg31464kbsd2eb04a64h0amrgdu313622g!nd_dft_wlteh_webp_3,旅行阿洁,,
救命🆘..为什么去贵州之前没看到这篇....,"暑期打算来贵州旅游的姐妹，没有做攻略和准备真的不要来贵州😭不然真的很容易踩💣还花冤枉💰熬夜整理了贵州实用旅游攻略，分享出来希望可以帮助到来贵州玩的姐妹
.
💁🏻‍♀2024贵州免门票人群
🈶属龙人群、广东户籍居民、江苏省居民
🈶学生免票: 只要你还在读书，不管是大中小学生还是研究生
🈶60岁以上的老人，6岁以下的儿童
🈶人民警察，教师，医护人员，消防员等
.
景点交通总结
💛黄果树瀑布：
①贵阳北站——安顺西站，约30分钟。
②然后在安顺客运西站——黄果树瀑布景区的大巴，约40分钟到达
💛荔波小七孔：
①贵阳北站——荔波站，约1小时
②然后坐公交或者直通车直达——荔波小七孔景区，约30分钟
💛西江千户苗寨：
①高铁+大巴: 贵阳北站——凯里南站
②再从凯里南站坐景区直通车——西江千户苗寨，车程约1个小时。
💛梵净山
①贵阳北站——铜仁南站(高铁站)，有直达梵净山的专线车
②到铜仁站(火车站)乘车直达铜仁客运站，有车直达梵净山
.
💯Tips:如果第一次来贵州旅游的小伙伴不想做攻略，也可以跟一个人均不到2k+💰的靠谱2-8人纯玩小团！全程省心✌只管玩的开心🥳拍的开心～
.
👉🏻想要了解更多贵州旅游天数、路线、参团的小伙伴们，可戳💭我们获取哟～
#贵州旅游  #黄果树瀑布   #避暑好地方  #荔波小七孔  #西江千户苗寨  #贵州旅游攻略",1302,2453,191,https://www.xiaohongshu.com/explore/66ab61b00000000005038418?xsec_token=ABksA6RsYkirkyDylhg-Xy99ZcjSlDGIPnzW3VlcpPaJo=&xsec_source=pc_search&source=web_explore_feed,https://sns-webpic-qc.xhscdn.com/202502281446/29acad395133831a3b7055b9a85aec11/1040g008315v1so1cha6g5phpuom3cqovua4hvco!nd_dft_wlteh_webp_3,小鱼出游记,,
贵州超全景点攻略💯一分钟搞定选择困难症,"贵州虽然有不少旅游景点🗺但不是每个景点都是值得去的，来看看贵州本地人对贵州景点的印象🎖（仅个人观点）一定要仔细看👀全是干货📝真的不允许还有姐妹来贵州不知道怎么玩😡😡😡
-
交通指南
✈机场：龙洞堡机场
🚄高铁：贵州北站（shou选）、贵州东站（较偏）、龙洞堡站
🚆火车：贵阳站
.
☁️天气和穿搭建议
1️⃣贵州12月到1月平均温度2℃~11℃，天气以阴、雨为主，较为湿冷
2️⃣ 穿搭建议穿厚实的羽绒服、毛衣、加绒保暖衣、围巾、手套、加绒裤子等保暖衣物，鞋子选择防滑保暖的，还可携带暖宝宝
.
⭐冬季一☝定去：
🔹荔波小七孔：虽然冬天的水量没有夏天大，但水比夏天绿。天气好的时候卧龙潭非常出片
🔹黄果树瀑布：主打一个错峰游玩，亚洲第yi瀑布，西游记同款取景地
🔹梵净山：看雾凇奇观，冬日的梵净山被苍茫大雪覆盖
🔹西江千户苗寨：火树银花不夜天，苗家年味浓🏮
🔹黔灵山公园：贵阳人民的后花园，公园非常大，适合爬熊猫还是很山、逛动物园，免费看猴子、值得的!
🔹六盘水滑雪：六盘水梅花山国际滑雪场是西南z大的滑雪场
🔹镇远古镇：夜游必冲，看灯火阑珊夜景，河边还有着许多民谣酒馆与特色美食
🔹石阡古城：去梵净山的必经路上，可一起玩，贵州zui古老的温泉
🔹贵州博物馆：多彩贵州历史文化展，喜欢民俗文化的友友必去
🔹织金洞：保护完好的峡谷、天窗、天坑、天生桥、暗河、绝壁等地质遗迹
🔹黔西南-万峰林：小众人少""座座奇美的山峦,与碧绿的田野、古朴的村寨融为一体
🔹黔西南-马岭河峡谷：地球上一道zui美的疤痕，小众人少
🔹遵义·乌江寨：打卡梯田和摇橹船，还有非遗的独竹漂表演，雾气一小时会出现一次，看冬雾
🔹肇兴侗寨：一次性打卡梯田风光、扎染体验、黔东南美食
🔹加榜梯田：zui美梯田之一，散落吊脚楼群，风景美
.
🔻途途带你解锁地道本地玩法
想要不踩坑旅行❓
📮说一下“人数+天数”
途途马上就来～
.
﻿#贵州旅游﻿ ﻿#贵州旅游攻略﻿ ﻿#贵州旅行﻿ ﻿#贵州春节去哪儿玩﻿  ﻿#贵州春节去哪儿玩﻿ ﻿#黄果树瀑布﻿ ﻿#荔波小七孔﻿ ﻿#西江千户苗寨﻿ ﻿#寒假旅游﻿",486,505,35,https://www.xiaohongshu.com/explore/678631110000000001002774?xsec_token=ABRfaeQObtaoHg-4te3WhKM_dEh4phbfk2lWFInICG83c=&xsec_source=pc_search&source=web_explore_feed,,途途路书日记,,
贵州四天三晚旅游攻略【超全版】,"🆕免门票人群(蕞新版)
🆕属龙人群、广东户籍居民、江苏省居民
🆕学生免票：只要你还在读书，不管是大中小学生还是研究生
🆕60岁以上的老人，6岁以下的儿童
🆕人民警察，教师，医护人员，消防员等
-
✅贵州景点
（1）黄果树瀑布 🎟️160
（2）荔波小七孔 🎟️120
（3）西江千户苗寨 🎟️90
（4）青云市集 🎟️0
（5）黔灵山公园 🎟️0
（6）梵净山 🎟️100
（7）镇远古镇 🎟️0
-
✅贵州美食
🎈贵阳：丝娃娃、酸汤鱼、肠旺面、豆腐圆子、破酥包
🎈安顺：肠旺面、辣鸡粉、荞凉粉、油炸粑稀饭、裹卷、鸡蛋糕
🎈黔东南：米豆腐、酸汤鱼、蕨菜炒腊肉、卷粉、酸笋鸡
🎈黔南：砂锅粉、鱼包韭菜、盐酸扣肉、烤乳猪、都匀太师饼
🎈黔西南：饵块粑、豆沙粑、烙锅、贞丰糯米饭、肠旺粉、羊肉粉
🎈铜仁：油茶、社饭、米豆腐、绿豆粉、松桃卤
-
⭐贵州打卡景点
🏚️镇远古镇：仿佛穿越时空，这里的古建筑和静谧的河流让人心旷神怡。
⛲荔波小七孔：大自然的鬼斧神工，翠绿的水域和瀑布群，简直是摄影爱好者的天堂。
🌌西江千户苗寨：体验苗族文化的好去处，那些层层叠叠的吊脚楼简直是民族建筑的瑰宝。
🏞️黄果树瀑布：感受那壮观的水势和飞溅的水珠，仿佛可以洗涤心灵的污垢。
⛰️梵净山：登高望远，云海日出的奇景。
🚣龙宫：可以沉浸式感受喀斯特地貌，洞里可以坐船
-
☑️tips
贵州的景点相隔都很远，经典景区的车程大多数是在4个小时左右，如果✋🏼次去的话不太建议自由行，毕竟不熟悉当地交通、旅游资源的话会很麻烦，而且订酒店景点门票头疼，建议跟个当地tuan，不仅出行景点门票都包，而且相比自由行而言更省钱‼️
-
[旅行玉定]关🐷+在👇平论区dd[人数+天数]即可获取详情~
#周末去哪儿 #荔波小七孔 #贵州 #贵州旅游 #贵州旅游攻略 #小众旅游 #旅行 #贵州美食 #贵阳 #黄果树瀑布",6764,7488,1333,https://www.xiaohongshu.com/explore/6688c5ef000000000a024540?xsec_token=AB4J3rz6whVxb4RYFUZR79Dv6WFaHA7G7Pnyz1y65rwNo=&xsec_source=pc_search&source=web_explore_feed,https://sns-webpic-qc.xhscdn.com/202502281446/15bee87367fc117d6ea2f45f64b71e36/1040g2sg314t8ctlm0ud05o2ggsig97ccau0k3o8!nd_dft_wlteh_webp_3,贵州青旅Y-定制游,,
贵州自由行｜高铁+大巴攻略❗️不累不折腾,"day1:高铁到贵阳北站，晚上去甲秀楼-白宫
	
day2:
高铁🚄贵阳北➡️安顺西
汽车：旁边安顺西客运站➡️黄果树瀑布景区
景区游玩大概6个小时，原路返回贵阳住宿
	
day3:带行李走
高铁🚄贵阳北➡️荔波➡️景区直通车➡️小七孔景区东门（寄存行李）
景区游玩大概4个小时，东门进东门出拿行李.
🚌小七孔景区直通车➡️西江千户苗寨（车票可在现场买，旺季暑期最好携程上提前买票）
晚上住宿西江千户苗寨景区内，最好选择民宿在山脚下的，因为苗寨景区内是缓坡往山上走的。
	
day4:
西江千户苗寨内溜达，拍拍写真
下午大北门出去即客运站买票➡️高铁站凯里
高铁🚄凯里➡️贵阳北
	
涉及到的门票🎫有
黄果树瀑布：门票+观光车+扶梯+意外保险=270
荔波小七孔：门票+观光车=170
西江千户苗寨：门票+观光车=110
	
#荔波小七孔 #贵州 #黄果树瀑布 #西江千户苗寨",4959,6478,242,https://www.xiaohongshu.com/explore/669bacd60000000005004056?xsec_token=AB3j7P7sblOJBch4Jlh7HVObYiNGk8e2AFF1pI35WG4V4=&xsec_source=pc_search&source=web_explore_feed,https://sns-webpic-qc.xhscdn.com/202502281446/b11905f301a8914b4f57ec85a3e4258f/1040g2sg315fn2klsio705oec3908d00nr619jao!nd_dft_wlteh_webp_3,皮皮的小鼓🥁,,
🏰贵州，一座让你来了就不想走的地方,"姐妹们！🌈这里就是西游记里的瀑布，还有美得让人失语的天空之城，还有来了就不想走的千户苗寨！🌈想旅游就选贵州吧，我已经熬夜整理了贵州攻略，姐妹们不用操心啦！
🚶♀️出行前准备：
证件：身份证、学生证
衣物：外套、运动鞋、墨镜、防晒衣，别忘了雨具哦！
洗护用品：护肤品、化妆品、洁面巾和浴巾
电器：充电线、充电宝、耳机和自拍杆
药物：晕车药、感冒药和防蚊虫喷雾
✅路线推荐：
Day①：落地贵阳（自由活动）→ 花果园白宫、青云市集、民生路、正新街 → 晚上住贵阳
Day②：贵阳 → 黄果树景区 → 天星桥 → 返回住贵阳
Day③：贵阳 → 荔波小七孔 → 住千户苗寨（可观夜景）
Day④：西江千户苗寨 → 镇远古城 → 住古城
Day⑤：镇远古城 → 梵净山 → 贵阳返程
🚘交通：
飞机：贵阳龙洞堡国际机场
动车：贵阳站、贵阳北站
（机场和高铁站内均有地铁和快速公交BRT可直达市区，大约20分钟左右，方便极了！）
出租车：起步价不高，打车也是不错的选择。
公交：贵阳公交线路多，方便快捷，步行距离较短。
🏠住宿：
①贵阳推荐住地铁喷水池站或花果园附近，地处中心地带，去哪都比较方便，周边配套设施也齐全
②镇远可以住新大桥和祝圣桥之间，那里的美食和风景都很棒
③千户苗寨西门附近地势高视野好，价格贵；不过北门附近可以住6号桥周边，性价比高。
🥘推荐美食：
1⃣贵阳美食：酸汤鱼、酸汤牛肉火锅、肠旺面、破酥包、糯米粉、丝娃娃、香酥鸭、糖麻圆、脆哨…
2⃣荔波美食：豆花烤鱼、杨梅汤
3⃣苗寨美食：最具特色的就是长桌宴，几十块一个人，有唱歌和高山流水敬酒仪式，主要吃一个气氛！还有黑毛猪烤肉串，好吃到停不下来…
⚠注意事项：
1⃣黄果树和小七孔瀑布雾汽较大，可随身携带雨伞或者雨衣在身上，以及溯溪鞋和舒适的运动跑步鞋
2⃣饮食习惯偏酸辣，吃不惯的话可提前和厨房说一下
3⃣苗寨写真建议去到再慢慢挑选，那里有几百家写真馆，可以实地看衣服和妆造再进行选择，人多还可以讲价或多要几张精修，网上客片水较深
☑️小贴士：贵州的景点相隔都很远，如果自己去的话不太建议自由行，毕竟不熟悉当地交通，而且订酒店景点门票头疼，建议跟个当地团，不仅出行景点门票都包，而且相比自由行而言更省钱‼️
﻿#贵州旅游﻿ ﻿#黄果树瀑布﻿ ﻿#千户苗寨﻿ ﻿#灵魂和肉体都在路上﻿ ﻿#贵州美食﻿ ﻿#贵州旅行攻略﻿ ﻿#旅游﻿ ﻿#贵州﻿ ﻿#不早起旅行日记﻿",63,32,12,https://www.xiaohongshu.com/explore/67b58404000000000e007eda?xsec_token=ABUG3PXM2rkDKZT301D-MHGE_eEPwaSL2wvhF6QJyBLWw=&xsec_source=pc_search&source=web_explore_feed,https://sns-webpic-qc.xhscdn.com/202502281446/a3a57b65151bcd1bad20024a327aea0c/spectrum/1040g34o31e2uiopu12005por99l7c4d4abceu5o!nd_dft_wlteh_webp_3,享游旅行,,
存下吧❗这才是1-2月去贵州的正确游玩攻略,"寒假春假要来贵州的宝子们，看这篇攻略就够啦❗找不到这么全的了
--
🚌贵州交通指南
🔹机场：龙洞堡机场，离市区14公里，可选择机场大巴、公交或打车。
🔹火车站：贵阳站，处于市区。
🔹动车/高铁：贵阳东站（较偏）、贵阳北站（离市区近）
🔹景区交通：景点间交通多以高铁、汽车为主，部分需转车。
--
㊙️25年更新免门票人群【日期：2025年1月1日持续至12月31日】
✔️6周岁以下儿童、65周岁以上老年人
✔️人民警察、现役军人、人民教师、医护工作者以及学生
✔️全国在校大、中、小学生凭有效学生证明、学生证件
--
▶️行程规划
1️⃣第①天：﻿#贵阳﻿ （建议坐飞机到龙洞堡机场或者坐高铁到贵阳北站）
2️⃣第②天：﻿#黄果树瀑布﻿
高铁：贵阳北—安顺（西），46，30min
下高铁后，从安顺西客运站坐中巴车前往黄果树客运站22r，30min。
3️⃣第③天：﻿#荔波小七孔﻿
高铁：贵阳北—荔波站，100左右，1h
下高铁之后，公交车11路直达景区东门，💰5/人
4️⃣第④天：﻿#西江千户苗寨﻿
高铁：贵阳北—凯里南，50min
高铁出站后，去左手边的景区直通车售票大厅，35，就能直达苗寨。
5️⃣第⑤天：﻿#梵净山﻿
凯里南—铜仁站【每天2班次】
下高铁后步行到铜仁旅游客运站，50/人到梵净山
	
希望大家在贵州能玩的开心哦~~﻿#贵州旅行﻿ ﻿#贵州旅游攻略﻿ ﻿#贵州旅游﻿ ﻿#贵州网红旅游景点﻿ ﻿#春节去哪儿旅游﻿",6669,7445,441,https://www.xiaohongshu.com/explore/6780ccee000000000b03a9cf?xsec_token=ABTGC9kH7HEP_tx_pEo_bluJU9Mip2gVhQMqm9AgrsniA=&xsec_source=pc_search&source=web_explore_feed,,泡芙去哪玩,,
本地人熬夜总结📒四天三晚保姆级攻略,"给姐妹们整理了一份保姆级四天三晚攻略，计划去贵州旅游的宝子赶紧收藏起来吧👭
-
👉出行准备
1⃣证件：身份证、学生证
2⃣衣物：根据出行时的天气准备适量的衣物
3⃣生活用品：化妆品、水乳、洗面奶、防晒霜等
4⃣电器：手机、充电器、耳机、充电宝、照相机等
-
🌟旅行计划
1⃣确定出行时间，人数，天数，景点
2⃣列出免票人群
3⃣预定机票，门票，酒店
4⃣查看天气预报，带好所需物品证件
5⃣下载好“一应黔行”
-
🚗交通指南
✈️飞机：龙洞堡国际机场距贵阳市区有14公里，可以在机场乘坐大巴、公交或者出租很快就能到市区。机场大巴20、打车30左右
🚄高铁/火车：✋🏼选贵阳站、贵阳北站离繁华地段比较近，交通也比较方便。贵阳东站比较偏僻到市区不太方便
🚇地铁：只有贵阳市区有地铁，运营线路较少，站点比较稀疏。到地铁站可能要有一段距离
🚌公交：贵阳公交比较方便线路也多，相比地铁步行要少
🚕出租车：如果有预算的话打车也是不错的选择，不走路不绕路，起步价也不高
-
🔥4天3晚（贵州经典游不劳累路线）
①贵阳下-住贵阳
②贵阳-黄果树-住荔波
③荔波-小七孔-西江苗寨-住凯里
④凯里-贵阳回家
-
🎁伴手礼推荐
📍刺梨：是云贵川特有的灌木生果实，富含维生素C，口感酸酸甜甜，低热量！
📍丁家脆哨：是贵州美食的灵魂之一！带回家拌面拌粉很好吃！
📍但家香酥鸭：地地道道的贵阳特产，炸地很酥脆，香香麻麻的，可以真空包装带走。
📍麻辣牛肉干：手撕牛肉干！！肉质紧实，口齿留香且非常有嚼劲
-
🌕贵州非遗文化宝藏
蜡染、枫香染、傩戏、水书、思南剪纸、花烛
石桥造纸、马尾绣、苗绣、牙舟陶、赤水晒醋等
-
☑️tips
贵州的景点相隔都很远，经典景区的车程大多数是在4个小时，如果✋🏼次去的话不太建议自由行，毕竟不熟悉当地交通、旅游资源的话会很麻烦，而且订酒店景点门票头疼，建议跟个当地tuan，不仅出行景点门票都包，而且相比自由行而言更省钱‼️
-
【旅行玉定】关🐷+在👇平论区dd[人数+天数]即可获取详情~
#周末去哪儿 #贵州 #贵州旅游 #贵州旅游攻略 #贵州美食 #贵阳 #贵阳旅游 #国庆节旅游 #旅游攻略 #西江千户苗寨",658,630,76,https://www.xiaohongshu.com/explore/66e8025800000000270025a7?xsec_token=ABTtkM_74aAnRmGC7F52bBpHMUnmixvHwEVy6Lv2MNxLo=&xsec_source=pc_search&source=web_explore_feed,https://sns-webpic-qc.xhscdn.com/202502281447/7d5e6e987dac94cf39c279fe29165613/1040g2sg317q8cnk24adg5o2tp1vgbnhto310f7g!nd_dft_wlteh_webp_3,贵州青旅Y-定制游,,
去完贵阳我的真实感受，帮大家少踩雷！！！,"贵阳好吃，但是真的很容易踩雷吃到盗版之类的或者没看清楚营业时间跑空，总结了一些我有踩到的雷给大家参考一下，后面几张放上吃了三十几家的个人感受
	
#贵州 #贵州旅游 #贵州旅行 #贵州美食 #精神贵州人的DNA动了 #贵阳美食 #贵阳旅游 #贵阳美食打卡指南 #国庆旅游攻略  #贵州旅行攻略",1799,2018,259,https://www.xiaohongshu.com/explore/6702a153000000002c0151ac?xsec_token=ABPHzdOXLexY0cd-7uvd3sOM2h9cEFZAGSrcqbAMNCR6o=&xsec_source=pc_search&source=web_explore_feed,https://sns-webpic-qc.xhscdn.com/202502281447/5150569081b62150dbda82d34b46976a/1040g008318k8dvlj3q005nolnmsg8vedeqij6pg!nd_dft_wlteh_webp_3,腌骨茹,,
去过8次贵阳，写给第一次来贵阳玩的姐妹,"第一次来贵阳旅游，可以跟着p3p5的景点美食地图打卡哦，不用提前做攻略~
这个地图不仅可以实时导航，还能看其他人发的攻略，比如p6
完整导航版旅游地图看p4，自定义行程参考p8和p9
#贵阳旅游 #贵阳旅行 #贵阳攻略 #贵阳美食 #贵阳美食攻略 #贵阳旅游攻略 #贵阳一日游",269,365,1,https://www.xiaohongshu.com/explore/6773b25b000000000b00e3cd?xsec_token=ABHnkpgbM8ijx4M1AMDLKj__YyPDX-8hwqh5eDYs2LkEc=&xsec_source=pc_search&source=web_explore_feed,,钵钵鸡,,
🚄情侣特种兵之贵阳｜两天两晚 💰人均500,"🚗 交通：
- 市内交通：贵阳地铁+打车，景点之间距离不远，推荐地铁出行，便捷实惠
---
🏨 住宿
- 位置：酒店我住在观山湖区“兴筑路地铁站”（1号线）附近，附近有万象汇和许多小吃
- 地铁1号线直达市中心，去景点也比较方便，我住了两晚才💰211，一开始抱有怀疑的态度，结果真的超出我的预期，这个价位真的很不错了！
	
💋Day1
到的时候已经是晚上九点多了，吃了海底捞就回酒店休息准备第二天的特种兵
	
💋Day2
1️⃣ 民生路美食街
🍡 碗饵糕：软糯香甜，口感超特别，我一个不喜欢吃面包的人觉得好吃！吃起来也不会干巴
	
🥔 蛋包洋芋：土豆控必冲，单吃有点咸
	
🥤刺梨汁：贵阳特色饮品，喝不习惯
	
🐱 猫耳朵现炸洋芋片：好吃，推荐番茄和海苔味
	
🍜 晓芬叉烧圆子粉：好吃～叉烧也蛮多
	
🥤 去茶山：本地网红奶茶店，推荐芭乐生椰贵州铜仁抹茶，抹茶搭配芭乐好喝不腻
	
羊肉粉（路边随便找的）：好吃～来贵州一定要尝试，跟我以前吃的完全不一样
	
2️⃣ 甲秀楼  （免费）
- 贵阳地标建筑，晚上灯光超美，适合拍照打卡📸
- 在河边散步吹风超舒服～
	
3⃣️东山寺  （免费）
- 爬上山大概20分钟，山顶可以俯瞰整个贵阳，打卡贵哈顿机位，风景绝美！
- 寺庙很安静，适合静心祈福～
⚠️尽量穿舒适的鞋子，上去全程楼梯
山顶风大 注意穿着保暖
	
4⃣️ 青云市集
- 贵阳超火的文创市集，有很多手工艺品（冰箱贴等）、特色小吃，还能买到刺梨干、辣椒酱等伴手礼～
🍜晚饭吃了坨坨肉，一般般～
	
💋Day3
睡到自然醒，吃碗牛肉粉结束贵阳之旅，准备下一站成都啦～
总结：吃的喝的都不贵，性价比超高，两人花费1k左右（丰俭由人）上班族大学生周末冲就对了！
#穷游攻略 #情侣出游 #极限特种兵旅游 #贵阳 #贵州旅游 #贵阳吃喝 #美食特种兵 #特种兵大学生旅游 #洋芋",120,73,13,https://www.xiaohongshu.com/explore/67b88bd7000000000e007098?xsec_token=AByms7XnCmbp5uzGbQXsk44vU_sCBrdSWRSyUllcexIHg=&xsec_source=pc_search&source=web_explore_feed,,心如止水,,
贵阳三天两晚吃喝玩保姆级攻略！人均800 ➕,"在贵阳玩了几天 真的巨开心🥳
吃喝玩乐都很好 还很便宜 立马给你们赶出来攻略
🚄高铁:贵阳北站/龙洞堡站（都可以）
建议贵阳北站 比较近！
🏠第一天住：喷水池附近
（很繁华离很多景点都是起步价）
🏠第二天住：花果园附近
（大家看要去的景点分布～ 或者都住喷水池附近也没关系 都不是很远）
下面的吃喝还有逛景点我只写出来一些景点的注意事项 不用完全按照我的路线走 大家可以有取舍
1️⃣黔灵山公园
早上可以去吃个粉 然后去逛公园
从南门进 缆车🚡直接到最高处步行下山
中途很多景点都可以看看 （一定要去动物园！）
真的很多动物 都很可爱很听话
不要随意喂路边小猴子 他们可能会抢东西哦
2️⃣青云市集
那里面有挺多小吃然后饮品
挺热闹的推荐晚上去亮灯应该会更好看
吃吃喝喝拍拍也挺好玩的
3️⃣东山寺
打车的话推荐到 东山路与栖霞路交叉口
会比较近
山上风景很好东山寺也很漂亮很好拍照
上面吹吹风也很舒服
4️⃣city walk路线 圆通街-堰塘街-省府北路
一条街连着 都是可可爱爱到小店 有咖啡店中古还有一些饰品猫咖 反正挺多种类的小店
路边也很好拍照📷很有氛围
5️⃣甲秀楼
推荐晚上去！因为离我们酒店不远我们走路去的
还是挺热闹好拍照的 吃饱了散散步很不错
拍照很出片
6️⃣蔡家街+民生路+正新街
三条美食街连在一起 很多当地的特色小吃
人多的话可以都试试 正常价格挺便宜的
7️⃣花果园(白宫/双子塔)
白宫前有一个大广场晚上很热闹 人巨多
天黑来比较好出片
再去看白宫广场可以同时看到白宫和双子塔
✨然后就是一些吃喝玩乐啦！贵阳真的好好吃🤤 我都感觉我只后会再来
好啦！碎碎念到这里咯
#贵阳旅游#贵阳旅游攻略#贵阳吃喝玩乐#旅游攻略 #旅游推荐 #城市探寻计划 #假日citywalk",2.4万,1.8万,295,https://www.xiaohongshu.com/explore/6673210d000000000e030087?xsec_token=ABG8MpxGK4Q3eiDeI4Ao9tppf1DZj42JTMtVKk-6hrU7w=&xsec_source=pc_search&source=web_explore_feed,https://sns-webpic-qc.xhscdn.com/202502281447/d428e0097e342c59b2258730d3114662/1040g008314840ppml6005oadlu9gjivbghargc0!nd_dft_wlteh_webp_3,ZZ梦游记,,
贵州四天三晚攻略,"Day1贵阳：
交通：上午飞机到贵阳龙洞堡国际机场，先办理酒店入住，然后就可以开心玩耍了。
吃：强推豆米火锅！！
住：住在贵阳北比较方便，第二天可以直接出发。
	
Day2黄果树：
交通：一早在贵阳北坐高铁到安顺西（10点左右到），安顺西到黄果树坐景区直通车，票价22元一人。晚上原路返回贵阳，去吃夜宵。
	
Day3荔波小七孔：
交通：贵阳东坐高铁到荔波站，坐景区直通车。因为晚上要去千户苗寨，在小七孔客运站坐大巴，距离小七孔的东门近，就去的东门，行李寄存在东门。17：30的大巴去千户苗寨，21点左右到的，办理入住后，去千户苗寨看了夜景。
	
Day4千户苗寨：
交通：游览千户苗寨，下午打的去凯里南，高铁到贵阳北，打车到机场返程。
住：建议住在苗寨外面，住在里面还要自己爬坡找民宿，而且溢价严重。住在外面一般民宿都会负责接送。#荔波小七孔 #旅游攻略 #贵州旅游 #西江千户苗寨 #黄果树瀑布",95,126,15,https://www.xiaohongshu.com/explore/67034ecf000000002c02c820?xsec_token=ABAIthen2urzbI1WRTp7iuBAdU5RXYwHWn6a5Oa3wA2F0=&xsec_source=pc_search&source=web_explore_feed,https://sns-webpic-qc.xhscdn.com/202502281447/0a75cd1cdcc30f9272c4f9e162c24815/1040g2sg318ktjc854cr05o5ibem08i2o66m57ro!nd_dft_wlteh_webp_3,北辰,,
贵阳5天4晚花费9k➕,"还有500块是老公付的就没记在账本里
在贵阳的全程就是走走走 吃吃吃 四川人的口味在贵阳吃的还是很快乐的  我老公就不行 啥啥都吃不来
每个景区都要坐很久的大巴车 每次预留的时间都不够 后来干脆放弃记录时间
地下通道太复杂 开着导航都是一脸懵逼的
市区人太多 2.3公里远的距离全靠腿 根本没有车愿意接 几次都想不顾冷风坐电动车摩的
冰箱贴挑完280就不敢在别的店买东西了 现在有点后悔没有好好逛一逛青云集市
正餐就是贵厨排位5小时 吃了半小时 对其他要排位的网红店再也爱不起来了
#贵阳 #贵阳旅游",83,59,143,https://www.xiaohongshu.com/explore/6704d7cc000000002a032d6c?xsec_token=ABEF-g12A5_sSwA1wO9U4xWWV-53BV_IA0s9ao2p2Hu6k=&xsec_source=pc_search&source=web_explore_feed,https://sns-webpic-qc.xhscdn.com/202502281447/f14a96bd5bb8bdeb214df9d557f4cb3f/1040g2sg318mdipe2ju0047co7qss7va0q1nemqg!nd_dft_wlteh_webp_3,小福星pepe,,
3-4月贵州最新攻略，去建议去🆚不建议去,"😭讲真的，贵州旅游不看攻略，第👆一次去真的很容易踩坑！熬夜整理一篇讲清贵州怎么玩！ 3-4🈷打算去贵州旅游的姐妹们，淡季出行也是另一番景色，花点时间看看吧☝直接抄作业啦
-
🥳25年更新免门票人群（带好相关证明）
✔6周岁以下儿童、65周岁以上老年人
✔人民警察、现役军人、人民教师、医护工作者以及学生
✔全国在校大、中、小学生凭有效学生证明、学生证件
-
✔3-4月建议去的景点
📍黄果树瀑布：86版西游记取景地，非常值得一去
📍西江千户苗寨：自然环境优美，贵州版的千与千寻
📍荔波小七孔：人间绿宝石美称，拍照美，山水桥洞都有
📍加榜梯田：从山脚盘绕到山顶，梯田世界之冠
📍甲秀楼：贵阳地标建筑，夜景很美，晚上19：30开灯
📍镇远古镇：夜晚古镇风景迷人，历史悠久
📍梵净山：天空之城美称，佛教名山，蘑菇石奇观
-
🔅5天4晚参考路线
⭕D1: 抵达贵阳-24h接站
⭕D2: 黄果树瀑布-入住青岩古镇附近
⭕D3: 青岩古镇-大七孔 - 入住小七孔景区
⭕D4: 荔波小七孔 - 西江干户苗寨-入住西江
⭕D5: 欣赏苗寨晨景-送站
-
🍜本地人都爱吃的美食
丝娃娃、锅巴糍粑、脆哨、香酥鸭口、夺夺粉、酸汤牛肉火锅、地摊火锅、洋芋粑、蛋包洋芋、恋爱豆腐果、肠旺面、老素粉、花溪牛肉粉、青岩猪脚、烙锅、糯米饭……
-
🔗2-8人纯玩小团、轻松出行，省心省💰
🔗计划去贵州的姐妹们，“出行日期+人数👭”
🔗还有更多行程路线可参与，请留言或直接找我，都会及时回复的哦~
﻿#贵州﻿ ﻿#贵州旅游﻿ ﻿#荔波小七孔﻿ ﻿#西江千户苗寨﻿ ﻿#旅行推荐﻿ ﻿#黄果树瀑布﻿ ﻿#梵净山﻿ ﻿#贵州美食﻿",39,40,1,https://www.xiaohongshu.com/explore/67bc4ffa00000000060292d2?xsec_token=ABa24pGds3urSNzETqnEqRYV-n-9TcSc-GC_SIihUEytg=&xsec_source=pc_search&source=web_explore_feed,https://sns-webpic-qc.xhscdn.com/202502281447/1bfbb561659c9ffc64c25e5d715eaf97/1040g2sg31e9iu9aggsdg5phpuom3cqovh7j0ov8!nd_dft_wlteh_webp_3,小鱼出游记,,
第一次去贵州旅游💫5天4晚全新攻略💯,3-5月计划来贵州旅游的姐妹们👭，赶紧码好这篇懒人版的贵州旅游攻略吧‼️初次来贵州玩建议您走这条5天4晚的经典路线#贵州旅游攻略 #贵州旅游推荐 #贵州旅游 #贵州旅行 #贵州贵阳旅游,27,29,26,https://www.xiaohongshu.com/explore/67b9807a000000000903a3b8?xsec_token=AB3R2bfnTm5tcyNoKuEe1u-weuB1gnj7hyDaii3t4kGPc=&xsec_source=pc_search&source=web_explore_feed,,贵州旅行小妮,,
