标题,内容,点赞,收藏,评论,笔记链接,图片链接,作者,keyword:贵阳 旅游 注意事项,2025年02月28日 19:40
刚和闺蜜从贵州回来🥵我的建议是。。。,"好多姐妹真的妥妥勇士，是不是觉得贵州的美名在外，就自信满满地打包行李，说走就走了呢？
🚀 但我想说，来贵州旅游，藏着太多不为人知的惊喜与大雷，不做攻略就敢来，你们真是勇气可嘉，也让我捏了一把汗！😅
姐妹们不想做攻略，闺蜜熬夜整理了一篇，希望对姐妹们有帮助。
-
贵州景点分布📒
📍贵阳市：甲秀楼、青岩古镇、花溪夜郎谷、黔灵山公园、天河潭
📍安顺市：黄果树瀑布、安顺龙宫、
📍六盘水市：乌蒙大草原、水梅花山
📍铜仁市：梵净山、大明边城、九龙洞、苗网城
📍黔南：荔波大小七孔景区、荔波古镇、龙里大草原
📍黔东南：西江千户苗寨、镇远古镇、肇兴侗寨、加榜梯田
-
📝小贴士
贵州天气多变，记得带雨伞和薄外套。
高原地区，防晒防蚊不能少。
尝试当地美食时，量力而行，有些小吃可能偏辣。
尊重当地民族风俗习惯，享受纯粹的旅行乐趣。
-
🔅8月贵州的天气：温度 16-29度 晴天多 很适合出游的
👗穿搭建议：
梵净山：可以穿冲锋衣、戴墨镜、带雨衣
西江千户苗寨：穿舒适的衣服就可以了，去苗寨再租民族服饰拍写真
荔波小七孔、黄果树瀑布：穿白色裙子、红色裙子和绿绿的水超般配的，巨出片！
其他：薄衬衫、短袖、裙子，做好防晒，一定要带一件外套，因为早晚温差很大❗多个景区内步行也较多，要穿舒适的鞋子
-
祝大家都在贵州玩的开心呀！
#贵州   #贵州旅行攻略  #贵州旅游攻略  #贵州旅行攻略  #贵州景点推荐  #贵州旅游  #贵州旅行推荐官",714,709,19,https://www.xiaohongshu.com/explore/66bc6bd0000000001e01ab9c?xsec_token=ABIARebwMVOijB-22p-cbuMtzNu8PvEfMM9zAWzOkpRuE=&xsec_source=pc_search&source=web_explore_feed,https://sns-webpic-qc.xhscdn.com/202502281940/38a2a05d81f2fdd1bacbfcf166052ec7/spectrum/1040g34o316floo050s0g5pl7aoune8dmlcn30d8!nd_dft_wlteh_webp_3,荷包蛋周游世界,,
10月来贵阳保姆级避坑指南 土著告诉你！,"为了贵州美食！第一次来贵阳的，十一国庆不想人挤人，可以来贵阳Citywalk 探索这座城市，贵阳的天气又凉快。一来可以避开人群，二来强烈推荐大家都逛一下贵阳的老城区，感受浓浓的烟火气息!但是也有一些该避坑的，一些外地人以为很好本地人却不去的地方，想来贵阳的姐妹可以开始抄一下作业啦
#旅游攻略 #本地人做的攻略 #本地人常去 #贵阳旅游 #贵阳美食 #贵阳美食打卡指南 #旅游不踩坑 #国庆旅游 #国庆出行 #J人旅行指南",134,146,13,https://www.xiaohongshu.com/explore/66f531c3000000002a036d77?xsec_token=ABMHdV04NWXd9UKVZPmXj5YzrXkYzvh0363DV8BEHDdXU=&xsec_source=pc_search&source=web_explore_feed,https://sns-webpic-qc.xhscdn.com/202502281940/32acbf0d6401713d637c92cb42b400fc/1040g2sg31874i5lc4cd05oqp65i65ka3i731mgg!nd_dft_wlteh_webp_3,奶盖的咔咔随行日记~📷,,
既然决定去贵州，那这些大忌一定不要碰...,"6⃣刷贵州，我发现贵州的坑是真的多，一步小心就陷进去了！如果你是第一次准备去贵州旅游的话，总结出来的这些一定要记住...
#贵州旅游 #贵州旅行 #贵州旅游攻略 #贵州旅行攻略 #贵州旅游包车 #冬日旅行收藏夹",132,117,评论,https://www.xiaohongshu.com/explore/675057cf000000000202a7ae?xsec_token=AB-zYzR2JRvktPiCdy9002bKtYLTKVjgrui7LrQYoYtZw=&xsec_source=pc_search&source=web_explore_feed,https://sns-webpic-qc.xhscdn.com/202502281940/eb80dde5feb75576f433e214da01fd13/1040g00831b04upe37g005ojmaaklbe8r9let848!nd_dft_wlteh_webp_3,趣悦山川湖海,,
讲一些基本没人提到的贵阳旅游知识,"1.贵阳真的没有平原，在平地上走，不是上坡就是下坡，对体力有一定考验；
2.贵阳真的有斑马线吗？我去旅游，基本上都是走图片上这种，没有电梯的地下通道，很高，很崩溃；
3.喷水池地铁站大得离谱，在地面要走十几分钟、上坡下坡才到的地方，其实就是从喷水池A出口到J出口如果大家要去的话，可以考虑一下从地铁站穿行，可惜我是最后一天才知道的…
4.烙锅不辣，适合广大不吃辣的人去吃，好吃！
5.去黄果树瀑布可以不穿雨衣，只要能够忍受鞋和头发湿两个小时（两个小时之后啥都能干）；
6.黄果树瀑布出来之后有条商业街，越往后越便宜，5块钱一杯鲜榨果汁；
7.天星桥工作人员拦着不给逆行了，但是可以找到高老庄，在高老庄那里直接去下半程；
8.黄果树瀑布物价比天星桥良心很多，天星桥又贵又不好吃，25块钱的粉，只有粉，和五片一毫米的肉片；
9.11点去到贵厨（小十字店）不用排队，可以提前打电话问问。
10.黔灵山从东走确实人少有吗喽，但是！第一个大斜坡快65度了，爬上去真的很崩溃，除非你体力好，能征服一个又一个上坡下坡…
11.贵州天气是真的好舒服。
#黄果树瀑布 #贵阳",1119,997,249,https://www.xiaohongshu.com/explore/6698bd9c00000000250022fc?xsec_token=AB-bxqegwrIjZXz6jo9WXMNER5cF3BhKoE7LIaXMaGLNA=&xsec_source=pc_search&source=web_explore_feed,https://sns-webpic-qc.xhscdn.com/202502281940/087629453bd514fc28038d6ef21c3db3/1040g2sg315crcfn9gkcg5ogsetvk190d41isc48!nd_dft_wlteh_webp_3,KK,,
贵州5日游准备清单（游后更新版,"非自驾雨天自由行路线：贵阳-黄果树瀑布-马岭河峡谷-万峰林-千户苗寨-贵阳
各位朋友可根据个人情况和行程安排改变衣物安排。#贵州旅游 #贵州旅行 #贵州旅游必备清单",1966,1918,130,https://www.xiaohongshu.com/explore/667fca27000000001f00559d?xsec_token=AB5ytyvvdCCGQBxFsuGCzmX3iuFFlv6heL8A1BREaqBeQ=&xsec_source=pc_search&source=web_explore_feed,https://sns-webpic-qc.xhscdn.com/202502281940/3691ee8b8d5ebc052399dd3fdf9a5995/1040g008314sm5putgs3g48o7nbi72re823f6tpo!nd_dft_wlteh_webp_3,吃喝玩乐momo,,
2.6 听劝！第一次来贵州的，防踩坑的真实攻略,"结论篇：
以贵阳为中转站，全程都住在贵阳，去黄果树瀑布，去荔波小七孔，都是贵阳当天往返，时间足够足够了。全程都是坐高铁➕景区直通车去的，没有自驾，也是很方便的。
千户苗寨没去，据说商业化太严重了。梵净山想去，但是距离贵阳实在太远了，加上春节这几天天气太差了，所以不得不放弃了。
	
单独篇：主页更新了贵阳篇，黄果树瀑布篇，荔波小七孔篇
	
推荐路线：
Day1：落地贵阳，贵阳city walk。白天推荐贵州博物馆，贵阳民族博物馆，黔灵山公园(有🐒，怕的别去)，晚上推荐甲秀楼，民生路吃饭，青云集市逛一逛
Day2：贵阳➡️荔波小七孔➡️贵阳当天往返
这个我是踩坑了，一定先去小七孔，再去黄果树
我先去的黄果树，再去的荔波小七孔。黄果树瀑布当天大量的徒步，腿走得太累了，第二天早起去荔波小七孔的时候，有点走不动了。荔波小七孔的丰富性，观赏性比黄果树要好，所以可以先去小七孔，再去黄果树，这样强度是慢慢递增的。
小七孔，东进东出，很出片
Day3：贵阳➡️黄果树➡️贵阳当天往返
如果之前在其他地方看过瀑布，那么请降低对黄果树瀑布的期待(这是可以说的吗🐶)
黄果树瀑布是一场巨大巨大的徒步，爬山涉水的，路线走天星桥下半程➡️大瀑布➡️陡坡塘。景色感觉没有很惊艳，空气倒是真不错。在大瀑布那里拍照还是挺壮观的，水帘洞如果要去，做好排长队的预期。
Day4：贵阳返回
第一天是下午到的，最后一天回杭州，可以把贵阳市内的景点逛逛，吃吃美食，逛逛夜市。
@薯队长 @薯条小助手 @本地薯 @摄影薯 #贵州旅游 #贵州 #贵州旅游 #贵阳旅游 #黄果树瀑布 #荔波小七孔",563,740,103,https://www.xiaohongshu.com/explore/67a42ea1000000002903e0cd?xsec_token=ABEqeWlwUEEWjp88LtHAsHxLtoHgG1hYolKXqCcHzyPBw=&xsec_source=pc_search&source=web_explore_feed,https://sns-webpic-qc.xhscdn.com/202502281941/5e8603729f2be7926da540b1fca54b39/1040g2sg31di5mmrv0c0049d0tvjeb9icc1seuo0!nd_dft_wlteh_webp_3,海鲜粥,,
需谨慎选择的旅游城市-贵阳,"如果您喜欢晴空万里阳光灿烂的天气，冬季不太适合去贵阳，来贵阳3天太阳露出真容时长5分钟。出租司机师傅说贵阳夏天很凉快适合来玩儿，感兴趣的夏天来吧。
老年人和膝盖关节不好的人群也尽量避免来这儿吧。贵阳估计缺少画斑马线的材料，全是地下通道且台阶又高又陡，上下扶梯也不多，即使导航也容易出错口。好多地下通道有店铺和餐馆，如果走累了可以找家餐馆吃饭顺便休息一下。
豆米火锅很好吃，里面的腊肉猪蹄豆腐好吃，煮到最后豆米软烂变得粘稠舀一勺汤拌饭很好吃，不过这边饭都有点儿硬。酸汤鱼还没有北京甲秀楼餐厅的好吃，想吃正宗的建议去凯里。酸汤牛肉千万别吃贵厨，酸汤锅底基本没啥味道，牛肉老沾水普通，排队人巨多！这种网红餐厅都是谁在推啊？！蛋包洋芋、锅巴糍粑、丝娃娃、安顺裹卷这些小吃都挺一般的，说贵阳好吃到爆炸的是没吃过好吃的吗？烙锅特别油，就是油煎蔬菜和肉，不过锅上面碗里的沾水味道很好。脆哨就是放了酱油腌料的油渣。现炸薯片麻辣味儿的好吃不过炸的很油，应该是拌的辣椒面好吃！菜市场很热闹，卖的菜都特别新鲜。每个人口味不同以上仅代表个人！
甲秀楼、天主堂、黔灵山公园（麒麟洞张学良杨虎城囚禁处）一般，贵州省民族博物馆还不错，介绍了贵州地区生活的主要少数民族历史和文化。花果园夜景不敢兴趣没去。总结就是本人觉得贵阳一般不会再来。",198,105,45,https://www.xiaohongshu.com/explore/67ac8113000000002a00071a?xsec_token=ABCQHmElveJ9I-9wv4Le4f3ZIWEmK6OjkTHhgmBfhNuTc=&xsec_source=pc_search&source=web_explore_feed,https://sns-webpic-qc.xhscdn.com/202502281941/43cefd1f72c098136603909ba36ceb4e/notes_pre_post/1040g3k831dq3dlo308704bu2ksgotine1naen2g!nd_dft_wlteh_webp_3,钱多肚小糖三角,,
2~3月淡季去贵州❗️一次性讲清楚怎么玩,"有计划2-3月份趁着淡季去贵州的小伙伴们！这份旅游攻略放心🐴~涵盖了景点➕交通➕住宿➕美食➕注意事项，在贵州呆了一个星期的我，真的不允许还有人不知道来贵州怎么玩！！！
·
🌈贵州景点予约
📍﻿#黄果树瀑布﻿ (🎫门票: 160、车：50、大瀑布扶梯：单程30，双程50💰，提前三天)
📍﻿#荔波小七孔﻿ (🎫门票120 ，3日有效、景区观光车：40，保险：10、预约：荔波小七孔)
📍﻿#梵净山﻿ ( 100，5日有效，景区观光车：45，索道：140来回)
📍﻿#西江千户苗寨﻿ (🎫门票90，5日有效，观光车20，免预约)
📍﻿#天眼﻿ （🎫门票:免费，观光车需要收费，50/人）
📍﻿#龙宫﻿ （🎫门票60、观光车➕船票90：景区较大，且需要走一段水路，因此是必买的、10元船险自主决定、必须买船险)
📍镇远古镇(🎫免费💰，不用预约)
📍万峰林（🎫门票70，不用预约）
ps:2月大家要注意防寒保暖，可能会出现路面结冰情况哟~
·
🌈贵州不饶路行程建议
第1天：抵达贵阳→贵阳citywalk→贵阳夜景
第2天：万峰林→峰林布依景区→兴义
第3天：罗平油菜花海→马岭河峡谷→关岭
第4天：酒店→黄果树大瀑布→贵阳
第5天：酒店→青岩古镇→回家
·
❤️小贴士：
1、酒店在贵州市区，交通出行更方便
2、6周岁以下儿童、65周岁以上老年人\人民警察、现役军人、人民教师、医护工作者以及学生\全国在校大、中、小学生可以免门票。
3、提前规划好行程，再根据行程方便定酒店
4、可以和朋友结伴同行，吃饭和住宿 AA
5、需要乘坐景区大巴或观光车的景点，tao 票更划算
6、机票越临近起飞越贵，可以提前一个月买好
﻿#贵州﻿ ﻿#贵州旅游攻略﻿ ﻿#贵州旅游﻿ ﻿#旅游攻略﻿",356,446,2,https://www.xiaohongshu.com/explore/67b54f28000000002901dda0?xsec_token=ABUG3PXM2rkDKZT301D-MHGD26sMg7VsBSHwB0FlHiGcY=&xsec_source=pc_search&source=web_explore_feed,,松子爱旅游,,
出发贵阳前，必备物品清单,"#游玩攻略
贵阳出发必备
旅行季节
防晒
衣物
药品
交通
注意事项",113,105,2,https://www.xiaohongshu.com/explore/66bd5c7c000000001e018634?xsec_token=ABi7ydYcHPgYlz6WZ0yzeUNuEzWwcdavS6petVpeHqrr0=&xsec_source=pc_search&source=web_explore_feed,,小红薯630848B5,,
女大来贵阳的第三天被尾随了,经常在🍠 dy刷到推荐贵阳旅游 有特别多美食 就被种草了 趁着学校运动会和朋友一起来一趟说走就走的旅行 我们查攻略看到说住在喷水池或者花果园附近都比较方便 我们就定了花果园中央商务区的民宿 这边特别多酒店民宿 今天去了小七孔 回到贵阳十点钟 卸完妆换了舒服的衣服我们就准备出门看看附近有没有什么吃的 然后就走到了白宫对面吃了一家烙锅 吃完刚好十二点过几分回来走到楼下大厅 我和朋友在等电梯 然后后面就跟了一个男的 当时只有我和我朋友两个女生 那个男的就一直站在我们后面 看来看去 我们不想和一个陌生男人单独坐电梯 我朋友就悄悄给我说我们等下一趟电梯  我就说好 这时电梯来了 我们没有进电梯 那个男的也没有进电梯 然后我跟我朋友站了一下然后我朋友大声说我们去买点东西吃 我们就赶紧走出去了 然后到外面人多的地方坐在一个台阶旁边 然后我们过了一会打算从另外一个二单元入口进入 但是我们刚走到那边还没进去 远远的就看到那个男的从二单元出来 他一直漫无目的到处走 然后我们躲起来看着他走远了才敢紧回到民宿 不敢想要是我们没有察觉到 进电梯之后会怎么样 而且我们都穿的很朴素 素颜牛仔裤短袖加外套 真的很可怕 防人之心不可无 尤其是现在贵阳旅游特别火 周末会有很多大学生来旅游 各位女生宝宝们一定要注意安全 感觉贵阳还是有一点乱的 住的这栋楼电梯里面全是小卡片  我注意到中央商务区这边 晚上会有几个人一直走来走去不知道干嘛 的 看着感觉不怀好意 也希望是我想多了 但大家出门在外尽量还是选好一点的酒店吧 面对陌生人也一定要保持警惕#贵阳 #洋芋国 #花果园,210,82,104,https://www.xiaohongshu.com/explore/672e4d03000000001a034152?xsec_token=ABNvwC-wV4pbVn5eoVdg4TV3za4G6_H17s7G-VfIpL4_g=&xsec_source=pc_search&source=web_explore_feed,https://sns-webpic-qc.xhscdn.com/202502281941/d1866da1b1e44c7c73f8173007d224fc/1040g008319ut4kt772005oshect7rasp3jmvgeo!nd_dft_wlteh_webp_3,芥末章鱼,,
贵阳旅游现状……,"刚从贵阳旅游回来，整理了一些我踩过的坑🕳分享给大家，希望你们能少踩点🕳
-
贵阳北站:离市区近，有地铁兴
贵阳东站:离市区远，只有公交
贵阳龙洞堡机场:地铁 40分钟左右抵达市区
-
贵阳出行方式★
🩵地铁：贵阳的地铁有三条线路到市区的景点都是比较方便的
🩵公交：在贵阳公到郊区的话乘坐公交车会相对划算一些
🩵网约车/的士：在贵阳出行打网约车也是比较方便的
-
小tips：
❌一定要提前定酒店，节假日期间提前订酒店防止出现订不到或者是临时涨价的情况
❌黔灵山虽然不要门票，但是人也是真的多，而且猴子也多，有些要抢吃的，注意哦
❌贵阳很多美食里面都有折耳根，不能吃的提前说
#旅游 #贵阳 #贵阳美食 #贵阳旅游 #新年 #旅游 #新年旅行第一站 #反向旅行出门逛逛 #不早起旅行日记",684,641,425,https://www.xiaohongshu.com/explore/679ee1b5000000002902dac0?xsec_token=AB0eItBwRhu02XtUnBQBT77yCKmpDHKLHJz_U6pwzAgls=&xsec_source=pc_search&source=web_explore_feed,,米米爱吃米,,
听劝1-3月来贵阳的姐妹，码住(巨全！！,"说真的，贵阳好玩是好玩，就是需要提前做攻略，不然会遇到好多坑啊，整理了一份攻略，希望能帮到即将来贵阳的姐妹们
	
#本地人做的攻略 #贵阳 #贵阳旅游 #贵阳美食 #冬天旅游胜地 #贵阳旅游攻略",2899,2615,200,https://www.xiaohongshu.com/explore/6790a6bd000000001800d29f?xsec_token=ABVkgH4Y3Lj62A-yS49yEZ33o0VR-N-k10-oRWYl1KJzE=&xsec_source=pc_search&source=web_explore_feed,https://sns-webpic-qc.xhscdn.com/202502281941/ae30c5f0227f8abec5365d3fc23bdb79/1040g2sg31cuuiu8ogujg5pb7teao6uooj47adh8!nd_dft_wlteh_webp_3,小年糕,,
女大来贵阳的第三天被尾随了,经常在🍠 dy刷到推荐贵阳旅游 有特别多美食 就被种草了 趁着学校运动会和朋友一起来一趟说走就走的旅行 我们查攻略看到说住在喷水池或者花果园附近都比较方便 我们就定了花果园中央商务区的民宿 这边特别多酒店民宿 今天去了小七孔 回到贵阳十点钟 卸完妆换了舒服的衣服我们就准备出门看看附近有没有什么吃的 然后就走到了白宫对面吃了一家烙锅 吃完刚好十二点过几分回来走到楼下大厅 我和朋友在等电梯 然后后面就跟了一个男的 当时只有我和我朋友两个女生 那个男的就一直站在我们后面 看来看去 我们不想和一个陌生男人单独坐电梯 我朋友就悄悄给我说我们等下一趟电梯  我就说好 这时电梯来了 我们没有进电梯 那个男的也没有进电梯 然后我跟我朋友站了一下然后我朋友大声说我们去买点东西吃 我们就赶紧走出去了 然后到外面人多的地方坐在一个台阶旁边 然后我们过了一会打算从另外一个二单元入口进入 但是我们刚走到那边还没进去 远远的就看到那个男的从二单元出来 他一直漫无目的到处走 然后我们躲起来看着他走远了才敢紧回到民宿 不敢想要是我们没有察觉到 进电梯之后会怎么样 而且我们都穿的很朴素 素颜牛仔裤短袖加外套 真的很可怕 防人之心不可无 尤其是现在贵阳旅游特别火 周末会有很多大学生来旅游 各位女生宝宝们一定要注意安全 感觉贵阳还是有一点乱的 住的这栋楼电梯里面全是小卡片  我注意到中央商务区这边 晚上会有几个人一直走来走去不知道干嘛 的 看着感觉不怀好意 也希望是我想多了 但大家出门在外尽量还是选好一点的酒店吧 面对陌生人也一定要保持警惕#贵阳 #洋芋国 #花果园,210,82,104,https://www.xiaohongshu.com/explore/672e4d03000000001a034152?xsec_token=ABNvwC-wV4pbVn5eoVdg4TV3za4G6_H17s7G-VfIpL4_g=&xsec_source=pc_search&source=web_explore_feed,https://sns-webpic-qc.xhscdn.com/202502281941/d1866da1b1e44c7c73f8173007d224fc/1040g008319ut4kt772005oshect7rasp3jmvgeo!nd_dft_wlteh_webp_3,芥末章鱼,,
贵阳旅游现状……,"刚从贵阳旅游回来，整理了一些我踩过的坑🕳分享给大家，希望你们能少踩点🕳
-
贵阳北站:离市区近，有地铁兴
贵阳东站:离市区远，只有公交
贵阳龙洞堡机场:地铁 40分钟左右抵达市区
-
贵阳出行方式★
🩵地铁：贵阳的地铁有三条线路到市区的景点都是比较方便的
🩵公交：在贵阳公到郊区的话乘坐公交车会相对划算一些
🩵网约车/的士：在贵阳出行打网约车也是比较方便的
-
小tips：
❌一定要提前定酒店，节假日期间提前订酒店防止出现订不到或者是临时涨价的情况
❌黔灵山虽然不要门票，但是人也是真的多，而且猴子也多，有些要抢吃的，注意哦
❌贵阳很多美食里面都有折耳根，不能吃的提前说
#旅游 #贵阳 #贵阳美食 #贵阳旅游 #新年 #旅游 #新年旅行第一站 #反向旅行出门逛逛 #不早起旅行日记",684,641,425,https://www.xiaohongshu.com/explore/679ee1b5000000002902dac0?xsec_token=AB0eItBwRhu02XtUnBQBT77yCKmpDHKLHJz_U6pwzAgls=&xsec_source=pc_search&source=web_explore_feed,,米米爱吃米,,
听劝1-3月来贵阳的姐妹，码住(巨全！！,"说真的，贵阳好玩是好玩，就是需要提前做攻略，不然会遇到好多坑啊，整理了一份攻略，希望能帮到即将来贵阳的姐妹们
	
#本地人做的攻略 #贵阳 #贵阳旅游 #贵阳美食 #冬天旅游胜地 #贵阳旅游攻略",2899,2615,200,https://www.xiaohongshu.com/explore/6790a6bd000000001800d29f?xsec_token=ABVkgH4Y3Lj62A-yS49yEZ33o0VR-N-k10-oRWYl1KJzE=&xsec_source=pc_search&source=web_explore_feed,https://sns-webpic-qc.xhscdn.com/202502281942/01fbcd79f9085168ed4c07166bf89c9f/1040g2sg31cuuiu8ogujg5pb7teao6uooj47adh8!nd_dft_wlteh_webp_3,小年糕,,
贵阳旅游|五天四晚吃喝玩保姆攻略,"贵州，真有你的！暑假来贵州的旅游的宝子们有福了，今年一整年贵州国有A级景区都免门票，并且贵州美食美景在这个暑假也能尽情享受！
	
🚶出行前准备：
证件：身份证、学生证
衣物：根据天气预报准备外套、运动鞋、墨镜和防晒衣，别忘了带上雨具。
洗护用品：护肤品、化妆品、洁面巾和浴巾。
电器：充电线、充电宝、耳机和自拍杆。
药物：晕车药、感冒药和防蚊虫喷雾。
	
✅路线推荐：
Day①：落地贵阳（自由活动）推荐先去打卡花果园白宫、青云市集、民生路、正新街，晚上住贵阳。
Day②：贵阳一黄果树景区—天星桥一返回住贵阳
Day③：贵阳一荔波小七孔—住千户苗寨（可观夜景）
Day④：西江千户苗寨—镇远古城—住古城
Day⑤：镇远古城—梵净山—贵阳返程
	
🚘交通：
飞机：贵阳龙洞堡国际机场
动车：贵阳站、贵阳北站
（机场和高铁站内均有地铁和快速公交BRT可直达市区大约20分钟左右，很是方便）
出租车：起步价不高，打车也是不错的选择。
公交：贵阳公交线路多，方便快捷，步行距离较短。
	
🏠住宿：
①贵阳推荐住地铁喷水池站或花果园附近，地处中心地带，去哪都比较方便，周边配套设施也齐全
②镇远可以住新大桥和祝圣桥之间，那里的美食和风景都很棒
③千户苗寨西门附近地势高视野好，价格贵;
不过北门附近可以住6号桥周边，性价比高。
	
🥘推荐美食：
1.贵阳美食：酸汤鱼、酸汤牛肉火锅、肠旺面、破酥包、糯米粉、丝娃娃、香酥鸭、糖麻圆、脆哨…
2.荔波美食：豆花烤鱼、杨梅汤
3.苗寨美食：最具特色的就是长桌宴，几十块一个人，有唱歌和高山流水敬酒仪式，主要吃一个气氛！还有黑毛猪烤肉串，好吃到停不下来…
	
⚠注意事项：
1.黄果树和小七孔瀑布雾汽较大，可随身携带雨伞或者雨衣在身上，以及溯溪鞋和舒适的运动跑步鞋
2.饮食习惯偏酸辣，吃不惯的话可提前和厨房说一下
3.苗寨写真建议去到再慢慢挑选，那里有几百家写真馆，可以实地看衣服和妆造再进行选择，人多还可以讲价或多要几张精修，网上客片水较深
﻿#贵州旅游﻿ ﻿ ﻿﻿#贵州旅游攻略﻿ ﻿ ﻿#贵州保姆级攻略﻿ ﻿ ﻿#笔记灵感﻿﻿ ﻿﻿#黄果树瀑布﻿﻿#荔波小七孔﻿ ﻿﻿#西江千户苗寨﻿ ﻿﻿#梵净山﻿",1586,1614,64,https://www.xiaohongshu.com/explore/676d038c000000001301ae7a?xsec_token=AB5S4ThkqHl9pD5n5oLFTS6a08sD7bz2hs76N37bCdvEU=&xsec_source=pc_search&source=web_explore_feed,https://sns-webpic-qc.xhscdn.com/202502281942/825613331045da685bb89ab8c34b27d8/spectrum/1040g0k031bqrhop9h2104a4qp34m9rjkjddtldg!nd_dft_wlteh_webp_3,一颗Phoebe.,,
去过贵阳才敢发出来的😉都是大实话！,"贵阳不仅美食多，玩的地方也多！本土著熬夜给家人准备了一份保姆级攻略✌ 主打不绕路，可以直接拿去用！！想来贵阳的姐妹赶紧瞅瞅👀
	
✈ 贵阳交通指南
🔶贵阳机场:龙洞堡机场:乘坐地铁2号线可以直达喷水池地铁站，全程30分钟左右
🔶贵阳火车站:乘坐地铁1号线可以直达喷水池地铁站，全程14分钟左右
🔶贵阳北站:乘坐地铁1号线直达喷水池站，全程29分钟左右贵阳东站:乘坐
🔶贵阳东站-轨道北京路站快速直达专线到北京路公交站，再换乘地铁1号线到喷水池站，全程46分钟左右
	
📝三日游不绕路行程建议
Day1:喷水池一青岩古镇一花溪夜郎谷一青云市集一双子塔一贵阳白宫
Day2:黔灵山公园一弘福寺一天主堂一东山寺一甲秀楼
Day3:观山湖公园一钟书阁一贵州省博物馆一文昌阁
	
⚠初次来贵阳的tips⚠⚠
👉贵州多山路，真的穿一双舒服的鞋子
👉想去白宫的朋友们，记得一定要晚上再去哦，开灯后白宫会很好看
👉贵阳很多小吃里都有折耳根!不吃折耳根的话提前跟店家沟通哦
👉贵阳景点不多，不用报团，自己多做做攻略
👉贵阳地下通道多,错综复杂，手机也容易没信号,尽量多看标志指示
#贵阳旅游#贵州旅行#贵阳美食#贵阳吃喝玩乐#贵阳三日游#春节旅游#寒假旅游#我热爱的周末生活",77,83,1,https://www.xiaohongshu.com/explore/6791ec20000000002902488b?xsec_token=AB7cYqXoK1dFT1oUTvynhOqDeb2sYyuPGhIZdJRzl1lhA=&xsec_source=pc_search&source=web_explore_feed,https://sns-webpic-qc.xhscdn.com/202502281942/525c1c76a3ea57b1289bf4570e6ac85e/1040g2sg31d05sidvg8805o7g80mg8la937dkoro!nd_dft_wlteh_webp_3,爱猹爱旅行,,
真心提醒寒假1-3月去贵阳的姐妹，听劝,"1月以及之后如果想要来去贵阳的姐妹们看过来，作为来了贵阳5次的亲身经历，给大家整理了一份很实用的贵阳旅游攻略，希望可以帮到大家
	
#吃遍一座城的烟火气 #贵阳旅游 #贵阳美食 #贵阳旅游攻略 #美食推荐 #大学生寒假旅游",1793,1841,169,https://www.xiaohongshu.com/explore/67944a7c000000001701dc16?xsec_token=ABqopgTeLm9AJYDX9Kp8GlwTKW-6ILJJiEth_msh756ww=&xsec_source=pc_search&source=web_explore_feed,,小年糕,,
