标题,内容,点赞,收藏,评论,笔记链接,图片链接,作者,keyword:厦门 自由行 攻略,2025年02月28日 19:52
厦门-不正常攻略,"厦门？好滴很，可以用力去。这是一座神奇的城市，娇小的本体有着全国十二大干线机场，未来会有海峡枢纽机场，空路权重高的吓人 / 经济发达，该有的配置一一齐备 / 景美饭香把福州逼的黯淡无光…就像一个baby size的六边形战士，虽然涂装人畜无害一拳下去…只听对面闷哼一声…嗯
大写标粗：此篇攻略鼓浪屿含量为0
#厦门旅游
#厦门攻略
#厦门BRT
#厦门山海健康步道",678,625,81,https://www.xiaohongshu.com/explore/6636692b000000001e033a44?xsec_token=AB8Usak9Rl7PXjDho9H0hEZ1TNBUFvEq6oLB1EcZ2FdcE=&xsec_source=pc_search&source=web_explore_feed,https://sns-webpic-qc.xhscdn.com/202502281952/aa532b22406c905d864749ddb6ad42ca/1040g2sg312dtog501o005nm6fvmg85g1nsl2po8!nd_dft_wlteh_webp_3,Sinohood,,
3-4月去厦门旅游的姐妹听劝人拜托,"没做攻略的宝子劝你人人别来厦门，不然坑一个接一个，玩得糟心熬夜总结了实用旅游经验，希望大家别和我一样踩坑、觉得有用（的宝子记得先码住，到时候肯锭用得上~
-
☁️厦门天气
2月厦门的天气：温度15-27度，阴天多，也会有太阳，很适合出游，现在早晚会有点温差，多带一件薄外套，以防着凉哦！
-
👔穿搭建议：
🌟穿白色裙子、红色裙子和蓝蓝的海超般配的，敲出片！
🌟其他：短袖、裙子，短裤，一锭要带一件薄外套，因为早晚有温差。多个景区内步行也较多，要穿舒适的鞋子
-
✅三天两夜行程
Day1：抵达厦门北站一中山路-沙坡尾一-八市一南普陀寺一白城沙滩一演武大桥
Day2： 鼓浪屿一蕞美转角一海底世界-龙头路小吃街一钢琴博物馆一日光岩
Day3：万石植物园一集美学村一钟鼓索道一环岛路八市一返程回家
-
🍀厦门美食
🌷1、大洋海鲜城：中山路上的佬字号，央视认证佬店！来厦门真的得来尝尝，海鲜都是门口池子里现捞的，食材新鲜的很！✔️tui荐帝王蟹三吃、招牌黄椒焗瓜子班，这些都是bi点不踩雷的菜品
🌷2、闽南行：这家复古风装修很有年代感，用餐能感受到浓浓的烟火气息，氛围感拉满，他家的海皇豆腐的汤汁拌饭一jue！姜母鸭现场制作，香气十足很入味👍！
#厦门美食 #厦门#曾厝垵美食#曾厝垵 #厦门旅游攻略 #厦门吃喝玩乐 #厦门旅游#景点#本地人做的攻略 #游玩攻略",210,184,8,https://www.xiaohongshu.com/explore/67b9f90c000000000603d293?xsec_token=AB3R2bfnTm5tcyNoKuEe1u-xK-fk18cfZe9PdauPjxCNo=&xsec_source=pc_search&source=web_explore_feed,https://sns-webpic-qc.xhscdn.com/202502281952/f39f1e3ee5c43ee7148641d9532dafd8/1040g2sg31e79sktm0kdg5pnk1r0jcqvb3iud6r8!nd_dft_wlteh_webp_3,花洛小铺,,
3月厦门会惩罚每一个不看通知的懒女人,"3-4月份来厦门的宝宝，不要错过这份攻略喔，给大家作为参考！希望即将去厦门游玩的姐妹能够避坑！
-
🌤天气近期天气不错，10℃-19℃有出太阳🌞，适合在环岛路骑行🚴‍♀️，白天可穿卫衣➕厚外套，晚上多加一个打底
-
⛳️打卡景点
【思明区】：厦门大学、南普陀寺、园林植物园、钟鼓索道、白城沙滩、胡里山炮台、环岛路、演武大桥、沙坡尾、双子塔、八市
【鼓浪屿】：风琴博物馆、皓月园、菽庄花园、港仔后海滨浴场、日光岩
【集美区】：集美学村、地铁一号线、集美大学
-
🚥厦门交通
厦门交通还是挺方便的，公交，地铁 BRT，几乎可以到达你想去的地方！！稍远一点到附近再叫个网月车，明明白白的🤷
-
🍜干饭指南
➠三金海鲜大排档：厦门20多年老店，都是明码标价，全程监控不用担心调包！环境舒心味道鲜美，皮皮虾还有帮拨服务哦～超贴心的～
➠好食来大排档:厦门为数不多的30年老店，获奖无数。而且天天排队，需要早点去，招牌菜：龙虾焖花菜，海蛎捞饭，芥味螺片。太好吃了yyds
➠一哥高压锅生蚝：想不到曾厝按还有这么实惠的店，这家实在是良心，生蚝新鲜肥美，价格又很实在，怪不得这家很火爆！
➠东记鱼粥：一家三十年的厦门老店，这家的海鲜鱼粥非常新鲜，地道本地味。
➠黄玉兰鱼丸：厦门鱼丸第yi名，纯手工做的老字号鱼丸，方文山也吃过，他家的姜母鸭也很好吃哦
#厦门     #厦门旅游     #厦门吃喝玩乐    #厦门旅行
#厦门旅行攻略       #厦门景点    #人文景点分享
#厦门旅游攻略     #厦门美食      #周末去哪玩",216,244,1,https://www.xiaohongshu.com/explore/67b72de5000000002901dc8b?xsec_token=ABv0-r8WLw74IOUCZ-nquYFrbl37aF36hLKRSTUDGDrCU=&xsec_source=pc_search&source=web_explore_feed,https://sns-webpic-qc.xhscdn.com/202502281952/c8aa82bc83b44acbb9df3dc3175cd1e8/1040g00831e4ij1sags6g5pe38vh2civr9tk8egg!nd_dft_wlteh_webp_3,Coke爱旅游,,
2~3月来厦门玩的宝子们注意啦！,"2~3月来厦门玩的宝子们注意啦！
-
2~3月来厦门玩的宝子们注意啦！
厦门真的无论是情侣游、闺蜜游、家庭游都合适的一个城市总结经验，整理了这份保姆级厦门旅游攻略，吃喝玩乐一篇包齐的，2~3月打算来厦门玩的宝子们快来抄作业！！祝大家在厦门玩得敲击开心！
-
📅行程安排
Day1️⃣：曾厝垵→环岛路→黄厝沙滩看日出
曾厝垵小吃超多，先来一顿海鲜大餐。饭后zu辆小电驴沿环岛路骑行，感受海风。清晨到黄厝沙滩看日出，美到失语！
Day2️⃣：鼓浪屿一日游
日光岩俯瞰全岛风光，菽庄花园里赏海，晚上在龙头路商业街吃吃喝喝，逛te色小店。
Day3️⃣：南普陀寺→厦门大学→沙坡尾
南普陀寺祈福吃素饼，提前预约参观厦门大学，打卡芙蓉湖、芙蓉隧道。下午去沙坡尾逛艺术街区，尝尝te色甜品。
-
🍔厦门美食
🍜1、大洋海鲜城：中山路上的佬字号，央视认证佬店！来厦门真的得来尝尝，海鲜都是门口池子里现捞的，食材新鲜的很！✔️tui荐帝王蟹三吃、招牌黄椒焗瓜子班，这些都是bi点不踩雷的菜品
🍜2、闽南行：这家复古风装修很有年代感，用餐能感受到浓浓的烟火气息，氛围感拉满，他家的海皇豆腐的汤汁拌饭一jue！姜母鸭现场制作，香气十足很入味👍！
-
🏠住宿建议
📍中山路：交通便利，九店、珉宿选择多，晚上还能逛夜市。
📍厦门大学附近：离景点近，氛围年轻，有很多性价bi高的珉宿。
	
#厦门美食 #厦门#曾厝垵美食#曾厝垵 #厦门旅游攻略 #厦门吃喝玩乐 #厦门旅游#景点#本地人做的攻略 #游玩攻略",680,828,32,https://www.xiaohongshu.com/explore/67a9d3f8000000001902d284?xsec_token=ABP7ZAnKztXLr7KyHq1GD3pUZE-Dh3aaTCBWqNGUSfDDs=&xsec_source=pc_search&source=web_explore_feed,https://sns-webpic-qc.xhscdn.com/202502281952/c69a32aa341a1674186dbdd074c409c5/1040g00831dnhao090k5g4b9b7spkh3sg1pasmfg!nd_dft_wlteh_webp_3,爱丽丝,,
📍厦门会惩罚不提前预约景点的人😭…,"厦门刚耍回来，真的崩溃了😭
熬夜总结的避💣❌教训！
1-3月去的姐妹一定要避💣！
.
	
‼️出行注意：
▶️提前规划好交通方式，预订机票、车票和酒店。鼓浪屿等热门景点需提前预约船票和门票，避免耽误行程
▶️天气准备：厦门冬季天气多变，出门记得带上雨具，海边风大，早晚温差大，要携带保暖衣物和防晒用品.
.
🍝🍝庆君汤包：
人均20都给我冲！老厦门人超爱的汤包！便宜又正宗！要搭配他们家的拌面，还有汤，搭配一起真的超好吃！来厦门的姐妹们一定要来打卡！
.
🏡🏡关于住宿
〔1〕、热门位置(思明区、湖里区) ：比如火车站、白鹭洲附近，景点较集中，交通相对便利，比较能接触到厦门本地人生活，环境好，吃的也多
〔2〕、环岛路：基本都是大酒店，窗外就是海景，就是比较贵，有夕阳的还可以骑行
〔3〕、中山路和镇海路区域：步行街、吃喝逛一应俱全、交通便利、地铁、公交的配备齐全
〔4〕、曾厝垵：靠近海边看起来不远，实际上打车去厦鼓码头或者中山路等景点都需要30元左右，公交之类的交通工具也是很挤！游客太多，不是蕞佳选择!
〔5〕.鼓浪屿：交通受限，往返需要坐船，时间和预算充足的，可以住晚鼓浪屿民宿，需要提前预订，旺季经常没有余房
.
	
✅✅好吃的美食
好食来大排档：一家开了30多年的老牌海鲜店，许多本地老人都爱去，都是多年熟客啦！必吃菜系：海蛎捞饭、龙虾焖花菜、芥味螺片等，食材新鲜，现点现做，真的YYDS!
.
	
📝📝交通指南
▪️飞机：厦门高崎国际机场
▪️高铁站/火车站：厦门站以及厦门北站，高铁首选厦门站到岛内更方便，厦门北站在岛外，可以坐一号线前往岛内，可以顺便打卡，千与千寻同款海上地铁
	
.
🍀🍀行前准备
证件类：身份证、学生证
电器：手机、耳机、相机、充电线、充电宝
日用品：洗护用品、化妆品小样、护肤小样
衣物类：厦门冬季平均气温15℃-20℃，但早晚温差大，需备轻薄羽绒服、毛衣、保暖内衣等保暖衣物，同时携带围巾、帽子、手套等防风物品.
#厦门大学旅游攻略 #沙波尾美食攻略#白城沙滩美食攻略 #双子塔美食攻略#海景餐厅 #厦门旅游攻略 #厦门美食 #海鲜餐厅 #环岛路旅游攻略 #环岛路美食",3050,3031,45,https://www.xiaohongshu.com/explore/6773f702000000000b00fe9d?xsec_token=ABHnkpgbM8ijx4M1AMDLKj_wyevrw2yXkXMw5scG7uWWk=&xsec_source=pc_search&source=web_explore_feed,https://sns-webpic-qc.xhscdn.com/202502281952/ee4f69361c2a06960fc9ee0bb0a16a74/1040g2sg31c2u4kr80s605oodfvl4hilns9evaro!nd_dft_wlteh_webp_3,系尾牙o(^o^)o,,
厦门1-2月景点避雷攻略！建议去🆚不建议去,"刚从厦门回来，体验感还真的蛮不错。虽说旅途中踩了不少坑😭，但仔细复盘后发现，只要做好攻略来厦门，还是能好好的玩！u1s1厦门确实不适合说走就走，毕竟坑是说踩就踩，所以总结了一些经验，真心希望能帮大家成功避雷！
.
👇🏻来厦门之前，一定要提前做好的淮备👇🏻
⛅️确认天气情况
1-2月份厦门的气温一般在10-20度左右，早晚温差大，没有冷空气的时候比较暖和，长袖卫衣+外套即可。也要备一点轻薄羽绒这一类保暖衣物。出门前留意天气预报，有冷空气的时候记得带好保暖衣物
.
旅行小tips:
1⃣️在厦门碰见热心的司机或路人的话真的不能听不能信！！谁信谁倒霉。信了就妥妥踩坑！介绍你去什么景点，不要去，介绍你去什么吃海鲜也不要去！
2⃣️计划去曾厝安的劝退，真的不用去，没啥特色
3⃣️在厦门打车，坐后排也要系安全带！查的严，逮到是乘客罚10块💰的！很多姐妹避雷了
4⃣️鼓浪屿上不要去买什么花茶、猪肉铺之类的，秤克数的东西，都很坑，一点点就要3位数
5⃣️钟鼓索道坐缆车🚠，一定注意保暖！！缆车没玻璃的，真的冷啊！羽绒/冲锋衣都可以安排上！
6⃣️海边有人扮公仔让你拍照的别搭理，送花的别搭理！都是坑，找你拿💰的
.
🗺️四天三夜行程安排
⭐️Day1:植物园——钟鼓索道——中山路——演武大桥
⭐️Day2:黄厝沙滩——环岛路——南普陀寺——厦门大学——白城沙滩——沙坡尾
⭐️Day3:鼓浪屿——日光岩——菽庄花园——大德记浴场——管风琴博物馆
⭐️Day4:集美学村——石鼓路——集美大社——嘉庚公园——龙舟池
.
😋吃货指南
厦门的小吃真的太多啦，尤其是八市和中山路那一边，好多地道的闽南小吃，虽然八市是菜市场，但卧虎藏龙～像〖惠源面包〗、〖阿杰五香〗、〖朱记手撕鸡〗、〖杨小贤〗、〖芋包王〗这些味道真的yyds，很地道
.
🏘住宿建议
⚠️尽量住在地铁站附近，平时搭乘地铁和brt，因为厦门堵车严重，这样就可以避开堵车的情况啦
#厦门旅游攻略 #厦门小吃  #厦门美食 #厦门旅游 #鼓浪屿 #厦门攻略 #不为打卡的旅行 #广州周边游 #深圳周边游 #新年旅行第一站  #泉州周边游 #反向旅行出门溜溜",3111,3481,33,https://www.xiaohongshu.com/explore/6793412e000000002a001cbd?xsec_token=ABltY5fGRZhW23Uv75h0YIIxuK3DEBp4_Khhdc82PPPdc=&xsec_source=pc_search&source=web_explore_feed,https://sns-webpic-qc.xhscdn.com/202502281953/adb5d1a6a27bb9144483dd03d8eba890/1040g2sg31d1fuc7kgm705ns8ea1088oteagrb10!nd_dft_wlteh_webp_3,半糖罐罐。,,
1-2月要来厦门旅游的姐妹们！收好这份攻略！,"1-2月打算去厦门的宝子要注意啦！一定要做好攻略再出发，厦门真的不太适合临时起意的地方！
.
⭐厦门天气
🌡️1-2月份厦门的气温一般在13-20度左右，早晚温差大，没有冷空气的时候比较暖和，长袖打底+外套即可，秋装即可。出门前留意天气预报，有冷空气的时候需要羽绒秋裤等保暖衣服。
.
✅厦门旅游要注意的10件事情
1⃣️很多景点需要提前约的，元旦以及春节都是旅游旺季！提前预约鼓浪屿船票、厦大、钟鼓索道！
.
2⃣️在厦门，任何热心人给你建议，你都不要太相信，真的很多都是坑！都是套路你的！出门在外多留心眼！景点外面尤其多“热心人”
.
3⃣️沙坡尾有很多装修的好看的网红店集中在一起，在那里拍照超好看，但是地方不很大，一会就逛完了
.
4⃣️蹲一个好天气，在黄厝沙滩看日落（视野无比开阔），在演武大桥或鼓浪屿或钟鼓索道落日飞车看日落🌅
.
5⃣️想吃海鲜的，中山路的大.洋.海鲜.城蛮不错滴！开了很久了，本地人都会去，海鲜真的挺不错的，吃得出很新鲜
.
7⃣️还有姜母鸭是不得不尝的一道闽南菜，曾厝安的闽·南行的这道菜真的挺ok的，真的香，料还很足！
.
8⃣️游览完厦门大学出来，选白城校门近白城沙滩、选大南校门近南普陀寺、选西校门近沙坡尾，可以提前计划下个点去哪，再考虑哪个门出
.
9⃣️去万石植物园可以从西门进🌵打去网虹景点多肉植物园更近一些.西门出来就是钟鼓索道，这两个点安排到一起更好
.
🔟尽量住在地铁站附近，平时搭乘地铁和brt，因为厦门堵车严重，这样就可以避开堵车的情况啦。住地铁站附近比起中山路附近性价比好一点
#厦门旅游攻略 #厦门旅游 #厦门吃喝玩乐 #鼓浪屿 #福州周边游 #广州周边游 #深圳周边游 #厦门攻略 #厦门三天两夜旅游#厦门三天两夜旅游 #泉州周边游",6991,1万,149,https://www.xiaohongshu.com/explore/677527870000000009016f15?xsec_token=ABHxJSYlEUblQuOrNKm6pjg49kZ8uokOoo1l0lFrl_on8=&xsec_source=pc_search&source=web_explore_feed,https://sns-webpic-qc.xhscdn.com/202502281953/8580acbe3ed09d162688e8a70951afc9/1040g00831c405dpc0m4048upra565vf7p2eefp8!nd_dft_wlteh_webp_3,吞噗小能手,,
厦门旅行已回😭，真诚提醒2-3月来的姐妹,"刚从厦门旅行结束，去之前做了好多功课，可实际去了还是踩了些坑！现在把我的四日不绕路攻略分享给大家，希望接下来去玩的姐妹能不花冤枉💰
-
⛅️厦门近期天气情况
🌡️平均气温: 夜间15°C-白天25°C
👔穿搭：长袖、长裤、连衣裙、平底鞋、外套
-
✅厦门交通指南
⭕️厦门站(岛内) ：有直达➡️尽量选择厦门站，抵达景点和住宿较方便
⭕️厦门北站(岛外) ：如果没有直达➡️到厦门站的，也不用担心，厦门北可坐BRT/地铁至岛内，也很方便
⭕️厦门高崎机场(岛内)：这是我到过蕞方便的机场了，不愿意花时间坐BRT/地铁的可以选择打车至住宿点
-
✅厦门三日游行程安排
✨Day1:抵达厦门→入住酒店→八市
✨Day2:鼓浪屿
✨Day3:植物园→沙坡尾→双子塔→演武大桥
✨Day4:厦门大学→中山路→白城环岛路→返程
-
🥧厦门美食分享
醉壹号海鲜大排档·亲戚介绍到他们家是很多本地人常去的，他们价格也能接受，食材新鲜，菜品丰富！【蛋黄焗龙虾🦞】香气扑鼻，咸香适中，吃起来完全不会腻。还有那份【海蛎炒饭🦪】，分量足又鲜美。而招牌【烤鳗鱼🍱】更是让人惊艳，外酥里嫩，配上特制蘸料真的juejue子
来厦门建议中山路和八市吃小吃沙茶面、花生汤、土笋冻、海蛎煎等
-
🌅日出日落看这里
✅看日出：黄厝沙滩
✅海上日落：途纪落日航线
✅看日落：白城沙滩、钟鼓索道
✅海上地铁：高崎站集美学村1号线
#厦门旅游 #厦门小吃 #厦门美食 #厦门攻略 #厦门旅行攻略 #鼓浪屿 #厦门避雷 #厦门旅游攻略#人文景点分享 #周末去哪儿",181,158,16,https://www.xiaohongshu.com/explore/67acc4c30000000028028d59?xsec_token=ABCQHmElveJ9I-9wv4Le4f3doxZu8bi2pJ_uwQfRsmh8I=&xsec_source=pc_search&source=web_explore_feed,https://sns-webpic-qc.xhscdn.com/202502281953/0982b5e866aa3125887fc8db4fcd39b9/1040g00831dqd8d69gs005ngg15d08r077vsa84o!nd_dft_wlteh_webp_3,再吃一颗苹果🍎,,
刚从鼓浪屿回来‼️含泪总结😭😭😭,"讲真的，攻略没做好别轻易来厦门，特别是鼓浪屿，真的会惩罚每一个不做攻略的！！真心希望大家不踩坑！
	
❓厦门天气
厦门属于亚热带海洋气候，气温常年保持20℃左右，冬天气温10-20℃，旅游蛮舒服的😊
	
❓穿什么衣服
秋装+厚外套备用，厦门早晚冷中午热，晚上得穿外套！
	
❓怎么坐船
▫️船票：屿见厦门（小🍊序）
▫️船票选💰35就好，无捆绑！不交智商税
▫️船票可提前10天定，当天定没有好班次
	
❓哪个航班好
出发：东渡客运码头→三丘田码头
（这个班次，码头大、船票多，还便宜）
	
❓定不到船票怎么办
春节高峰期定不到票，早上有两班船到鼓浪屿：
▫️轮渡码头→钢琴码头（6点/6点半各一班）
🔸很少人知道游客也能用，因为太早，大部分人起不来，所以很多票
	
❓怎么从鼓浪屿回去
返程全天都有船，注意时间和码头不同：
🔹18点前：内厝澳/三丘田都可回厦门
🔹18点后：三丘田码头→轮渡码头（内厝澳18点关闭）
🔸18点后抵达轮渡码头，顺便逛中山路/八市
🔸返回不用重新定票！船票包含往返了
🔸20天内返回，船票都有效的
	
❓景点怎么约
▫️约景点票：鼓浪屿文旅中心（小🍊序
▫️管风琴艺术中心：免票但要遇约（0点放票）
▫️风琴博物馆：免票但要遇约（0点放票）
🔸建议单独定各个景点票就好，联票逛不完挺浪费的
	
❓带老人小孩，怎么坐车
🔹观光车在码头出来的亭子这边
🔹观光车在起点 终点 菽庄花园中转站停车
🔹返程也是在中转站菽庄花园坐车
	
🎏鼓浪屿一日游路线
🔹上午：三丘田码头→蕞美转角→管风琴艺术中心→风琴博物馆
🔹中午：龙头路吃饭
🔹下午：日光岩→菽庄花园→大德记沙滩看日落→皓月园
🔹返程：三丘田码头→轮渡码头
	
💛厦门/鼓浪屿放心吃的
✔️厚生林甜汤：环境人文复古好吃的糖水铺#厦门旅游
✔️蛋满灌：鸭蛋填入香菇肉馅，肉馅给的很多
✔️龙阳.林氏海蛎煎：海蛎子给的很多，生意很好，店里师傅很会做这个厦门小吃
✔️林.锦.记.鱼丸：低调好吃的手工鱼丸，用料很实在，环境很好！口味居然是某平榜①！
✔️大.洋.海鲜城：平价实在的老厦门特色菜，鼓浪屿 中山路都有分店，电视台经常报道，吃的放心！
✔️香.满.堂姜母鸭：现做的姜母鸭已经很少了，远远就能看到师傅在门口现做，香气扑鼻！
#新年旅行第一站 #反向旅行出门溜溜 #新年版citywalk#厦门 #鼓浪屿  #不早起旅行日记 #旅游攻略听劝 #厦门旅游",4594,4942,408,https://www.xiaohongshu.com/explore/679c452f0000000018013c37?xsec_token=ABN9sZ0jBRDL8mmDUJwOiQD8IlRqRa31aiJMk7nJvj_Qk=&xsec_source=pc_search&source=web_explore_feed,https://sns-webpic-qc.xhscdn.com/202502281953/44ae1f092bbffe4ea74b04d21a05dfd8/1040g2sg31da9lvvf0uc05opdm8goshflckn2nt0!nd_dft_wlteh_webp_3,鹭岛小师妹,,
📍厦门丨厦门旅游不要只知道鼓浪屿✅,"#厦门 厦门很多多打卡景点都是免费的！没做攻略的话真的很花冤枉钱！希望来厦门旅游的姐妹可以先刷到～
-
🧐天气：10°C-17°C，早晚温差大，需要穿羽绒服了哦～
🧐住宿：中山路步行街、厦大、曾厝垵
-
🧐四天三夜穷游路线⬇️⬇️
✅DAY1：花费150
1️⃣鼓浪屿
2️⃣八市
3️⃣中山路步行街
4️⃣和平码头
第一天可以先去【鼓浪屿】（船票35含往返），回程坐到轮渡码头，然后步行500米左右去【八市】逛吃小吃美食，再悠闲散步到【中山路步行街】，可以逛逛衣服，然后去轮渡码头看日落🌇
-
✅DAY2：花费80
1️⃣钟鼓索道
2️⃣厦门大学
3️⃣南普陀
4️⃣沙坡尾
5️⃣白城沙滩
去【钟鼓索道门票80】俯瞰整个厦门，出来后打个车到【厦门大学】，可以游览2-3个小时，后门紧挨着就是南普陀寺啦，门口有志愿者给你香，虔诚拜拜，然后步行15分钟就可以到【沙坡尾】啦，打卡完景点就可以去海边【白城沙滩】看看日落了🌇
-
✅DAY3：花费40
1️⃣曾厝垵
2️⃣玩月坡
3️⃣椰风寨
4️⃣一国两制沙滩🏖️
可以从【曾厝垵】租个小电驴环岛骑行到【一国两制沙滩】🏖️哦～全程大约7.5公里，租车的时候记得砍价～
💛PS：附近景点有玩月坡、海韵台、不在书店、二分之一咖啡、音乐广场
-
✅DAY4：花费5
1️⃣海上地铁
2️⃣十里长堤
3️⃣海上自行车道
坐地铁🚇去【十里长堤】就会看到千与千寻同款列车啦！日落的时候更美！
-
🧐日出日落位置： #会展中心  、 #黄厝沙滩  、钟鼓索道、白城沙滩、海湾公园、和平码头、演武大桥观景台、健康步道…
🧐厦门小吃：四果汤、沙茶面、花生汤、里脊肉串、姜母鸭、春卷、五香… #穷游   #周末去哪儿   #周末去哪玩   #厦门旅游   #厦门穷游   #厦门四天三夜   #厦门旅游攻略 图片已授权@向日葵少女（热爱版） 不要误判哦@生活薯",2431,2564,57,https://www.xiaohongshu.com/explore/678392a2000000000203d805?xsec_token=AB_QqTCH-w78Td0yxUXQP8u4B65h0uE-X8yLURwQdZHB0=&xsec_source=pc_search&source=web_explore_feed,https://sns-webpic-qc.xhscdn.com/202502281953/229875d0fc60d235ff60fcb32ba8e61e/1040g2sg31ci5s4cg0kdg5prc3e363smbcdm84v8!nd_dft_wlteh_webp_3,樱桃🍒,,
厦门会惩罚每一个不提前预约的懒人😭,"为了大家不要白跑一趟‼ 出发厦门之前一定要预约啊
-
今天给大家总结了厦门旅游热门景点的预约方式🔥大家赶快收藏起来⭐以备不时之需，来厦门肯定可以用到～
-
🌈景点预约指南
✅厦门大学（Or 提前3天预约10:30-17:30）
✅钟鼓索道（80r 提前7天预约 8:30-17:30）
✅园林植物园（30r提前3天预约6:30-18:00）
✅鼓浪屿（35r提前3天预约 全天）
✅双子塔（180r 可当天预约10:00-19:30）
✅南普陀寺（0r淡季可当天预约8:00-19:00）
✅潮汐之眼（98r 可当天预约 10:00-23:00）
✅厦门科技馆（100r可当天预约9:00-17:00）
✅海底世界（107r可当天预约 8:00-21:00）
-
🔔美食打卡
💕大洋海鲜城·锋味厦门菜：央视认证，大众必打卡餐厅，位于中山路上，帝王蟹三吃，闽南姜母鸭也是每次去都会点的！！本地人也会经常光顾的一家店！很有必要一尝
💕闽南行：他们家的风格在整条路上还是很好找的，他们家每一只都有满满的🦀膏，姜母🦆也是他们家的招牌现煲现煮香味扑鼻！光是闻这味道就让人流口水🤤
-
✈️鼓浪屿轮渡航线
☀️白天建议选厦鼓码头 三丘田码头，班次多船票多，还便宜，上岛后还可坐车，更方便
⛵️船票35包含往返，20天内都有效选内厝澳的，回程也可从三丘田回
🌃晚上从三丘田返回轮渡码头，顺便逛中山路和八市
-
✅市区到鼓浪屿
‼游客白天乘船只能选厦鼓码头，别跑空
🌟到鼓浪屿选三丘田码头：离景区近，避免走反
‼别买返程票：鼓浪屿船票已经包括往返
‼别买豪华船票：普通票35r，上二楼多加1块，和普通票没啥区别！
🌟1.2m小孩乘船风：1大人可带1名1.2m小孩
🌟船票预约：厦门轮渡
🌟景点预约：厦门旅游集散中心瓜
#游玩攻略 #国内旅游日常 #厦门旅游攻略 #游玩攻略 #厦门旅行 #厦门吃喝玩乐 #厦门美食 #大学生特兵旅游 #厦门",1.1万,1.5万,170,https://www.xiaohongshu.com/explore/67723a68000000000b017e5a?xsec_token=ABxI78CzDKswCcWH3DomquWxqil8belzbA5NY25uhIc1E=&xsec_source=pc_search&source=web_explore_feed,https://sns-webpic-qc.xhscdn.com/202502281953/25ba6c090f6f053d2c9e21ffadc12231/1040g00831c17rv6v0m6g5plk3a87cdb3eab8dn0!nd_dft_wlteh_webp_3,折耳根,,
听劝2-4月来厦门的姐妹请🐎住,"听劝2-4月来厦门的姐妹请🐎住
-
厦门的天气真的很适合来旅游。计划来厦门旅游的姐妹可以出发啦。你只管来，攻略我都帮你们做好了，直接抄作业就行！希望大家都能玩得开心哦~
-
前期准备
🎈证件：身份证、学生证
🎈护肤化妆品：日常护肤品、防晒霜、化妆品
🎈💊品：肠胃💊、感冒💊、晕车晕船💊
-
行程安排
第一天：厦门大学 - 南普陀寺 - 沙坡尾
🎈上午：
先去厦门大学，感受蕞美校园的魅力。芙蓉湖黑天鹅敲可爱，芙蓉隧道涂鸦超有创意，拍照超好看。（提前三天在“厦门大学访客予约”公粽昊予约入校）
🎈下午：
步行前往南普陀寺，免门票。这里香火旺盛，建筑精美，还能俯瞰厦门市区景色。
🎈晚上：
去沙坡尾逛吃，艺术西区有很多创意小店，还有各种te色小吃等。
第二天：鼓浪屿
🎈上午：
提前在“厦门轮渡有限公si”公粽昊买船票，从邮轮中心厦鼓码头乘船前往鼓浪屿。上岛后可以先去日光岩，登高俯瞰整个鼓浪屿和厦门市区的美景。
🎈下午：
漫步在鼓浪屿的小巷，打卡各种风格的佬别墅，去菽庄花园欣赏海景和园林风光。
🎈晚上：
在鼓浪屿看夜景，找一家海边的咖啡店，享受悠闲时光。
第三天：曾厝垵 - 环岛路 - 黄厝海滩
🎈上午：
去曾厝垵吃早餐，有敲多闽南te色早点。之后沿着环岛路骑行，欣赏无敌海景，可以zu一辆多人自行车，和朋友一起享受骑行乐趣。
🎈下午：
去黄厝海滩，这里沙子细腻，海水清澈，可以在沙滩上玩沙、踏浪，还能看到决美的日落。
🎈晚上：
在曾厝垵继续逛吃，这里有各种夜市小吃和特色纪念品店。
第四天：集美学村 - 返程
🎈上午：
前往集美学村，欣赏独特的嘉庚建筑，感受浓厚的学术氛围。可以去龙舟池拍照，很出片。
🎈下午：
收拾行李，准备返程，结束美好的厦门之旅。
-
🥝厦门美食
🍎1、大洋海鲜城：中山路上的佬字号，认证佬店！来厦门真的得来尝尝，海鲜都是门口池子里现捞的，食材新鲜的很！✔️tui荐帝王蟹三吃、招牌黄椒焗瓜子班，这些都是bi点不踩雷的菜品
🍎2、闽南行：这家复古风装修很有年代感，用餐能感受到浓浓的烟火气息，氛围感拉满，他家的海皇豆腐的汤汁拌饭一jue！姜母鸭现场制作，香气十足很入味👍！
	
厦门美食 厦门曾厝垵美食曾厝垵 厦门旅游攻略 厦门吃喝玩乐 厦门旅游景点本地人做的攻略 游玩攻略",49,42,评论,https://www.xiaohongshu.com/explore/67bc5262000000001203c115?xsec_token=ABa24pGds3urSNzETqnEqRYYaUfa3mNgwEAupWbs3B434=&xsec_source=pc_search&source=web_explore_feed,https://sns-webpic-qc.xhscdn.com/202502281953/5de09cad13cc92d198ec4d7ef3c8466d/1040g2sg31e9j8ka8h0d04b9b7spkh3sghsbvr10!nd_dft_wlteh_webp_3,爱丽丝,,
📍厦门丨厦门旅游不要只知道鼓浪屿✅,"#厦门 厦门很多多打卡景点都是免费的！没做攻略的话真的很花冤枉钱！希望来厦门旅游的姐妹可以先刷到～
-
🧐天气：10°C-17°C，早晚温差大，需要穿羽绒服了哦～
🧐住宿：中山路步行街、厦大、曾厝垵
-
🧐四天三夜穷游路线⬇️⬇️
✅DAY1：花费150
1️⃣鼓浪屿
2️⃣八市
3️⃣中山路步行街
4️⃣和平码头
第一天可以先去【鼓浪屿】（船票35含往返），回程坐到轮渡码头，然后步行500米左右去【八市】逛吃小吃美食，再悠闲散步到【中山路步行街】，可以逛逛衣服，然后去轮渡码头看日落🌇
-
✅DAY2：花费80
1️⃣钟鼓索道
2️⃣厦门大学
3️⃣南普陀
4️⃣沙坡尾
5️⃣白城沙滩
去【钟鼓索道门票80】俯瞰整个厦门，出来后打个车到【厦门大学】，可以游览2-3个小时，后门紧挨着就是南普陀寺啦，门口有志愿者给你香，虔诚拜拜，然后步行15分钟就可以到【沙坡尾】啦，打卡完景点就可以去海边【白城沙滩】看看日落了🌇
-
✅DAY3：花费40
1️⃣曾厝垵
2️⃣玩月坡
3️⃣椰风寨
4️⃣一国两制沙滩🏖️
可以从【曾厝垵】租个小电驴环岛骑行到【一国两制沙滩】🏖️哦～全程大约7.5公里，租车的时候记得砍价～
💛PS：附近景点有玩月坡、海韵台、不在书店、二分之一咖啡、音乐广场
-
✅DAY4：花费5
1️⃣海上地铁
2️⃣十里长堤
3️⃣海上自行车道
坐地铁🚇去【十里长堤】就会看到千与千寻同款列车啦！日落的时候更美！
-
🧐日出日落位置： #会展中心  、 #黄厝沙滩  、钟鼓索道、白城沙滩、海湾公园、和平码头、演武大桥观景台、健康步道…
🧐厦门小吃：四果汤、沙茶面、花生汤、里脊肉串、姜母鸭、春卷、五香… #穷游   #周末去哪儿   #周末去哪玩   #厦门旅游   #厦门穷游   #厦门四天三夜   #厦门旅游攻略 图片已授权@向日葵少女（热爱版） 不要误判哦@生活薯",2431,2564,57,https://www.xiaohongshu.com/explore/678392a2000000000203d805?xsec_token=AB_QqTCH-w78Td0yxUXQP8u4B65h0uE-X8yLURwQdZHB0=&xsec_source=pc_search&source=web_explore_feed,https://sns-webpic-qc.xhscdn.com/202502281953/229875d0fc60d235ff60fcb32ba8e61e/1040g2sg31ci5s4cg0kdg5prc3e363smbcdm84v8!nd_dft_wlteh_webp_3,樱桃🍒,,
厦门会惩罚每一个不提前预约的懒人😭,"为了大家不要白跑一趟‼ 出发厦门之前一定要预约啊
-
今天给大家总结了厦门旅游热门景点的预约方式🔥大家赶快收藏起来⭐以备不时之需，来厦门肯定可以用到～
-
🌈景点预约指南
✅厦门大学（Or 提前3天预约10:30-17:30）
✅钟鼓索道（80r 提前7天预约 8:30-17:30）
✅园林植物园（30r提前3天预约6:30-18:00）
✅鼓浪屿（35r提前3天预约 全天）
✅双子塔（180r 可当天预约10:00-19:30）
✅南普陀寺（0r淡季可当天预约8:00-19:00）
✅潮汐之眼（98r 可当天预约 10:00-23:00）
✅厦门科技馆（100r可当天预约9:00-17:00）
✅海底世界（107r可当天预约 8:00-21:00）
-
🔔美食打卡
💕大洋海鲜城·锋味厦门菜：央视认证，大众必打卡餐厅，位于中山路上，帝王蟹三吃，闽南姜母鸭也是每次去都会点的！！本地人也会经常光顾的一家店！很有必要一尝
💕闽南行：他们家的风格在整条路上还是很好找的，他们家每一只都有满满的🦀膏，姜母🦆也是他们家的招牌现煲现煮香味扑鼻！光是闻这味道就让人流口水🤤
-
✈️鼓浪屿轮渡航线
☀️白天建议选厦鼓码头 三丘田码头，班次多船票多，还便宜，上岛后还可坐车，更方便
⛵️船票35包含往返，20天内都有效选内厝澳的，回程也可从三丘田回
🌃晚上从三丘田返回轮渡码头，顺便逛中山路和八市
-
✅市区到鼓浪屿
‼游客白天乘船只能选厦鼓码头，别跑空
🌟到鼓浪屿选三丘田码头：离景区近，避免走反
‼别买返程票：鼓浪屿船票已经包括往返
‼别买豪华船票：普通票35r，上二楼多加1块，和普通票没啥区别！
🌟1.2m小孩乘船风：1大人可带1名1.2m小孩
🌟船票预约：厦门轮渡
🌟景点预约：厦门旅游集散中心瓜
#游玩攻略 #国内旅游日常 #厦门旅游攻略 #游玩攻略 #厦门旅行 #厦门吃喝玩乐 #厦门美食 #大学生特兵旅游 #厦门",1.1万,1.5万,170,https://www.xiaohongshu.com/explore/67723a68000000000b017e5a?xsec_token=ABxI78CzDKswCcWH3DomquWxqil8belzbA5NY25uhIc1E=&xsec_source=pc_search&source=web_explore_feed,https://sns-webpic-qc.xhscdn.com/202502281953/25ba6c090f6f053d2c9e21ffadc12231/1040g00831c17rv6v0m6g5plk3a87cdb3eab8dn0!nd_dft_wlteh_webp_3,折耳根,,
听劝2-4月来厦门的姐妹请🐎住,"听劝2-4月来厦门的姐妹请🐎住
-
厦门的天气真的很适合来旅游。计划来厦门旅游的姐妹可以出发啦。你只管来，攻略我都帮你们做好了，直接抄作业就行！希望大家都能玩得开心哦~
-
前期准备
🎈证件：身份证、学生证
🎈护肤化妆品：日常护肤品、防晒霜、化妆品
🎈💊品：肠胃💊、感冒💊、晕车晕船💊
-
行程安排
第一天：厦门大学 - 南普陀寺 - 沙坡尾
🎈上午：
先去厦门大学，感受蕞美校园的魅力。芙蓉湖黑天鹅敲可爱，芙蓉隧道涂鸦超有创意，拍照超好看。（提前三天在“厦门大学访客予约”公粽昊予约入校）
🎈下午：
步行前往南普陀寺，免门票。这里香火旺盛，建筑精美，还能俯瞰厦门市区景色。
🎈晚上：
去沙坡尾逛吃，艺术西区有很多创意小店，还有各种te色小吃等。
第二天：鼓浪屿
🎈上午：
提前在“厦门轮渡有限公si”公粽昊买船票，从邮轮中心厦鼓码头乘船前往鼓浪屿。上岛后可以先去日光岩，登高俯瞰整个鼓浪屿和厦门市区的美景。
🎈下午：
漫步在鼓浪屿的小巷，打卡各种风格的佬别墅，去菽庄花园欣赏海景和园林风光。
🎈晚上：
在鼓浪屿看夜景，找一家海边的咖啡店，享受悠闲时光。
第三天：曾厝垵 - 环岛路 - 黄厝海滩
🎈上午：
去曾厝垵吃早餐，有敲多闽南te色早点。之后沿着环岛路骑行，欣赏无敌海景，可以zu一辆多人自行车，和朋友一起享受骑行乐趣。
🎈下午：
去黄厝海滩，这里沙子细腻，海水清澈，可以在沙滩上玩沙、踏浪，还能看到决美的日落。
🎈晚上：
在曾厝垵继续逛吃，这里有各种夜市小吃和特色纪念品店。
第四天：集美学村 - 返程
🎈上午：
前往集美学村，欣赏独特的嘉庚建筑，感受浓厚的学术氛围。可以去龙舟池拍照，很出片。
🎈下午：
收拾行李，准备返程，结束美好的厦门之旅。
-
🥝厦门美食
🍎1、大洋海鲜城：中山路上的佬字号，认证佬店！来厦门真的得来尝尝，海鲜都是门口池子里现捞的，食材新鲜的很！✔️tui荐帝王蟹三吃、招牌黄椒焗瓜子班，这些都是bi点不踩雷的菜品
🍎2、闽南行：这家复古风装修很有年代感，用餐能感受到浓浓的烟火气息，氛围感拉满，他家的海皇豆腐的汤汁拌饭一jue！姜母鸭现场制作，香气十足很入味👍！
	
厦门美食 厦门曾厝垵美食曾厝垵 厦门旅游攻略 厦门吃喝玩乐 厦门旅游景点本地人做的攻略 游玩攻略",49,42,评论,https://www.xiaohongshu.com/explore/67bc5262000000001203c115?xsec_token=ABa24pGds3urSNzETqnEqRYYaUfa3mNgwEAupWbs3B434=&xsec_source=pc_search&source=web_explore_feed,https://sns-webpic-qc.xhscdn.com/202502281953/5de09cad13cc92d198ec4d7ef3c8466d/1040g2sg31e9j8ka8h0d04b9b7spkh3sghsbvr10!nd_dft_wlteh_webp_3,爱丽丝,,
一次性了解厦门90%的旅游景点,"第一次来厦门要怎么玩？
我用一张卫星地图一镜到底为大家讲明白！
包括地理区划、景点分布、美食概览、行程安排。
	
如果有其他值得推荐地方，各位厦门玩家帮忙留言补充哦！
	
﻿#厦门旅游﻿ ﻿#旅行攻略﻿ ﻿#地图动画﻿ ﻿#鼓浪屿﻿ ﻿#福建﻿ ﻿#厦门奶茶﻿ ﻿#厦门旅游攻略﻿ #快乐番薯 #繁花来了 #繁学",6999,7531,226,https://www.xiaohongshu.com/explore/67943d2e00000000290360b5?xsec_token=ABqopgTeLm9AJYDX9Kp8GlwUmp0WztrQC0ACdGwVya0es=&xsec_source=pc_search&source=web_explore_feed,,很多驴,,
📍2.24厦门已回，没带对衣服我真的崩溃了,"厦门去过了才知道，太无语了……说实话！可能说走就走的旅行很酷，但厦门不做攻略不能来！！希望2、3月打算去厦门的姐妹，能避避雷，记得提前约，早晚温差大，注意保暖！
.
⛅️⛅️天气
2、3🈷️：12-22℃
👗穿搭建议：长袖，长袖打底，长裙，长裤，配薄外套，以防突然降温，可以备件稍厚的，秋装为主
.
🐸🐸厦门景点预约
💓鼓浪屿：小c序""屿见厦门""进行预约
💓钟鼓索道：小c序“钟鼓索道“预约
💓南普陀寺：gzh""南普陀寺“预约
💓厦门大学：wx""厦门大学访客系统“预约
💓双子塔：wx""世茂云上厦门观光厅“预约
💓园林植物园：gzh""厦门植物园“预约
💓厦门科技馆gzh""厦门科技馆“预约买票
💓胡里山炮台：gzh""厦门胡里山炮台“预约
.
🚌厦门交通
厦门交通还是挺方便的，公交 地铁 BRT，几乎可以到达你想去的地方！！稍远一点到附近再叫个网约车，明明白白的💁🏻
.
🍜恰饭：
厦门美食还是挺多的！当地🍧小吃思北特香包、蛀牙糖水、李菊英豆花、四里沙茶面、佘阿姨花生汤、阿杰五香都不错
.来到海滨城市当然要吃海鲜啦！来到某评上很🔥的醉壹号海鲜大排档，在老市区思北路口，特se招牌菜柠檬蟹、有海蛎捞饭、爆炒鸭杂、蛋黄焗龙虾、还有闻名遐迩的醉壹号烤鳗鱼
🚋住宿：住宿一般选在思明区，毕竟景点都集中在该区！中山路 黄厝 曾厝垵 厦大附近都比较方便！湖里区有地铁也行~优先考虑火车站（厦门站）附近
.
🎏行程安排
Day①抵达厦门→鼓浪屿→中山路→八市
Day②南普陀→厦门大学→植物园→钟鼓索道→沙坡尾→双子塔
Day③黄厝沙滩→帆船出海→环岛路→山海步道→盼归塔→曾厝垵
.
✅热门景点
🌟鼓浪屿:蕞美转角，晴天墙各种建筑，巷子，网红打卡小店
🌟沙坡尾:网红打卡店，时尚街拍各种色彩，风格元素，很出片，夜景也很漂亮
🌟环岛路:沙滩，海景，夕阳🌇，晚霞
🌟集美学村:海上地铁🚇嘉庚式建筑群
🌟中山路:街拍，老厦门别墅，街道宽阔
.
⛔️旅游注意事项
⚠️看日出在黄厝，日落白城，别走反
⚠️钟鼓索道排队有人说景区关闭别信
⚠️火车票选厦门站，在岛内离市区近
#厦门旅游     #厦门吃喝玩乐     #厦门攻略     #鼓浪屿   #广州周边游     #深圳周边游     #春游记     #厦门旅游攻略     #旅游不踩坑     #本地人做的攻略",283,326,31,https://www.xiaohongshu.com/explore/67bc8ea10000000003028862?xsec_token=ABa24pGds3urSNzETqnEqRYV5LPAgArcVqNSS3EdbFUdQ=&xsec_source=pc_search&source=web_explore_feed,https://sns-webpic-qc.xhscdn.com/202502281953/3c518c6efb5868d6a0e108ada5548aee/1040g00831e9qkuus10605pns340ne4lkje14q8o!nd_dft_wlteh_webp_3,小盐熊🐻爱旅游,,
厦门三天两夜旅游攻略📝看这篇就够了😎,"厦门其实真的蛮不错的，尤其是现在这个季节🏖️，很适合出游！但是！千万不要一时兴起不做攻略就来厦门😭，那是真的多坑！来听听我的真实感受，我总结了关于这次的厦门旅游攻略，让各位少踩雷💥，多避坑！
.
⚠️ 避雷注意：
1⃣️钟鼓索道坐缆车，一定注意保暖！！缆车没玻璃的，真的冷啊！羽绒/冲锋衣都可以安排上！
.
2⃣️⛅️1-2月厦门气温平均10-20°，早晚相对凉快一点，可以是打底衫搭外套，热了可以脱，也要备好保暖的衣服，可以带点轻薄羽绒。早晚温差大，海边也风大
.
3⃣️别买豪华船票，和35的普通票没啥区别！去鼓浪屿的话至少提前30分钟到达码头，千万不要迟到！
.
4⃣️不要买什么火参果、莲雾这种水果，并不是厦门特产，火参果就是黄瓜味，莲雾就是汁水多，没啥味道的。还有花茶也别买，一丢丢就3位数
.
5⃣️不要和沙滩或者任何景区穿着奇怪卡通衣服的人合影！拍完就会找你要钱了。给你塞鲜花的也别搭理，一样套路
.
6⃣️不要听信热心出租车司机建议哪里好吃的，一般会给你建议有回扣的地方，不仅贵而且不好吃。
.
😋 恰饭指南
厦门除了好逛也太好吃了！
来到厦门这个沿海城市海鲜不得不吃！位于中山路上的大洋海鲜城真的蛮不错，尤其是帝王蟹三吃和避风塘富贵虾真的yyds，吃得出很新鲜！很多本地人都会来，不坑不雷！
还有曾厝安的闽南行，这家的姜母鸭真的香的咧～闻着就馋！还有海皇豆腐煲，拌饭真的无敌了！而且他家环境格调还蛮不错的，拍照好出片！
.
🏠住宿避雷
✔️建议住在思明区，大部分景点都集中在这边，出行更为方便
✔️或者选择地铁站附近，出行方便，避免了堵车的烦恼
❌曾厝垵、黄厝，民宿多虽然不贵，但隔音差卫生一般！一定多看差评
.
🚌交通避雷
❌建议少打出租车，尽量使用网约车，费用透明且方便
✔️鼓浪屿上船选东渡码头更方便
✔️火车票尽量选厦门站，在岛内！厦门北站在岛外
✔️厦门不大，公交基本直达，稍远点打车10来块~
✔️BRT：行驶在空中的地铁！专门轨道不堵车，比打车强
✔️29路公交🉑沿环岛路看厦门
#厦门旅游攻略  #厦门美食 #厦门旅游 #鼓浪屿 #厦门攻略 #不为打卡的旅行 #广州周边游 #深圳周边游 #泉州周边游 #反向旅行出门溜溜 #新年旅行第一站 #不早起旅行日记  #厦门大学",5943,5359,29,https://www.xiaohongshu.com/explore/678ba4fa00000000190164b9?xsec_token=ABtNluWVCDjRNqn9LZhH0XlyGS5Ox3_6kv6vbB4iD3hEU=&xsec_source=pc_search&source=web_explore_feed,https://sns-webpic-qc.xhscdn.com/202502281954/d6d37def52bfda3ce9b16206ed68d2f8/1040g2sg31cq23ukdh2d05otp5r59t581jqknl3g!nd_dft_wlteh_webp_3,间歇性乌鱼籽,,
厦门土著J人给朋友做的厦门四天三晚全攻略,"最近太多外地朋友问厦门旅行攻略了，于是本J人上线，借@喵小麦 老师的地图一篇说清厦门住宿游玩美食伴手礼全攻略
	
1、【住宿】
推荐住在中山路附近，交通方便选择多价格合理。
环岛路海景房价格偏贵，交通只能打车或公交。
	
2、【路线】
DAY1:鼓浪屿➡️双子塔➡️八市➡️中山路
鼓浪屿游玩路线：最美转角➡️八卦楼➡️日光岩➡️皓月园➡️菽庄花园➡️港仔后沙滩
傍晚到演武大桥看双子塔，去八市吃小吃，逛中山路。
	
DAY2:厦门大学➡️南普陀➡️植物园➡️钟鼓索道➡️白城沙滩➡️沙坡尾
上午提前预约参观厦门大学，到南普陀寺点一炷香。下午从植物园西门进，到热带雨林和网红仙人掌打卡，傍晚乘坐钟鼓索道出植物园到白城沙滩。
晚上去沙坡尾吃晚饭，逛各种市集和小店。
	
DAY3:黄厝沙滩➡️环岛路➡️山海步道➡️盼归塔➡️曾厝垵
早起在黄厝沙滩看日出，扫辆自行车沿着环岛路向西骑行，沿途打卡热门景点：玩月坡、海韵台、不在书店、礁石步道、书法广场、音乐广场。
傍晚到达山海步道打卡盼归塔，去曾厝垵吃晚饭。
	
DAY4:海上地铁➡️龙舟池➡️嘉庚公园➡️集美大社➡️石鼓路➡️十里长堤
上午坐地铁一号线海上地铁到集美学村站，参观端午划龙舟的龙舟池，去嘉庚公园和鳌园纪念陈嘉庚先生。
下午去集美大社探访闽南古村落，去石鼓路吃各色小吃，傍晚到十里长堤看日落海边live。
	
3、【美食】
小吃和餐厅各总结一张在P2P3有需要可以评论留言我私发。
	
4、【伴手礼】
阿吉仔/吉治百货：椰子饼、凤梨酥，礼盒装送礼好看
义兰饼铺：各种中式糕点，简装性价比高适合自己吃
华祥苑、海堤：水仙、肉桂等茶叶
#中式旅行天花板 #本地人做的攻略 #厦门旅游 #厦门旅游攻略 #chinatravel #厦门旅行 #厦门攻略 #新年旅行第一站 #先出发再说 #反向旅行出门溜溜 #不早起旅行日记 #周末去哪儿 #小众旅行地 #厦门打卡 #厦门美食 #旅游攻略 #厦门 #国内旅游攻略 #我在家乡当游客 #新年版citywalk @生活薯 @走走薯 @小红书创作助手 @小红书创作学院 creator academy @城市情报官",5697,6573,328,https://www.xiaohongshu.com/explore/679a3331000000002903dcaa?xsec_token=ABKt0Gzm1vXa9GhKb2YSpsqU6zAjQqLJT8ISQOmcHGO6o=&xsec_source=pc_search&source=web_explore_feed,https://sns-webpic-qc.xhscdn.com/202502281954/e7ddaad3b251c70b4411eea32f04749f/1040g2sg31d88vnr5h0704a9db4dk34gnok3037g!nd_dft_wlteh_webp_3,杨枝甘露环游记,,
3-5月去厦门旅游的姐妹们👭要注意啦！,"3-5月来厦门的姐妹听劝，这个时候来厦门旅游的宝宝，可千万别错过这份攻略，给大家参考参考！希望即将去厦门游玩的姐妹都能顺利避坑！
送给来厦门旅游的姐妹们！！
-
✅出行准备
🌷证件：身份证、学生证或其他优惠证件等
🌷电器：手机、充电器、耳机、充电宝、照相机等
🌷生活用品：洗漱用品、补水护肤品、化妆品、雨伞（冬季可能降雨）、保暖防风用品等
🌷衣物：厦门冬季不算严寒，但海风大，除漂亮衣物用于拍照📸，也要带上厚外套，做好保暖和防晒🌞
-
⭕怎么到厦门呢❓
✈️机场：厦门高崎国际机场、厦门翔安国际机场
🚄火车站：厦门站、厦门北站、杏林站等
-
🏠厦门住宿推荐
🏨思明区：靠近鼓浪屿、曾厝垵等热门景点，出行便利，周边美食众多，民宿和酒店的选择丰富多样，能满足不同预算的需求。
🏨湖里区：交通枢纽较为集中，距离机场、车站较近，对于赶早班机或火车的游客来说非常方便，住宿性价比相对较高。
🏨集美区：人文气息浓厚，拥有独特的嘉庚风格建筑，环境优美宁静，适合喜欢安静，想要深入体验当地文化的游客。
-
🌈厦门4天3晚路线攻略✨
💞𝑫𝒂𝒚❶ 出发地抵达厦门 24小时全天候专车接送至酒店办理入住🏨
💞𝑫𝒂𝒚❷ 南普陀寺→鼓浪屿→菽庄花园→港仔后沙滩
💞𝑫𝒂𝒚❸ 环岛路→曾厝垵→集美学村
💞𝑫𝒂𝒚❹ 赶海→帆船出海→结束愉快的旅行带着美好的回忆回家🥰
⚠️Tips
厦门景点分布较散，第一次去厦门的宝宝👭，要是想省时省力还省钱💰，可以报个当地团。像上面这种纯玩路线，人均不到一千💰，包含了吃、住、行、景点门票，还有免费接送站服务，超省心！
⭕厦门热门景点介绍
📍鼓浪屿：充满文艺气息的小岛，汇集了各国风格建筑，仿佛穿越时空，漫步其中，处处都是拍照的绝佳背景，人文与风景完美融合。
📍环岛路：长达40多公里的沿海公路，沿途风景美不胜收，租一辆自行车骑行，让海风轻拂脸颊，尽情欣赏无垠的海景🌊
📍曾厝垵：美食爱好者的天堂，汇聚了各种特色小吃和文艺小店，一站式满足你的味蕾和购物欲。
📍南普陀寺：千年古刹，寺内建筑古朴精美，香火旺盛，庄严肃穆的氛围让人内心平静，还能品尝到美味的素斋。
📍沙坡尾：曾经的避风坞，如今已华丽变身为文艺青年的聚集地，各种创意店铺和网红打卡点等你来探索。
#厦门旅行攻略
#厦门游玩攻略
#图文伙伴计划
#厦门旅游攻略",1315,1054,62,https://www.xiaohongshu.com/explore/67b17d33000000002902aca8?xsec_token=ABSpgDXNrJAeumbDrYk7f21APpyYjj5j_kPEdkJRiuzG4=&xsec_source=pc_search&source=web_explore_feed,https://sns-webpic-qc.xhscdn.com/202502281954/3d20d79ebe11cd928eb8a209c2e37ee3/1040g00831dv0os5h0c6g5om2m30mt7cnfhjq9n0!nd_dft_wlteh_webp_3,厦门旅游攻略,,
人均2.5K厦门四天三晚逛吃攻略|收藏版❤️,"我们从上海出发到厦门北13:30，酒店在中山路上，非常方便，厦门北到中山路，地铁1号线镇海路下
Day 1：沙坡尾 1-2H
酒店稍作休息后，16:00出门
中山路到沙坡尾不是很远，大概3公里，可以选择打的或者骑共享单车
	
沙坡尾离厦大很近，如果能预约到厦大（提前3天），建议可以早点出门，这样可以直接逛两个景点，但是我们没约到，所以只能逛逛沙坡尾
	
沙坡尾是个创意艺术街区，很多有意思的涂鸦和小店都聚集在那里，网红彩虹墙在艺术西区3楼，进去做扶手电梯到3楼就可以了
🍱美食：美食很多可以一路吃，推介猫街四果汤，芋包嫂
Day2：鼓浪屿 （4-6H）+八市夜市 （1-2H）
船票：可在“屿见厦门”小程序上购买
夏鼓码头➡️三丘田码头/内厝澳码头 💰35往返
第一码头票价比较高，💰80往返，个人觉得意义不大
厦门轮渡是夜间轮渡，没有日间的票
可从三丘田码头进入，内厝澳码头出，正好是一个大圈（鼓浪屿篇介绍路线）
🍱鼓浪屿美食：推荐林氏沙茶面 龙头鱼丸 叶氏麻糍；虾扯蛋不好吃，可以不买
🍱八市美食：推荐惠源面包 阿杰五香卷 思北花生糖 阿杰店沙茶面 益贤姜母鸭
	
Day3: 钟鼓索道（40mins）+环岛南线（3-4H）+增厝安（1-2H）
钟鼓索道
可以线上预约，也可以线下排队买票，人不是很多，来回40分钟，风景还可以，时间紧的话可以跳过
	
环岛南线
从椰寨沙滩➡白城沙滩（具体请看环岛篇）一路海滩每个地方都可以出照片，经典的打卡点在玩月坡，有网红沙滩巴士和咖啡店
⚠️交通工具：
🚴‍♀️共享单车，可以慢慢骑行，不过厦门有上下坡，会比较累和晒
🚌29路公交，环岛沿线，就是人比较多，还要消耗一些等车时间
🛵电动车：看了一些评论，怕起到禁骑区，被警察扣车，所以放弃了
🚕打的：直接打的到玩月坡附近的咖啡店一路南走就可以了
晚上可以在增厝安光吃
🍱美食推荐：晨曦沙茶面 阿彬醋肉
	
Day4:中山路买手信
最后一天逛吃+买手信
🍱推荐：局门拌面 1980烧肉粽 吴再添小吃 豪里香里脊肉 阿吉仔饼铺子 三味酥屋
#国庆划得来逛吃指南 #国庆节旅游 #厦门旅游 #厦门吃喝玩乐 #我的小众旅行攻略 #旅游拍照#周末去哪儿  #厦门旅游攻略 #厦门沙坡尾#国庆我要慢慢玩",135,147,6,https://www.xiaohongshu.com/explore/66f205c1000000001a022ed8?xsec_token=ABG88Li_M2jKRsaG7-azOYhy40ZBtvn7jyJ5W-ZtfNFhw=&xsec_source=pc_search&source=web_explore_feed,https://sns-webpic-qc.xhscdn.com/202502281954/591cd40e3beb5461457ff15ef9a2a2fd/1040g00831841e65cgo0043od1hhq8f686dfbfvo!nd_dft_wlteh_webp_3,Elane,,
厦门会惩罚每个不提前预约的懒人……😭,"想来厦门的姐妹先不要着急🙏🏻厦门比想象中的好玩多了！！前提是要做好攻略哦～出发前赶紧看看😊别再当大冤种啦
.
天气穿搭⛅️
2月厦门气温平均15-20°，秋装搭外套，热了可以脱，也要备好保暖的衣服，可以带点轻薄羽绒。早晚温差大，海边也风大
.
📥厦门景点预约
🔸鼓浪屿:小c序“屿见厦门”
🔸钟鼓索道:小c序“钟鼓索道”
🔸南普陀寺:gzh“南普陀寺”
🔸厦门大学:wx“厦门大学访客系统”
🔸厦门双子塔: wx“世茂云上厦门观光厅”
🔸园林植物园: gzh“厦门植物园”
🔸厦门科技馆: gzh“厦门科技馆”
🔸胡里山炮台: gzh“厦门胡里山炮台”
.
🥲鼓浪屿上岛须知‼️
1️⃣上岛的话可以从东渡客运码头、第码头出发，东渡客运码头等待的航线时间比第码头少
2️⃣船票包含往返
3️⃣可以提前分钟左右到码头，有时船会提前开
4️⃣回程随到随走，点后要到三丘田码头
•
厦门美食✨
厦门的美食真的很多呀，喜欢海鲜的宝子们，（醉'壹'号海鲜大排档）爆炒鱿鱼🦑，真的爱了，口感筋道爽脆，很新鲜。然后还有烤鳗鱼，第1⃣️次吃这种做法的鳗鱼，外焦里嫩，蘸料很清爽酸甜。这一顿还是蛮不错的
当地好吃的小吃也蛮多的，比如像四里沙茶面余阿姨花生汤厦门芋包四果汤等等
·
🗺️厦门三日游行程
🚘Day1：钟鼓索道→植物园→ 南普陀寺→ 厦门大学（思明校区）→ 白城沙滩→ 沙坡尾→ 中山路
🚘Day2：三丘田码头→ 蕞美转角→ 龙头路小吃街→日光岩→ 皓月园→ 港仔后海滨沙滩→ 内厝澳码头
🚘Day3：椰风寨沙滩→ 黄厝沙滩→ 玩月坡→ 海韵台→ 音乐广场→ 曾厝垵→ 珍珠湾沙滩
.
✅✅厦门防坑
⚠️不要报低价的一日游，大多数都要买东西，一天下来又累又无聊
⚠️不要信出租车师傅推的景点，还是自己做攻略
⚠️打车去景点景区不要自己开车，节假日堵又没地方停车还很贵，建议地铁公交切换
#厦门美食     #本地人做的攻略     #厦门小吃     #厦门旅游     #攻略     #厦门小吃     #厦门     #厦门旅游攻略     #厦门吃喝玩乐      #先出发再说     #出发就是最好的计划     #不为打卡的旅行",905,1000,12,https://www.xiaohongshu.com/explore/67a8c2c5000000001902efb9?xsec_token=ABXjKjMT2IoFj1Pi0MV9ckNuozTOklK3srErFbK7_VZSU=&xsec_source=pc_search&source=web_explore_feed,https://sns-webpic-qc.xhscdn.com/202502281954/520aae81ac467bfafdd3371643c0d4df/1040g00831dmg0itd0u005pdp2i2jkn59scrj8q8!nd_dft_wlteh_webp_3,兔兔爱旅游,,
已被宰。花一天时间总结的避雷建议+附攻略,"2-3月想去厦门的姐妹们看过来🤩
现在网上很多攻略写得都很不详细😭
一定要做好攻略，不然真的很容易踩坑!!!
总结了一些经验教训出来，给大家作为参考，希望即将去厦门的姐妹们能够及时避雷！！！
-
😭建议1.去鼓浪屿要注意啦！游客白天乘船只能选东渡客运码头，小心别跑空了
-
😭建议2.别买豪华船票❌普通票35r，和普通票没啥区别!
-
😭建议3.去鼓浪屿的话至少提前20分钟到达码头
-
😭建议4. 不要买景区的银饰假的多，买纪念品记得等到晚上有些推车出来的比较便宜
-
😭建议5.去植物园可以从西门进🌵打去网红景点多肉植物园更近一些。
-
😭建议6.黄厝看日出🌅白城沙滩看日落，不要跑错啦
-
😭建议7.椰风寨海滩人比较少🥥推荐打卡
-
😭建议8.金门游海豚基地真的很难遇到海豚，时间紧可以pass
-
😭建议9.在环岛路沿海租车骑行幕美海岸线！一定要货比三家，后面的有更便宜的等着你
-
😭建议10.景点约一定提前！旺季人很多的时候，比较难约到。可以直接在小🍊x去约。
-
😭建议11.去鼓浪屿坐船选择厦鼓码头，班次多，价格都是在35元居多，包往返。
-
😭建议12.别买花茶！!！按g 算，一点点都要好几百。真的很贵，并不值得。
-
😭建议13.想吃海鲜的话🦐思北路口醉壹号海鲜大排档·老厦门特se菜，以实惠和正宗而天天排队也要吃，特se招牌菜有海蛎捞饭、柠檬蟹、麻炒田ju、蛋黄焗龙虾、还有闻名遐迩的醉壹号烤鳗鱼，大家某评可先查看一下
-
✨鼓浪屿上岛须知‼
1⃣上岛的话可以从东渡客运码头、第1码头出发，东渡客运码头等待的航线时间比第1码头少
2⃣船票包含往返，无需分开买
3⃣可以提前分钟左右到码头，有时船会提前开
4⃣船票过点就作废啦，但没过点可以退
5⃣回程随到随走，点后要到三丘田码头回程
-
🤩🤩日出日落看这里
👉看日出：黄厝沙滩
👉海上日落：途纪落日航线
👉看日落：白城沙滩、钟鼓索道
👉海上地铁：高崎站集美学村1号线
.
#生活需要分享欲 #厦门旅行 #厦门旅游攻略 #本地人做的攻略 #旅游不踩坑 #避开高峰期旅游 #跟着本地人 #厦门旅游 #厦门旅行 #厦门旅游攻略",86,112,评论,https://www.xiaohongshu.com/explore/67b9f116000000002503c47f?xsec_token=AB3R2bfnTm5tcyNoKuEe1u-4o88xPgVk9Ow-ZFOOLYJf8=&xsec_source=pc_search&source=web_explore_feed,https://sns-webpic-qc.xhscdn.com/202502281954/93823b88450335bbc74166d4b300a56f/1040g00831e78tho10k605psctjk3jua8f06fbf0!nd_dft_wlteh_webp_3,happy 兔🐰,,
12月去厦门，哪些美食该吃与哪些景点该去⁉️,"11月淡季的厦门真的好赞，#一起去看海天气不那么热，还有晴天，真的好出片好舒服好治愈呀。不过没有做攻略真的别来，真的不少坑🕳️，哭唧唧😭，别问我怎么知道的，我只想写下一些小经验，供姐妹们参考参考，能帮一个是一个
.
⚠️划重点⚠️
1⃣️从10月25日起，鼓浪屿的三丘田码头因扩建暂停运营，大家可以从内昔澳码头或钢琴码头登岛。
2⃣️从11月1日起，“厦鼓码头”改名为“东渡客运码头”基本上去鼓浪屿都选这个码头乘船。
	
🗺️行程安排
Day1厦门植物园👉🏻钟鼓索道👉🏻厦门大学👉🏻白城沙滩
1、植物园拍照真的很出片尤其是多肉区和热带雨林区
2、钟鼓索道，提前预约，80，8:45-17:30，看日落建议选4:30-5:30，日落的票好难约
3、厦门大学，提前3天预约，白城门到白城沙滩，大南门到南普陀寺，西门到沙坡尾，提前确定下一站，选择相应门出校
4、厦大出来就是白城沙滩，可以欣赏一场橘子味的日落
.
Day2⃣️黄厝沙滩（日出）👉🏻鼓浪屿👉🏻八市
1、早起看一场厦门的日出真的很浪漫，黄厝沙滩很适合。看完可以回去先补个觉，下午再出发鼓浪屿
2、鼓浪屿一个下午就可以逛完，可以在鼓浪屿上看完日落再离岛
3、八市，吃吃喝喝蕞适合不过了，作为本地人的一个菜市场，在这也藏着很多宝藏小吃，很多都是本地土著爱去的，开了很久的。思北特香包、丹香蛋糕店、蛀牙糖水、李菊英豆花、四里沙茶面、佘阿姨花生汤、阿杰五香，这些都是不错的选择，经常排队。来到海边城市，海鲜也是不可或缺的，【醉壹号海鲜】烤鳗鱼、蛋黄焗龙虾、麻炒田ji、柠檬蟹、爆炒鸭杂等等都是招排菜也有像杂鱼酱油水鱿鱼蒸豆腐、蒜香排骨等等这样的di道厦门菜
Day3⃣️五缘湾帆船👉🏻集美学村👉🏻集美大社👉🏻嘉庚公园1、五缘湾帆船出海真的很值得体验一把，大人小孩都爱，真的很好玩
2、集美学村地铁站可以寄存行李
3、大社是很多闽南特se的古厝建筑
4、嘉庚公园看海，人少而且很治愈很出片
5、之后就可以安排会程了
.
#厦门小吃 #厦门美食 #厦门旅游 #厦门旅游攻略 #广州周边游 #深圳周边游 #鼓浪屿#厦门当地美食 #厦门景点",3138,3514,28,https://www.xiaohongshu.com/explore/6749da9f0000000006015fdb?xsec_token=ABh4UoddXqFgoYQxo7i7JVOASQxrjEHZkP064KNKk3DgQ=&xsec_source=pc_search&source=web_explore_feed,https://sns-webpic-qc.xhscdn.com/202502281954/9cd547204ed0b1b1c4cd0db389241846/1040g2sg31apq5kvmng005picgk1hooi968sn9jg!nd_dft_wlteh_webp_3,晴天,,
厦门旅游4天3夜不绕路攻略！看这篇就够了！,"春节计划去厦门的宝子们要注意了⚠️，厦门真的不适合说走就走🙅🏻‍♀️！真的很多坑🕳️，出门前真的要做好攻略，很多你以为自己不会踩的坑，都是套了很多人的。所以刚从厦门回来不久的我，还是给大家整理一下一些经验，能帮一个是一个❤️
-
一些小tips：
❌千万不要相信任何热心肠的人（打车司机以及景点外面搭讪的人），他们会忽悠你去一些不知名的景点，或是介绍吃什么海鲜的，别搭理不能信
❌鼓浪屿的船票过期了不能退换。建议早点预约，35的船票卖完了只能买80的，但是两个价位的体验感上一样的
❌海边看见人形玩偶千万别搭理，跟你拍完照就给你要收你钱了，还有塞你玫瑰花的也是，别搭理
❌在厦门打车，坐后排也要系安全带！查的严，逮到是乘客罚10块💰的！很多姐妹避雷了
❌鼓浪屿上不要去买什么花茶、猪肉铺之类的，秤克数的东西，都很坑，一点点就要3位数
❌不建议往曾厝安跑，是真的没啥意思，也没有什么好吃的。
✔️厦门的小吃很多都藏在八市那里，本地人的菜市场，烟火气满满，体验厦门人的生活莫过于去一趟八市，小吃尤其多。尤其是「豪香里脊肉串」「莲欢海蛎煎」「杨小贤」「芋包王」「朱记手撕鸡」这些，都真的是厦门古早的味道了，真的绝绝子
✔️厦门植物园很大，如果时间三天游，建议只玩雨林区和多肉区，直接西门进西门出就好。如果想全程游玩，就南门进西门出，全程游玩会比较累
✔️钟鼓索道坐缆车，一定注意保暖！！缆车没玻璃的，真的冷啊！羽绒/冲锋衣都可以安排上
.
🌈厦门的精华景点：
🏅鼓浪屿:海上花园！没到鼓浪屿等于白来厦门
🏅集美学村:必打卡学村牌坊-龙舟池-石鼓路–嘉庚公园
🏅厦门大学：百年名校，面朝大海，背靠梵音
🏅沙坡尾：很多电视剧的取景地，网红拍照圣地炒出片
.
🌊4天3夜行程：
⭐️Day1:植物园——钟鼓索道——中山路——演武大桥
⭐️Day2:黄厝沙滩——环岛路——南普陀寺——厦门大学——白城沙滩——沙坡尾
⭐️Day3:鼓浪屿——八市
⭐️Day4:集美学村——石鼓路——集美大社——嘉庚公园——龙舟池
#厦门旅游攻略 #鼓浪屿 #厦门吃喝玩乐 #厦门大学 #厦门美食  #厦门小吃 #厦门旅游 #厦门攻略#反向旅行出门溜溜 #新年旅行第一站  #不早起旅行日记",1046,1630,2,https://www.xiaohongshu.com/explore/6793944f0000000029012a66?xsec_token=ABltY5fGRZhW23Uv75h0YIIwS00OsKtOK-_dPDTVbIdI8=&xsec_source=pc_search&source=web_explore_feed,https://sns-webpic-qc.xhscdn.com/202502281954/56dae5fadb2e9d726fc89972706953ed/1040g00831d1q347u0s1048upra565vf7nh0c9io!nd_dft_wlteh_webp_3,吞噗小能手,,
谁懂啊！J人朋友做的厦门攻略！我满意哭了,"前段时间和朋友去了一趟厦门📍，发现不做攻略真的很吃亏🤔！尤其是预约这一块，真的要做攻略📃！厦门还是蛮好的，虽然坑🕳也不少！所以给大家呈上我宝贝朋友做的厦门攻略，大家抄作业就行📝！
-
⚠️一些注意事项⚠️
1⃣️热心的士🚕司机的话真的不能听不能信！！谁信谁倒霉。信了就妥妥踩坑！介绍你去什么景点，不要去，介绍你去什么吃海鲜也不要去！！
.
1⃣️别买豪华船票❌和普通票没啥区别！普通票35r含来回，至少提前30分钟到达码头，千万不要迟到!船票过期了，不能改退
.
2⃣️钟鼓索道坐缆车🚠一定注意保暖！！缆车没玻璃的，真的冷啊！羽绒/冲锋衣都可以安排上！
.
3⃣️想要看日出的姐妹们建议去黄厝沙滩，会很震撼🌅白城沙滩是看日落的，不要跑错啦。盼归塔和演武大桥观景台，也是看日落的好地方
.
4⃣️中山路就是步行街，骑楼风格建筑，拍照很出片，前两年重新装修后历史感削弱了一些，但也很好拍
.
5⃣️曾厝安❌不要去，也不建议住那里，除了民宿多，真的没啥好逛，就是一条小吃街，还是全国各地都一样的小吃，民宿卫生环境也参差不齐
.
6⃣️想体验闽南风味小吃可以去八市和中山路那一带，很多老店，比如「杨小贤」、「芋包王」、「豪香里脊肉串」、「莲欢海蛎煎」、「朱记手撕鸡」这些都是本地人爱吃的小吃，建议试试～
.
7⃣️海边有人扮公仔让你拍照的别搭理，送花的别搭理！都是坑，找你拿💰的
.
8⃣️去厦门园林植物园，建议从西门进，靠近多肉植物园和雨林区，网红打卡点更近。想要全程游玩就从南门进，西门出（近钟鼓索道）
.
🏠住宿避雷
✔️建议住思明区，景点都在这边，选离地铁口近的就好，比较方便
❌曾厝垵、黄厝：民宿多虽然不贵，但隔音差卫生一般！一定多看差评
.
📝3天2夜行程
Day1:中山路—植物园—钟鼓索道—沙坡尾—演武大桥
Day2:鼓浪屿—菽庄花园—皓月园—管风琴博物馆—八市
Day3:集美学村—大社—嘉庚公园—龙舟池
#厦门小吃 #厦门旅游 #厦门美食 #厦门攻略 #深圳周边游 #福州周边游 #广州周边游 #冬日旅行收藏夹 #藏在小城里的冬天 #厦门旅游攻略 #鼓浪屿 #厦门三天两夜旅游 #厦门旅游攻略 #厦门旅行 #厦门三日游",1594,2138,21,https://www.xiaohongshu.com/explore/6773ab9a000000000901451e?xsec_token=ABHnkpgbM8ijx4M1AMDLKj_zlrHCg_mQ2u6-biZy_wTCk=&xsec_source=pc_search&source=web_explore_feed,https://sns-webpic-qc.xhscdn.com/202502281954/6ae4a0310f68729c2b6388f45ce46d57/1040g2sg31c2kttl00u6g5onbkbunosbbfollhgo!nd_dft_wlteh_webp_3,是菜菜叭。,,
我好会玩！厦门宝藏文艺逛吃citywalk攻略,"厦门3天2晚小众逛吃路线攻略来咯～P 人快来抄作业！
	
DAY1 小学路→第一码头轮渡→海湾公园→开元路，老城区很有味道，海景落日很美哦~
DAY2 百家村→山海步道林海线→玩月坡→大同路，感受厦门独有文艺的小资情调
DAY3 集美学村→嘉庚公园→集美大社→海上自行车道，百年学村的魅力get~
	
路线已经都给你们整理在指北旅行 app 上啦！
下载指北旅行 app 后，把本篇小红书链接复制上去，就能看到具体的路线规划啦。
你也可以自己添加或删减目的地，也可以让系统帮你生成旅游线路，还有很多有意思的路线攻略可以闭眼抄！
	
#厦门探店 #厦门吃喝玩乐 #周末去哪儿 #厦门旅游 #厦门逛吃攻略 #citywalk #指北旅行 #旅游攻略app #旅游攻略",147,133,10,https://www.xiaohongshu.com/explore/67b6e3e20000000007034306?xsec_token=ABxLz7581aBxbNPwVtPktCe1xnhxT4gGMDovgXyGW7qSI=&xsec_source=pc_search&source=web_explore_feed,,杨星星,,
去厦门听点不一样的大实话吧……,"哭晕了😭为什么去厦门前没有刷到这篇攻略！去过厦门才知道，做攻略的重要性🔥厦门的冬天已经next level😭送给即将去厦门的姐妹👭结合本地人真诚建议里面包含了行程、交通、建议和美食
——
天气⛅️
1月厦门气温平均15-20°，相对凉快一点，可以是短袖搭外套，热了可以脱，也要备好保暖的衣服，可以带点轻薄羽绒。早晚温差大，海边也风大
·
✅游玩tips:
1⃣如果时间充足的话可以在海边骑行哦，惬意的
2⃣出行打车不要听嘀嘀司机的tui荐，乘车不建议跟司机聊太多，个人安全第一
3⃣鼓浪屿上的海鲜都挺贵，午餐可以选吃小吃，如果想惬意游玩，可以在岛上住一天哦
4⃣曾厝垵的民宿挺多，可以对比看看
5⃣也可以选择下午坐钟鼓索道，看日落
——
🍱本地人美食推荐
🍜大洋海鲜城·锋味厦门菜：这家是央视认证的！大众必打卡餐厅，位置在中山路上，明码标价不怕被宰，他们家的帝王蟹🦀三吃，闽南姜母鸭🦆每次去都会点的！！而且是现点现杀，不贵还好吃，本地人也经常会光顾的地方
💕闽南行：这家的店面是怀旧的风格，在整条路上还是很好找的，去了一定要试试他们家的厦门煎蟹！！！每一只都有满满的🦀膏，姜母鸭也是他们家的招牌现煲现煮香味扑鼻！想到都会流口水的程度
——
🔸厦门景点预约
1️⃣鼓浪屿：小程序搜索“鼓浪屿”进行购票，岛上景点和船票都可以购买
2️⃣钟鼓索道：小程序搜索“钟鼓索道”
3️⃣南普陀寺:gzh搜索“南普陀寺”
4️⃣厦门双子塔:搜索“世茂云上厦门观光厅”
5️⃣园林植物园:gzh搜索“厦门植物园”点预约
6️⃣厦门科技馆:gzh搜索“厦门科技馆”
7️⃣胡里山炮台:gzh搜索“厦门胡里山炮台”
·
✨精华景点
⛩南普陀寺：闽南佛教圣地，净手焚香的好去处
🌏厦门科技馆：被誉为“科教版的迪士尼”🐭乐园
🌵厦门植物园：依山傍海，面积非常大，最近花🌸海上新，非常漂亮
🏖鼓浪屿：来厦门不到鼓浪屿，等于白来厦门
——
🚢购票方式：
遇到假期人多，至少提前8天 “屿见厦门”买船票‼️
出发码头有三个，带上身份证准点到‼️
1️⃣邮轮中心厦鼓码头-三丘田码头35💰/内厝澳码头50💰（旅行团的出发码头，懂的都懂
2️⃣Brt终点站“第一码头”-内厝澳码头50💰
3️⃣厦门轮渡码头-钢琴码头（这是市民线，游客下午17:00后可以在这坐船上岛三丘田码头下
#游玩攻略 #厦门 #厦门旅行 #厦门美食 #厦门吃喝玩乐 #厦门旅游攻略 #厦门游玩",5056,5298,59,https://www.xiaohongshu.com/explore/6784bb5e000000000203e908?xsec_token=AB20F8D470Xjn7Rx2zzSNClbbIL8diaszHeTnzB2Fx9W8=&xsec_source=pc_search&source=web_explore_feed,https://sns-webpic-qc.xhscdn.com/202502281955/6f6d6a034fcbd6cee95bc039ba26f785/1040g2sg31cja3n1s0s6g5plk3a87cdb3ptquadg!nd_dft_wlteh_webp_3,折耳根,,
厦门｜景点&美食J人最强攻略(附🚇手绘图,"来了来了国内攻略第一站：厦门终于肝出来了！！！
🗺️其他城市也在疯狂手搓中敬请期待～～
🌦️来厦门一定要提前查好天气和预约好景点～
👟带上好走的鞋、防晒衣物、过敏驱蚊药！
	
🍑桃子超用心制作，求关注点赞评论收藏～
➡️P1封面➡️P2~P3旅游小Tips➡️P4~P10旅游攻略
➡️P11~12金主爸爸➡️P13厦门地铁🚇手绘线路图
📍全部店地址在评论区～
	
旅行遇上天气湿热蚊虫叮咬？！推荐宝子们一款驱蚊神器： －－－ －－ 森林地带驱蚊液－－－－－－－
小时长效驱蚊🦟｜🧪15%高浓度避蚊胺｜🍃清爽不黏腻德爷同款驱蚊液
	
🎙️下一站想去哪里？评论区告诉我
#厦门旅游 #厦门打卡 #厦门攻略  #厦门探店 #厦门美食 #森林地带驱蚊液肩章系列 #森林地带 #德爷同款驱蚊液 #户外驱蚊就选森林地带 #森林地带硬核驱蚊",232,284,9,https://www.xiaohongshu.com/explore/67b9ea6000000000090162c3?xsec_token=AB3R2bfnTm5tcyNoKuEe1u-0MxdQWJbCYWCIcGvLvlY34=&xsec_source=pc_search&source=web_explore_feed,https://sns-webpic-qc.xhscdn.com/202502281955/e65fd462d86228fde627ed9b3f5e304b/notes_pre_post/1040g3k831e76ke8fgu0048e121rlc0cun6i45gg!nd_dft_wlteh_webp_3,桃子go,,
厦门沙坡尾｜City Walk（附路线图）,"厦门强推的Citywalk市集——沙坡尾
沙坡尾是厦门的一个宝藏打卡地，这里充满了新式文化和传统文化的碰撞，是集文化、艺术、商业于一体的综合性区域。
沙坡尾也是不少影视剧的取景地，《开端》《一闪一闪亮星星》都将其美景收进镜头，也吸引了许多年轻人特意来拍照，怀旧、文艺、复古的氛围相当出片。
	
交通：
🚌公交：可导航到沙坡尾站/中华儿女美术馆站；
🚗自驾：可导航到沙坡尾停车场；
🚇地铁：沙坡尾站尚未开通，可以坐到中山公园站/镇海路站，再换乘公交；
	
详细路线图见P2，本文图片已按路线顺序排列；
📌路线：沙坡尾公交站➡️舒芙蕾红豆烧➡️三味酥屋伴手礼(沙坡尾店)➡️JUICY➡️转角合作社➡️三味酥屋伴手礼(沙坡尾2店)➡️人间多丽➡️沙坡尾的查查斯➡️ENSEMBLE 191➡️Ye Yee Vintage中古商店➡️沙坡尾艺术西区东北门（进门抬头可见“异地固然有距离，但爱没学过地理”牌子）➡️FLY OUT➡️沙坡尾彩虹墙(从FLY OUT右侧楼梯上三楼天台，除了彩虹墙还能拍到沙坡尾全景和双子塔；里面有一些店铺也很适合拍照打卡)➡️DAAIXM大爱潮店➡️厦门的查查斯➡️TUUO.mmh➡️Lht古着店➡️沙坡尾公交站
	
PS：时间充裕可以安排从顶澳仔猫街逛过去；逛完沙坡尾也可以安排去旁边的演武大桥观景台/白城沙滩看日落晚霞。
#厦门  #厦门吃喝玩乐  #厦门探店  #厦门拍照  #沙坡尾  #厦门旅游  #厦门吃喝玩乐  #艺术",3205,3409,69,https://www.xiaohongshu.com/explore/66e03b0d000000001201135a?xsec_token=ABmhOILn9LJsPH_sVQ3b7MEguGiNP7NAdttCHKEvTXzXs=&xsec_source=pc_search&source=web_explore_feed,https://sns-webpic-qc.xhscdn.com/202502281955/319768205246e7ef26f4d1c0786dd9fc/1040g008317ip8jhdjq6g5ns4c8rg8r75cuquls8!nd_dft_wlteh_webp_3,Daydreamer,,
,你有没有感觉厦门并不好玩？去过的都在吐槽说打着千篇一律的卡，吃着专供游客的小吃 #厦门  #旅行  #避坑指南,4715,4134,89,https://www.xiaohongshu.com/explore/67064ec4000000001902c2b6?xsec_token=ABrDaPfS3mkoGyGwtGF6gThGvuxpZDqPL9yfrjmet_vzU=&xsec_source=pc_search&source=web_explore_feed,,旅游的小兔子,,
最后还是决定去厦门了【花3天时间整的攻略】,"行程冲突了很久，最后还是决定要去厦门了
这个计划，妥妥的J人
分享一下攻略
祝各位国庆鼓浪屿一起挤挤挤
	
#国庆厦门旅游攻略",1558,2376,229,https://www.xiaohongshu.com/explore/66f8bb4a000000001b022ff7?xsec_token=ABQTqRxmcZAKizJF_y-xTNZSbczZjAHiP-qD5OKPknfo0=&xsec_source=pc_search&source=web_explore_feed,https://sns-webpic-qc.xhscdn.com/202502281956/9c3994a93b38ab9571e6049f76f3722c/1040g00831a1augg4ne005ok7ccsoc9l8jlhjvv8!nd_dft_wlteh_webp_3,嘟桑,,
厦门会惩罚每个不提前做攻略的懒人😭,"讲真的，厦门不适合匆匆忙忙过来玩😭来之前真的要做好准备！希望大家都不要踩雷～
⛅厦门天气：2月8-22℃，早晚冷中午热
🧥穿衣：秋装长袖+中等厚外套
👫🏻游玩路线参考
来厦门一般建议四天三夜，先到环岛路海边散散步，看看日落，放松心情～😌然后再安排鼓浪屿/植物园等景点，晚上再到中山路/八市逛吃
👉DAY1：环岛路→山海步道→盼归塔
👉DAY2：厦门大学→南普陀→沙坡尾→植物园→钟鼓索道
👉DAY3：鼓浪屿→双子塔→八市→中山路
👉DAY4：清水宫→集美学村→海上地铁→十里长堤→海上自行车道
🏞️需提前遇约的
📍鼓浪屿船票：提前5天（屿见厦门）
📍鼓浪屿景点票：提前3天（鼓浪屿文旅）
📍厦门大学：提前3天（厦大访客遇约系统）
📍南普陀：提前3天（南普陀寺）
📍植物园：提前3天（厦门园林植物园）
📍钟鼓索道：提前3天（乐游厦门）
📍山海步道：免票无遇约
📍沙坡尾：免票无遇约
📝旅游注意事项
✔️鼓浪屿船票记得提前，当天很贵班次少
✔️海边有人叫你坐帆船，多对比几家再出发
❌中山路/鼓浪屿的花茶别轻易尝试😭
❌小心海边拿相机拍照的！拍完会找你要💰
❌的士司机的话少听，都是坑😭
🚢鼓浪屿攻略
▫️码头建议：东渡客运码头→三丘田码头
选这个码头，船票多还便宜，上岛还可坐车
▫️东渡客运码头就是东渡客运码头，地铁直达
▫️船票35包含往返了，刷身份证更方便
▫️鼓浪屿没票可以试试轮渡码头6点那班
🍜厦门美食
📍八市阿杰五香：脆豆皮包裹肉馅马蹄～
📍醉壹号海鲜大排档．厦门特s菜，在老市区思北路口的一家店，特色招牌菜有海蛎捞饭、爆炒鸭杂、麻炒田ji、蛋黄焗龙虾、柠檬蟹、还有闻名遐迩的醉壹号烤鳗鱼，大家某评可查看一下
📍余阿姨沙茶面：现煮汤底，每次都要被香晕！！配料实在怎么会有那么好喝的汤底啊
📍花生汤：很有特s的风味甜点，清甜爽口
📍厦门芋包：厦门老一辈人一直很爱吃的小吃
📍思北特香包：老远就能闻到香味
📍丹香蛋糕店：味道好，料足量大，分量多且价格划算
#不早起旅行日记  #新年旅行第一站  #反向旅行出门溜溜   #厦门   #厦门旅游",225,215,6,https://www.xiaohongshu.com/explore/67b49f3800000000290312dc?xsec_token=ABhiswYb3YhfFnHY5gA2_McV7eCUhsf7uGjI6YPYcJPT4=&xsec_source=pc_search&source=web_explore_feed,https://sns-webpic-qc.xhscdn.com/202502281956/57555a1944687aa46303afa72be9f81f/1040g2sg31e22lokph2d05pkktjrjurocn1l1j2g!nd_dft_wlteh_webp_3,麦辣宝子,,
,"🚗 外地人去厦门自驾必看！血泪总结五大坑，避雷指南速码！ 🌊
最近刚从厦门自驾回来，一路上踩了不少坑！为了让姐妹们少走弯路，连夜整理这份避雷攻略，自驾党赶紧收藏！👇
1⃣ 坑：误闯限行区，罚款+扣分警告！
厦门部分区域（如鼓浪屿码头、厦大周边）对非本地车牌限行，导航不一定提示！误闯直接扣分+罚款，血泪教训34。
✅避坑Tips：
提前查“厦门本地宝”公众号，确认限行区域！
租车尽量选闽D车牌，或规划路线时绕开限行路段。
2⃣ 坑：鼓浪屿船票陷阱，黄牛套路深！
码头附近常有黄牛兜售“高价快速票”，声称免排队，实则加价2-3倍！还有人卖假票，上船才发现被骗257。
✅避坑Tips：
船票认准官方渠道：“厦门轮渡+”小程序提前3天预约（35元往返）。
现场拒绝黄牛，码头安检严格，别信“内部关系”！
3⃣ 坑：景区停车难，天价停车费！
曾厝垵、中山路等热门景点停车位紧张，路边私人停车场收费50元/小时！还有人谎称“景区入口”，实为骗停车费36。
✅避坑Tips：
提前搜好景区周边正规停车场（如“厦大南普陀停车场”）。
推荐停远点换乘公交/共享单车，厦门景点密集，骑行更方便！
4⃣ 坑：海鲜大排档刺客，缺斤少两！
曾厝垵、鼓浪屿的海鲜店套路多：标价模糊、称重做手脚，一顿吃掉上千块！4611
✅避坑Tips：
选择明码标价的连锁店（如202特色排档、临家闽南菜）。
点菜前确认价格单位（是“份”还是“斤”），结账核对账单！
5⃣ 坑：黑车&假导游，专坑外地人！
环岛路、植物园门口常有黑车司机忽悠“包车游更划算”，或假导游推销高价门票，实际比官网贵50%！5711
✅避坑Tips：
打车用正规平台，拒绝路边拉客！
景点门票官网买（如鼓浪屿联票90元），导游选平台认证的。
🌟 自驾必备神器
高德地图“景区热力图”：避开人流高峰！
“厦门本地宝”公众号：实时更新限行/景区政策！
姐妹们，厦门真的很美，但自驾游一定要做好攻略！避开这些坑，才能玩得爽还省钱～💃 快转发给要去厦门的朋友，一起快乐避雷！
#厦门旅游 #自驾游攻略 #避坑指南 #厦门防骗 #旅行干货",35,26,2,https://www.xiaohongshu.com/explore/67ab16f50000000029026ccf?xsec_token=AByoy7kmRUoj4QIKNW1fUny7yJDIhtqXiQFbq39e0a1NU=&xsec_source=pc_search&source=web_explore_feed,https://sns-webpic-qc.xhscdn.com/202502281956/21d16dc4713895161c47ca6957d5321f/1040g00831doopgai086g5o3ivpt083tjsq5284g!nd_dft_wlteh_webp_3,树袋熊小姐,,
3月中旬三天两晚厦门旅游攻略🌊,"🛫杭州→厦门三天两夜旅游攻略（3月21日-23日）
	
🌟🌟行程规划
Day 1（3月21日）：初探﻿#厦门﻿ ，感受文化与历史
🌅上午：杭州出发，中午抵达厦门
高铁/飞机到达后，前往酒店寄存行李
🌆下午：
南普陀寺（免费）：厦门著名佛教圣地，可登五老峰俯瞰厦门全景，感受禅意
厦门大学（需预约）：漫步校园，打卡芙蓉隧道涂鸦、上弦场，感受“中国最美大学”的文艺气息
🌃晚上：
沙坡尾艺术西区：新兴潮流地标，适合拍照、探店，晚餐可尝试网红餐厅（推荐：芋包王、沙茶面）
Day 2（3月22日）：鼓浪屿深度游
🌅上午：
鼓浪屿（船票35元往返，需提前在“﻿#厦门轮渡﻿ +”公众号购票）：
建议从邮轮中心厦鼓码头→三丘田码头，避开早高峰
必去景点：日光岩（俯瞰全岛）、菽庄花园（江南园林）、风琴博物馆
🌆中午：
鼓浪屿小吃：鱼丸汤、海蛎煎、叶氏麻糍（龙头路小吃街）
🌆下午：
鼓浪屿海滩：港仔后沙滩或大德记沙滩，适合拍照、﻿#看日落﻿
万国建筑群：探访老别墅，感受殖民时期建筑风格
🌃晚上：
返回厦门岛，入住曾厝垵民宿，逛夜市（推荐：阿信厚吐司、八婆婆烧仙草）
Day 3（3月23日）：环岛骑行与返程
🌅上午：
环岛路骑行：从曾厝垵→白城沙滩，沿途可停留音乐广场、黄厝海滩，感受海风与椰林
厦门植物园（30元/人）：打卡雨林世界、多肉植物区，建议穿浅色衣物拍照
🌆中午：
午餐推荐：环岛路附近海鲜排档（如小眼镜大排档），尝试闽南特色姜母鸭、土笋冻
🌆下午：
胡里山炮台（25元/人）：了解厦门军事历史，眺望金门岛（若天气晴朗）
👋返程：根据高铁/航班时间前往车站/机场，建议预留1小时市内交通时间
💰💰预算参考（两人总费用）
交通：高铁往返约800-1000元，市内交通约100元
住宿：两晚约400-600元（民宿为主）
餐饮：500-700元（含小吃、海鲜餐）
门票：﻿#鼓浪屿﻿ 船票70元+日光岩50元+植物园60元+胡里山炮台50元≈230元/人
总计：约2500-3500元（人均1250-1750元）
﻿#3月适合旅游的地方﻿ ﻿#厦门旅游攻略﻿﻿#杭州旅游周末去哪儿﻿ ﻿#杭州出发﻿ ﻿#三天两夜﻿ ﻿#新年旅行第一站﻿",64,59,评论,https://www.xiaohongshu.com/explore/67a9c3820000000018008ebb?xsec_token=ABP7ZAnKztXLr7KyHq1GD3pYuUTAImCiXXeSD5Yi9nzD4=&xsec_source=pc_search&source=web_explore_feed,https://sns-webpic-qc.xhscdn.com/202502281956/3b2bfa1f2fa79a68b5ce910cf4567702/1040g2sg31dnff936gm705p49bv1nongcvunbrno!nd_dft_wlteh_webp_3,乌啦啦喀,,
阴天的厦门丑哭我了,"年假最后几天在厦门，正好赶上阴天，天阴沉沉的，海也阴沉沉的，丑哭我了，想去黄厝沙滩看日出的心思也歇了，最后一天离开厦门，天晴了，看到别人晒的日出，羡慕到想哭🥲
此次三天日程如下：
Day1:厦门大学（我经历的最难预约，和演唱会抢票差不多，需要扫脸数次才能通过，只能通过访客中心进入）——南普陀寺（厦大南大门旁边，人超级多，可以从寺庙后面上五老峰）———中华城、中山路（商业街，没什么好吃的）——白城沙滩（厦大附近的沙滩，可以看双子塔）
Day2:鼓浪屿
路线：东渡客运渡口——内厝澳码头——日光岩——菽庄花园（前两个景点人最多，趁早去）——港仔后海滨沙滩——皓月园——钢琴码头———风琴博物馆———管风琴艺术中心——最美转角——八卦楼——鼓浪屿内部商业街——三丘田码头
按照这个路线基本没有走回头路
Day3:
植物园——钟鼓山隧道（植物园大门右边走几步路就到了）
——黄厝沙滩（坐沿海公交，一路上会经过胡里山炮台、曾厝安步行街、音乐广场等）
	
美食：沙茶面、海鲜锅、厦门里脊肉串、海蛎煎（鼓浪屿福建路上的林氏）、五香卷、花生汤，还吃了一顿台湾菜（没有吃到特别好吃的，就不推荐了）
奶茶：茶也池香、一树一叶（茶味很香，很不错）
#厦门 #厦门旅游 #厦门美食 #厦门攻略 #厦门大学",104,47,128,https://www.xiaohongshu.com/explore/67aad1640000000018010481?xsec_token=ABdL3mhvbzbRgUm7Z7Ar9CZskgK5SgBUgyvbTgZbzNA7Q=&xsec_source=pc_search&source=web_explore_feed,https://sns-webpic-qc.xhscdn.com/202502281956/7c2fec1649c0a48f8bf60215f2a451cc/1040g00831dog9bo20k005ns5c5h09c93omnv5j0!nd_dft_wlteh_webp_3,揭凌蕴Lynn,,
厦门真的会惩罚每一个不做攻略的人😭,"今天就以“中山路步行街”为中心罗列厦门各景点，三天基本上可以玩遍厦门～🚶🏻‍♀️🚶🏻‍♀️
-
✅交通
1️⃣机场：厦门高崎国际机场，可乘坐机场公交或BRt或地铁到市区
2️⃣火车高铁站
厦门站：在岛内，离景点都很近，首选
厦门北站：在岛外，比较远！
-
✅需要预约的景点（gzh）
1、鼓浪屿：搜索""屿见厦门""进行预约
2、钟鼓索道：搜索“钟鼓索道“预约
3、南普陀寺：搜索""南普陀寺“预约
4、厦门大学：搜索""厦门大学访客系统“预约
5、园林植物园：搜索""厦门植物园“预约
-
✅免费的景点（直接定位搜索）
1️⃣中山路步行街：有个定安夜市，衣服好看又便宜
2️⃣八市：吃闽南小吃，找“阿杰五香”，谢霆锋带火
3️⃣沙坡尾：去打卡拍照双子塔，—顺便去“观景台”眺望对面鼓浪屿
4️⃣白城沙滩：看厦门夜景，直接看到双子塔
5️⃣上李水库：不用我多说了吧，这里简直就是“厦门小瑞士”（建议打车去）
6️⃣曾厝垵：外地游客喜欢来这儿吃，但素本地人不建议，不过可以来这里看看海
7️⃣黄厝沙滩：去过无数次还想再去的沙滩
8️⃣会展中心沙滩：在这里看对面的金门
9️⃣观音山：这边的沙滩也不错
🔟十里长堤：氛围感拉满，“千与千寻”同款动漫效果海上地铁（地铁1号线：集美学村站）
1️⃣1️⃣中山公园：这里就不得不提旁边的“溪岸路花鸟市场”，花又多又pian宜（地铁：中山公园站，公交：二市站）
-
✅鼓浪屿怎么去⁉️
1️⃣东渡客运码头：外地游客我就推荐这个码头吧，船比较多而且交通比较方便（普通35r/人，豪华80r/人，买普通的就行，记得提前买票）
2️⃣第一码头：这里船票比较贵
-
✅厦门特色美食小吃
1️⃣阿杰五香（在八市吃）
2️⃣满煎糕（在八市吃）
3️⃣海蛎煎（在八市吃）
4️⃣八婆婆烧仙草（每次逛街我都喜欢点hh）
5️⃣沙茶面
6️⃣姜母鸭
7️⃣土笋冻
..........太多啦，根本列不完，在八市逛一圈都基本能吃到！#周末去哪儿 #五一 #五一去哪玩 #厦门 #厦门旅行 #厦门旅游 #鼓浪屿 #中山路步行街 #厦门美食 #穷游攻略",318,376,13,https://www.xiaohongshu.com/explore/67b580080000000028034d71?xsec_token=ABUG3PXM2rkDKZT301D-MHGPhpzEjXADxy6UeOatKKIWo=&xsec_source=pc_search&source=web_explore_feed,https://sns-webpic-qc.xhscdn.com/202502281956/a0c1af2a18d2d1f2764a8e6ed2c161ac/1040g00831e2u3t83gs004a5q5p5mb66hkhqpen0!nd_dft_wlteh_webp_3,向日葵少女（热爱版）,,
厦门2月看展精选指南‼️建议收藏✨,"2025年的第二个月
值得一看的十大展览～
（大部分🆓）
快喊上朋友一起看展吧
	
#厦门#周末去哪儿#看展#值得看的展览安利#厦门看展
#厦门旅游#厦门旅行#厦门旅游攻略#周末去哪玩
#小红书艺术漫游#小红书艺术发光计划@艺术薯",255,231,28,https://www.xiaohongshu.com/explore/679d8a09000000001701d0cb?xsec_token=ABbCWQELYpUIO2h2XGn1zhugiYZuWYk2Lztx2NQfDrr_I=&xsec_source=pc_search&source=web_explore_feed,https://sns-webpic-qc.xhscdn.com/202502281956/fcb4f23d0f31f5f27547b8c7957c328d/1040g00831dbhauoa0s005os9lr17rka3u8nent8!nd_dft_wlteh_webp_3,Yes厦门,,
第一次带娃去厦门怎么玩❓ | 看这篇就够了✅,"带娃带老人一家六口刚从去厦门玩了五天归来，以下攻略分享给准备带娃去厦门的家长们，详细版见图2-5👇
	
📍Day1
望海咖啡：zui美咖啡店，花小钱装大杯
八市：🈶超多本地美食，推荐阿杰店沙茶面
鼓浪屿：内厝澳码头➡️美华沙滩➡️日光岩➡️港仔后沙滩➡️菽庄花园➡️三丘田码头，建议从东渡码头出发至内厝澳码头，再从三丘田码头出岛～
中山路步行街：鼓浪屿出来就是中山路，推荐金家港海鲜
	
📍Day2
植物园：🈶巨多大型仙人掌，建议植物园南门进西门出
钟鼓索道：40分钟山海索道，需提前预定
沙坡尾→猫街citywalk：多巴胺爆棚，拍照巨出片～美食也多，推荐芋包嫂、草莓夫妇
	
📍Day3
1号线地铁集美学村站：🈶千与千寻同款海上列车
集美大社：闽南特色建筑，推荐别豆糖水
嘉庚公园：鬼怪同款海堤
十里长提：落日橘子海
	
📍Day4：
椰风寨沙滩：🉑眺望金门岛
黄厝沙滩：海很蓝，适合看日出日落
玩月坡：🈶孤独的树
音乐广场：落日橘子海，推荐临家闽南菜
	
📍Day5：
厦门科技馆：超多互动项目，边学边玩
	
免费景点
黄厝沙滩
沙坡尾
八市
望海咖啡
曾厝垵音乐广场
长庚公园
十里长提
大屏山郊野公园
	
付费景点：
植物园
1号线高崎站➡️集美学村站
钟鼓索道
鼓浪屿
科技馆
	
【Tips】
宝妈们！想跟我走同款路线？复制笔记链接到「指北旅行」APP，一键导入行程，轻松get！✨ 懒人直接选攻略，自由党也能加景点，AI自动规划路线，交通、地图全搞定🗺️～景点详情页还罗列了拍照点位，很适合一生要出片的摄影达人~
	
#厦门旅游 #厦门亲子游#厦门旅游攻略 #厦门探店 #厦门旅行 #厦门遛娃  #厦门美食#旅游攻略App #指北旅行  #厦门攻略 #厦门鼓浪屿 #厦门沙坡尾 #厦门植物园 #厦门onlyone望海 #厦门科技馆#黄厝沙滩  #厦门嘉庚公园 #集美大社 #十里长堤 #厦门猫街 #厦门八市 #厦门沙滩 #适合亲子旅游的地方 #厦门周末遛娃",120,75,3,https://www.xiaohongshu.com/explore/67b46aa40000000029017574?xsec_token=ABhiswYb3YhfFnHY5gA2_McQJDcQW2YwssI3kf8Juil0g=&xsec_source=pc_search&source=web_explore_feed,https://sns-webpic-qc.xhscdn.com/202502281956/b39dc304911373e899dd4257e5df93fd/1040g00831e22o976gu0048g8prv0840lp93ss98!nd_dft_wlteh_webp_3,恩泽爸爸,,
j人的厦门旅游攻略！一张图全明白！😍,"家人们！我旅游完回来啦！全新完整的攻略来了！
一张图给说明白！
	
附上高清路线图！😚😚😚
	
#旅游攻略 #游玩攻略 #人文景点分享 #旅游推荐 #旅行 #旅游 #踏青 #出去玩 #出游 #本地人去哪玩 #厦门旅游 #厦门旅游攻略 #j人 #j人决定给p人一点震撼 #j人日常 #j人浓度过高 #给你们p人一些小小的j人震撼 #p人爆改j人计划 #p人努力变j #p人转j人 #给p人一点j人震撼 #厦门旅游打卡 #厦门鼓浪屿 #厦门沙坡尾 #厦门大学 #厦门出海",6811,6409,417,https://www.xiaohongshu.com/explore/660adb70000000001b008392?xsec_token=ABYbKd6reUOnTPOJUljKCrThzyrIm1LjOCOWi1Ytg-8Q8=&xsec_source=pc_search&source=web_explore_feed,https://sns-webpic-qc.xhscdn.com/202502281957/8227cd84002bda946ff01e4589c22137/1040g00831129gvmjmabg4a3rl617vjcleiaqnhg!nd_dft_wlteh_webp_3,BAMBAM*,,
,"🌟 **厦门三天两夜自由行攻略 | 人均1000元玩到嗨！** 🌟
---
### **🚗 交通指南**
1️⃣ 大交通
- 高铁：优先选「厦门站」，离市区近；「厦门北站」较远但地铁1号线直达市区（海景地铁超治愈）。
2️⃣ 市内交通
- 地铁/公交：ZFB搜“厦门地铁卡”扫码乘车，景点基本覆盖。
🏠 住宿推荐*
- **曾厝垵附近**：150-300元/晚，民宿多且文艺，步行到海边5分钟。
- **中山路商圈**：200-400元/晚，老牌商业街，吃喝交通超方便。
⚠️ 避坑：别住鼓浪屿！价格贵且拖行李麻烦。
---
**📸 行程安排**
**Day1：文艺打卡线**
- 上午：鼓浪屿（提前1天在「厦门轮渡」订票！选「厦鼓码头→三丘田码头」）
✅必玩：最美转角、日光岩（俯瞰全岛）、菽庄花园（海边园林）
- 下午：沙坡尾（文艺街区+网红咖啡店）+ 顶澳仔猫街（撸猫拍照）
- 晚上：中山路步行街（吃月华沙茶面、豪香里脊肉串）
**Day2：海岛治愈线**
- 上午：黄厝海滩（人少景美！看日出首选）
- 下午：环岛路骑行（租电动车50元/天）→ 曾厝垵（小吃街）→ 山海步道（看橘子海日落）
- 晚上：八市海鲜市场（现捞现吃，推荐阿杰五香、朱记手撕鸡）
**Day3：自然风光线
- 上午：厦门植物园（30元门票，多肉区+雨林喷雾超仙！）
- 下午：钟鼓索道（俯瞰双子塔+大海）→ 集美学村（嘉庚建筑+石鼓路小吃）
- 晚上：返程前打包「阿吉仔」椰子饼当伴手礼！
---
### **🍜 美食红榜
- **沙茶面**：月华沙茶面、四里沙茶面
- **姜母鸭**：鑫坞堂（谢霆锋同款）
- **海鲜**：八市尚青海鲜加工（老字号）
- **甜品**：厚生林·应时甜汤（古早味糖水）
---
### **⚠️ 避坑Tips**
1. 别信出租车司机推荐的“环岛游”或海鲜店！
2. 鼓浪屿船票35元往返，别买高价黄牛票！
3. 植物园雨林喷雾时间：上午9:30-11:30，下午2:30-4:30。
💡 拍照机位：
- 鼓浪屿「CITIARK COFFEE」门口街道
- 沙坡尾「酒场 SAKE NOMI BAR」日系街景
三天就能感受厦门的浪漫与烟火气，快收藏出发吧！ 🌊✨",2,收藏,评论,https://www.xiaohongshu.com/explore/67c01d55000000000302b548?xsec_token=ABvBv43RBC_8Rd1DLWPauI7_hbrIsfyGptfsI5_0wEYRI=&xsec_source=pc_search&source=web_explore_feed,https://sns-webpic-qc.xhscdn.com/202502281957/056653e3897650c6c79ec5332a08cab4/notes_pre_post/1040g3k031ed9h7l60k7g5npvdi4g94kalj1djk0!nd_dft_wlteh_webp_3,椰子🥥,,
寒假厦门钟鼓索道攻略,#晒出你的宝藏玩水地 #厦门   #钟鼓索道   #厦门旅行攻略 #新年旅行第一站  #钟鼓索道没买到票  #厦门钟鼓山索道   #厦门钟鼓索道候补票     #厦门旅游攻略#厦门钟鼓索道攻略,369,272,44,https://www.xiaohongshu.com/explore/679647700000000029033071?xsec_token=ABVLrIgQ7Otx-vJQXT5O9__ytdFjsfltrO1zumCNMu7oQ=&xsec_source=pc_search&source=web_explore_feed,,Vicky Zhang （Shadesrack）,,
2~3月淡季去厦门！一次性讲清楚怎么玩,"2~3月淡季去厦门！一次性讲清楚怎么玩
-
有计划2-3月份趁着淡季去厦门的小伙伴们！这份旅游攻略放心A~涵盖了景点十交通十住宿＋美食十注意事项，在厦门呆了一个星期的我，真的不允许还有人不知道来厦门怎么玩！！！
-
✅yu约方式
鼓浪屿：“屿见厦门”
钟鼓索道：“钟鼓索道”
南普陀寺：“南普陀寺”
厦门大学：“厦门大学访客系统”
厦门双子塔：“世茂云上厦门观光厅”
园林植物园：“厦门植物园”
厦门科技馆：“厦门科技馆”
胡里山炮台：“厦门胡里山炮台”
-
**懒人直达路线**
- **鼓浪屿→中山路**：下岛后步行5分钟到八市，边吃边逛佬城区烟火气。
- **厦大→沙坡尾**：共享单车10分钟，文艺小店和涂鸦墙超好拍！
- **岛内→集美学村**：坐地铁1号线跨海，打卡嘉庚建筑和十里长堤，傍晚看乐队演出超治愈～
---
**💡 避坑指南**
1️⃣ **旺季出行**：鼓浪屿船票提前3天订！岛内打车堵到怀疑人生，优先地铁/BRT。
2️⃣ **防仔客**：北站出站口别理拉客司机，BRT和地铁标识清晰；鼓浪屿上的海鲜排档慎选，八市更实惠。
3️⃣ **小众玩法**：集美海上自行车道、观音山沙滩人少景美，避开曾厝垵人潮！
-
📍厦门美食
🎈1、大洋海鲜城：中山路上的佬字号，认证佬店！来厦门真的得来尝尝，海鲜都是门口池子里现捞的，食材新鲜的很！✔️tui荐帝王蟹三吃、招牌黄椒焗瓜子班，这些都是bi点不踩雷的菜品
🎈2、闽南行：这家复古风装修很有年代感，用餐能感受到浓浓的烟火气息，氛围感拉满，他家的海皇豆腐的汤汁拌饭一jue！姜母鸭现场制作，香气十足很入味👍！
	
厦门美食 厦门曾厝垵美食曾厝垵 厦门旅游攻略 厦门吃喝玩乐 厦门旅游景点本地人做的攻略 游玩攻略",22,11,评论,https://www.xiaohongshu.com/explore/67bafd42000000000602bdfa?xsec_token=AB1bGgo0aDuhJBGFe3mpgGj07azFjfUKfCagzZyDRtp0A=&xsec_source=pc_search&source=web_explore_feed,https://sns-webpic-qc.xhscdn.com/202502281957/cdda091d6bd93290d381202fee005828/1040g2sg31e89jipg0scg4b9b7spkh3sgbugd79g!nd_dft_wlteh_webp_3,爱丽丝,,
到厦门的第一站！！直奔这里！！美哭了😭😭,一条视频告诉你环岛路怎么玩！！！内容来自@喜东东xixi #厦门拍照 #厦门旅游攻略 #厦门打卡,6866,6703,113,https://www.xiaohongshu.com/explore/678778f8000000001b00b937?xsec_token=ABs261qendx_HRuSccvMjgPVaRRQlgowcE9dRBgm7Axms=&xsec_source=pc_search&source=web_explore_feed,,喜东东xixi,,
被J人闺蜜做的厦门三日游攻略惊呆了😱,"和闺蜜👫打算去厦门玩三天，还没有出发，闺蜜就做好了厦门的旅游攻略，感觉写的很详细也很清楚，所以分享给准备去厦门的姐妹们‼
#厦门  #旅行  #旅游  #厦门旅行攻略  #旅游攻略  #周末去哪儿  #鼓浪屿  #旅游推荐  #沙坡尾  #园林植物园  #南普陀寺  #厦门大学",2713,3744,21,https://www.xiaohongshu.com/explore/6724a3a4000000001b02b1cf?xsec_token=ABD7QS9juEMMqc5v65pi7P9V98AW63IeW91cKEDhMDUFY=&xsec_source=pc_search&source=web_explore_feed,https://sns-webpic-qc.xhscdn.com/202502281957/bffee4fe3311f5215acc19358e4cfe0a/spectrum/1040g34o319le6797mu005p4g9pe485bkq7b3c9o!nd_dft_wlteh_webp_3,福建商茂旅行笔记,,
厦门会惩罚每个不提前预约的懒人……😭,"想来厦门的姐妹先不要着急🙏🏻厦门比想象中的好玩多了！！前提是要做好攻略哦～出发前赶紧看看😊别再当大冤种啦
.
天气穿搭⛅️
2月厦门气温平均15-20°，秋装搭外套，热了可以脱，也要备好保暖的衣服，可以带点轻薄羽绒。早晚温差大，海边也风大
.
📥厦门景点预约
🔸鼓浪屿:小c序“屿见厦门”
🔸钟鼓索道:小c序“钟鼓索道”
🔸南普陀寺:gzh“南普陀寺”
🔸厦门大学:wx“厦门大学访客系统”
🔸厦门双子塔: wx“世茂云上厦门观光厅”
🔸园林植物园: gzh“厦门植物园”
🔸厦门科技馆: gzh“厦门科技馆”
🔸胡里山炮台: gzh“厦门胡里山炮台”
.
🥲鼓浪屿上岛须知‼️
1️⃣上岛的话可以从东渡客运码头、第码头出发，夏鼓码头等待的航线时间比第码头少
2️⃣船票包含往返
3️⃣可以提前分钟左右到码头，有时船会提前开
4️⃣回程随到随走，点后要到三丘田码头
•
厦门美食✨
厦门的美食真的很多呀，喜欢海鲜的宝子们，（醉'壹'号海鲜大排档）记得那天吃了爆炒鱿鱼🦑，真的爱了，口感筋道爽脆，很新鲜。然后还有烤鳗鱼，第1⃣️次吃这种做法的鳗鱼，外焦里嫩，蘸料很清爽酸甜。大排档的标准环境街边风，感觉真的很接地气。这一顿还是蛮不错的
当地好吃的小吃也蛮多的，比如像四里沙茶面余阿姨花生汤厦门芋包四果汤等等
·
🗺️厦门三日游行程
🚘Day1：钟鼓索道→植物园→ 南普陀寺→ 厦门大学（思明校区）→ 白城沙滩→ 沙坡尾→ 中山路
🚘Day2：三丘田码头→ 蕞美转角→ 龙头路小吃街→日光岩→ 皓月园→ 港仔后海滨沙滩→ 内厝澳码头
🚘Day3：椰风寨沙滩→ 黄厝沙滩→ 玩月坡→ 海韵台→ 音乐广场→ 曾厝垵→ 珍珠湾沙滩
.
✅✅厦门防坑
⚠️不要在鼓浪屿买东西，岛上贵
⚠️不要报低价的一日游，大多数都要买东西，一天下来又累又无聊
⚠️不要信出租车师傅推的景点，还是自己做攻略
⚠️打车去景点景区不要自己开车，节假日堵又没地方停车还很贵，建议地铁公交切换
⚠️去鼓浪屿一锭要提前预定船票，临时去买会贵很多
#厦门美食   #本地人做的攻略   #厦门小吃   #厦门旅游   #攻略   #厦门小吃   #厦门   #厦门旅游攻略   #厦门吃喝玩乐
#厦门   #厦门旅行      #厦门旅游攻略   #先出发再说   #出发就是最好的计划   #不为打卡的旅行",2078,2190,54,https://www.xiaohongshu.com/explore/67a4d899000000001701de60?xsec_token=ABEqeWlwUEEWjp88LtHAsHxLcuvG9KEPKQ9E7N3EOnpXw=&xsec_source=pc_search&source=web_explore_feed,https://sns-webpic-qc.xhscdn.com/202502281957/2e2772dd1deabc7de532c34eec7c59c4/1040g00831dills2kgs6g5pkqer4942jgo0ohs6o!nd_dft_wlteh_webp_3,粉红色小猪猪,,
2.18📍厦门受罪已逃😭。。。,"🌥厦门今日气温11-16°，目前14度。
雨停了但依然阴天，并且有大风，没有日出日落！穿衣以毛衣+厚外套为主！今天海边依然灰蒙蒙的，海边散步可以但要带个帽子防风，周三天气会相对好点～
.
🎏厦门旅游现状：元宵过后，厦门正式回归旅游淡季！街上行人都比较少，景点还是有一些游客，这时来厦门还是很舒服的～
.
🌵游玩建议
⚠️厦门日出要提前体验哦，请摄影师要提前问清和照片等细节
⚠️曾厝垵就不用去了，真的很一般
⚠️中山路很多美食都是炒出来的，比较建议到巷子里打卡
⚠️都说来海边要吃海鲜，厦门的消费一直都被大家吐槽偏高，懂行情的自己挑选食材跟老板确认再体验~
⚠️想体验环岛风光的宝子们，黄厝日出的时候可以顺道体验1块公交
⚠️想去猫街撸猫的期望不要太大了，里面猫不是很多，基本都是猫文化
⚠️出行选择网约车，不要相信那些带你去环岛路看老金门的人
⚠️海边有人扮公仔让你拍照的别搭理，送花的别搭理！都是坑，找你拿💰
.
🚥厦门出行攻略:
① 厦门站(岛内)：有直达尽量选择厦门站，抵达景点和住宿较方便
②厦门北站(岛外)：如果没有直达到厦门站的，也不用担心，厦门北可坐BRT/地铁至岛内，也很方便的
③厦门高崎机场(岛内)：这是我到过蕞方便的机场了，不愿意花时间坐BRT/地铁的可以选择打车至住宿点.
.
🗺️打卡景点
👉【思明区】：厦门大学、南普陀寺、园林植物园、钟鼓索道、白城沙滩、胡里山炮台、环岛路、演武大桥、沙坡尾、双子塔、八市
👉【鼓浪屿】：风琴博物馆、皓月园、菽庄花园、港仔后海滨浴场、日光岩
👉【集美区】：集美学村、地铁一号线、集美大学
.
🫕干饭指南
😋醉壹号海鲜大排档．在老市区思北路口的一家店，特se招牌菜有海蛎捞饭、蛋黄焗龙虾、柠檬蟹、爆炒鸭杂、麻炒田ji、还有闻名遐迩的醉壹号烤鳗鱼，某评上说得不错
💕四里沙茶面：现煮汤底，配料实在
🍵花生汤：很有特s的风味甜点，清甜爽口
🥞厦门芋包：厦门老一辈人爱吃的小吃
🍧四果汤：味道很棒，个人感觉比冰粉好吃
#厦门     #厦门旅游     #厦门吃喝玩乐    #厦门旅行     #厦门旅行攻略     #厦门景点    #人文景点分享    #厦门旅游攻略     #厦门美食    #周末去哪玩",787,618,266,https://www.xiaohongshu.com/explore/67b45a8e000000002a00241c?xsec_token=ABhiswYb3YhfFnHY5gA2_Mca8fQTmuq8j-KIF_nXC3mbo=&xsec_source=pc_search&source=web_explore_feed,https://sns-webpic-qc.xhscdn.com/202502281957/46b7847836cc112f715c2c67910067a7/notes_pre_post/1040g3k831e1q87un0u005ptdhtdinjeq2p413q0!nd_dft_wlteh_webp_3,好柿朵朵,,
🚥给家禾的一份厦门旅游指南！,"内含景区景点推荐，交通指南以及美食攻略！希望家禾们玩得开心！
欢迎各地朋友来厦门玩～
攻略整合 @慵懒🌾（疯狂的扭扭棒 @RRRRRRRRRR
美工@离思lis（清稿暂不接）
	
#十个勤天 #十个勤天厦门团粉群 #厦门旅游 #厦门禾伙人 #十个勤天做大做强 #种下一个未来十个勤天巡回演唱会 #种下一个未来厦门场 #禾伙人 #厦门旅游攻略#",2923,2403,429,https://www.xiaohongshu.com/explore/66dda6b10000000025032808?xsec_token=ABq9EPrsZP8XK0kXaeHBPKmlY0NkUAtbNfFF_dsd2BzCc=&xsec_source=pc_search&source=web_explore_feed,https://sns-webpic-qc.xhscdn.com/202502281957/e66288b0c3f6f8d85552070a653f56ac/1040g008317g4pot7k65g5pevd0kh9vt24qe3e18!nd_dft_wlteh_webp_3,十个勤天厦门团粉🚥,,
厦门旅游景点｜放心去🆚不要去(七),"厦门游玩小tips:
1.千万不要相信司机说的话，带你去很多地方很多坑
2、曾厝垵大多都是网红小吃，全国哪里都-样
3、别买花茶!也免费品尝，按g算,一点点好几百
4、中山路的银饰很多都是义乌来的，假的很多
5、开蚌取珠:基本上都是淡水珍珠，说多了都是泪
6、路边水果摊缺斤少两,以次充好，小心
7、中山路、鼓浪屿、曾厝垵大型特产店，有很多杂牌
8、去植物园鼓浪屿-定要带花露水!防虫很重要!
9、去金门岛需要提前办通行证，能带你去的都是忽悠!
10、鼓浪屿没有公交车，出门全靠腿!为了省事，记得在码头订返程的观光车票，订好你就是岛上最靓的
#旅游攻略 #游玩攻略 #Diga小顾 #厦门 #厦门旅游景点攻略 #厦门旅游攻略",4977,5990,157,https://www.xiaohongshu.com/explore/66a1a7660000000005006666?xsec_token=ABYXfCIJMwL6uj8Sug57mH4x__nQwtHbluamSJfEoalAg=&xsec_source=pc_search&source=web_explore_feed,https://sns-webpic-qc.xhscdn.com/202502281958/51acd67bb40326c62722db2414b50e7b/1040g2sg315lhtg4h2od05ot80jgpuoafhs39ro0!nd_dft_wlteh_webp_3,Diga小顾,,
Day1-2丨寒假在红薯抄作业三天玩厦门攻略,"🍹宝子们等的攻略反馈来了 ෆ
需要提前准备的只有南普陀寺的预约(第二天14:00-15:00)和厦门大学的预约(第二天16:00-17:30)，船票的购买(第一天的15:30)
​我是按照我的行程来的，也就是12点到厦门，第三天晚上十点返程，针对小红书的攻略有了一些改动，p1是整体的路线安排。
​第一天中午到达中山路步行街，按照八市美食攻略走一遍，其中绿色箭头是我觉得好吃的，橙色横线是我觉得比较一般的，蓝色问号是我没有去吃的，红色叉叉是注意特别不要去的,第一站的糕点和鸡蛋汉堡都非常惊艳，里脊肉则是都差不多。喜欢的宝子就很喜欢。
都吃完就差不多2-3点了，这个时候可以直接坐船去鼓浪屿。记得看好码头，如果走错可以在发车前改签。
p4是鼓浪屿路线攻略，最好是住三丘田码头附近。整顿后，先去打卡地拍照。然后去天主教堂参观(只在礼拜日开放)
(ps:景区门票和船票都能在屿上厦门小程序上买。船票返程不需要选时间。景区买的90元联票是五大景区的门票，优势是不用预约就可以看管风琴演奏和八卦楼，这个特别难预约，这个联票内的景区两天可用。)
鼓浪屿逛的差不多后，可去日光岩花20分钟爬到最高点看日落和日出，大概五点半就可以看到夕阳，差不多六点下来以后去沙滩可以看到黄昏，真的很美。七点多步行到龙头路小吃街打卡，可以考虑林四喜或者六年私厨，那附近还有三个小吃，鲨鱼丸，蛋满灌和糯米糍，我都觉得一般，餐厅里沙茶锅和醋肉是必点，林四喜的米饭很香，沙茶锅加一份面进去就是沙茶面。岛上晚上没什么娱乐活动，可以早睡养精蓄锐。
​第二天(25000步左右)八点吃完酒店的早餐之后立马走到日光岩去欣赏鼓浪屿全貌，九点多去刻字博物馆和寂庄庄园(就挨在一起)，去之前在抖音搜云导游做好背景知识补充，还可以在十二洞天找齐十二生肖，然后去钢琴博物馆欣赏由黄花梨木和象牙制造的顶奢钢琴。等到十点十分欣赏两首曲目，如果你也是e人的话你甚至可以提前跟工作人员说想听随机曲单上的某首歌。​这个时候已经十点半了，你一定要马不停蹄的前往皓月园，在亭子处感受一下郑成功雕像的雄伟。然后就可以离开，走到八卦楼，等待十一点来自馆长的管风琴讲解，非常值得一听，馆长的专业程度让人十分敬佩，小彩蛋有哈利波特的曲子。
​待讲解听完约摸十一点多，这个时候稍微欣赏一下管风琴的历史就可以向下走，走到管风琴艺术中心，欣赏中国最大的管风琴，以及十二点的专业讲解。
​差不多就可以回酒店吃下午茶，然后收拾行李返回厦门。",202,269,12,https://www.xiaohongshu.com/explore/67922e55000000002a00e468?xsec_token=AB1TJgcaZGoWjZTjcQ2gcPIiOvaVTNo5zbKO0f5wRSmSQ=&xsec_source=pc_search&source=web_explore_feed,https://sns-webpic-qc.xhscdn.com/202502281958/04402d2dc6f1c6cf666d8bc12f43a6d0/1040g2sg31d0ecq1j0cdg5np1h7v0blsqbpevbro!nd_dft_wlteh_webp_3,小梨喵(日常版),,
