标题,内容,点赞,收藏,评论,笔记链接,图片链接,作者,keyword:厦门旅游 注意事项,2025年02月28日 18:48
厦门避雷💣央妈终于对鼓浪屿出手了‼️,"感谢央妈对鼓浪屿出手💪🏻 总算整顿了这些宰客乱象！
没想到都2024年了，还有这么多人踩雷
整理了一份详细的《鼓浪屿注意事项》
希望大数据能推给想来厦门旅游的姐妹们👭
.
⚠️鼓浪屿旅游注意事项
❌不要跟团！！鼓浪屿不大，随意走走🚶🏻‍♀️就好！！与其花钱跟团，不如花15分钟⏰做攻略
❌不要听码头旁边拉客说没票buy散客票，提前搜“屿见厦门”上35💰一张的含往返普通票就可以
❌不要信出租车司机的话🚕自己网上约车
❌不要去特产店buy东西  没啥好buy的，那基本上也不是厦门特产
❌不要buy珍珠!央妈已经曝光了📷开蚌取珍珠也都是坑
❌不要buy花茶:别买也别试喝，按g算，一点点就300💰
❌不要买路边水果摊！缺斤少两和坏果😭芒果莲雾火参果都不是厦门特产，全国都有
❌不要买路边的台湾榴莲糕难吃！！而且这也不是台湾正宗小吃
❌不要买茶叶🍵厦门本地人根本不喝景区的茶
.
✅提前一周买好船票，1️⃣定要看清楚哪个码头
✅提前做好攻略📖根据路线来走，免得走重复
✅岛上没有交通工具，靠脚走🚶🏻‍♀️记得穿舒服点的鞋👟
✅可以自己带水带干粮!!  以防踩到雷💣
✅防虫🦟喷雾和花露水可以带上备用
✅值得一去的打卡点📍:日光岩，大德记浴场，皓月园
✅吃饭一定要提前做好功课，免得被宰客
✅鼓浪屿上肥常多猫咪🐱喜欢猫的姐妹可以提前准备猫条哦
✅建议上午去，傍晚回，一天的时间刚好🉑以逛完
	
#鼓浪屿攻略 #鼓浪屿 #鼓浪屿旅游 #鼓浪屿旅游攻略 #厦门鼓浪屿 #鼓浪屿踩雷#厦门 #厦门避雷 #鼓浪屿避雷 #敏敏招财猫",252,185,21,https://www.xiaohongshu.com/explore/666d6381000000000e031a06?xsec_token=ABF9QCq2Yt59ZdqoF4u9bqOgkS-rgEuA8p5sffpLir_H4=&xsec_source=pc_search&source=web_explore_feed,https://sns-webpic-qc.xhscdn.com/202502281849/7fa01e818c7d6a52155eb9652608923b/1040g2sg3142gkgish8705ph50r71opi6rlr8r48!nd_dft_wlteh_webp_3,敏敏招财猫,,
2~3月来厦门玩的宝子们注意啦！,"2~3月来厦门玩的宝子们注意啦！
-
2~3月来厦门玩的宝子们注意啦！
厦门真的无论是情侣游、闺蜜游、家庭游都合适的一个城市总结经验，整理了这份保姆级厦门旅游攻略，吃喝玩乐一篇包齐的，2~3月打算来厦门玩的宝子们快来抄作业！！祝大家在厦门玩得敲击开心！
-
📅行程安排
Day1️⃣：曾厝垵→环岛路→黄厝沙滩看日出
曾厝垵小吃超多，先来一顿海鲜大餐。饭后zu辆小电驴沿环岛路骑行，感受海风。清晨到黄厝沙滩看日出，美到失语！
Day2️⃣：鼓浪屿一日游
日光岩俯瞰全岛风光，菽庄花园里赏海，晚上在龙头路商业街吃吃喝喝，逛te色小店。
Day3️⃣：南普陀寺→厦门大学→沙坡尾
南普陀寺祈福吃素饼，提前预约参观厦门大学，打卡芙蓉湖、芙蓉隧道。下午去沙坡尾逛艺术街区，尝尝te色甜品。
-
🍔厦门美食
🍜1、大洋海鲜城：中山路上的佬字号，央视认证佬店！来厦门真的得来尝尝，海鲜都是门口池子里现捞的，食材新鲜的很！✔️tui荐帝王蟹三吃、招牌黄椒焗瓜子班，这些都是bi点不踩雷的菜品
🍜2、闽南行：这家复古风装修很有年代感，用餐能感受到浓浓的烟火气息，氛围感拉满，他家的海皇豆腐的汤汁拌饭一jue！姜母鸭现场制作，香气十足很入味👍！
-
🏠住宿建议
📍中山路：交通便利，九店、珉宿选择多，晚上还能逛夜市。
📍厦门大学附近：离景点近，氛围年轻，有很多性价bi高的珉宿。
	
#厦门美食 #厦门#曾厝垵美食#曾厝垵 #厦门旅游攻略 #厦门吃喝玩乐 #厦门旅游#景点#本地人做的攻略 #游玩攻略",675,818,32,https://www.xiaohongshu.com/explore/67a9d3f8000000001902d284?xsec_token=ABP7ZAnKztXLr7KyHq1GD3pUZE-Dh3aaTCBWqNGUSfDDs=&xsec_source=pc_search&source=web_explore_feed,https://sns-webpic-qc.xhscdn.com/202502281849/d1d7fbbbc9edfa1d834659acb7519a2a/1040g00831dnhao090k5g4b9b7spkh3sg1pasmfg!nd_dft_wlteh_webp_3,爱丽丝,,
3-4月来厦门旅游的姐妹👭，提前参考！,"刚从厦门回来！厦门反向旅游体验感还是很不错滴🥰厦门旅游攻略整理完毕！
-
总结了下想去厦门应该注意些啥😠
	
📌1.厦门现在虽然还是淡季，但是还是挺热闹滴，许多景点依旧需要预🐟约
💡鼓浪屿船票（35元）👉小🍊xu“屿见厦门”
💡南普陀寺🆓👉GZH“南普陀寺”
💡钟鼓索道（80元）👉小🍊xu“乐游厦门”
💡厦门大学🆓👉GZH“厦门大学访客预约系统”
	
📌2.海边风大，且紫外线比较强，做好防晒，可以带个墨镜！
	
📌3.不要听信出租车司机或“热心”陌生人的话，以免被坑被宰，或者是被带去荒无人烟的景点/购物店
	
📌4.厦门及周边城市都是沿海，海鲜多且新鲜，一定要找明码标价的餐厅吃饭，不要贪吃多吃以免肠胃不适
	
📌5.看日出去黄厝海滩，绝美橘子色大海。看日落去白城沙滩，但是人多且沙子比较粗不适合玩沙
	
📌6.鼓浪屿主要还是靠步行，观光车有固定线路，不是很实用，还是要穿舒适的鞋子出行
	
📌7.土楼虽然在厦门周边，但是地处山区，比较偏远，公共交通不方便，建议自驾/包车/跟团
-
✅关于我们🏅厦门旅行社🏅
✌️专注福建省内小团游，适合家庭游/团建等
✌️商务车接送，5-55座运营车辆可选
✌️旅游专线司机，熟悉路况，驾车平稳
✌️定制旅游，路线自由，纯玩0购物0套路
☎️需要厦门定制游or包车的小伙伴们，可以随时私信我噢～24H在线咨询👌
|﻿#亲子游﻿ ﻿#福建旅游﻿ ﻿#厦门﻿ ﻿#沙坡尾﻿ ﻿#鼓浪屿﻿ ﻿#集美学村﻿ ﻿#厦门旅游攻略﻿ ﻿#城市达人计划﻿ ﻿#厦门吃喝玩乐﻿",4,2,评论,https://www.xiaohongshu.com/explore/67bee6c0000000002a00141d?xsec_token=ABH-d8CWts8BUdFEXkDr7liklm3vVeFjOFbQUpwRc1fWk=&xsec_source=pc_search&source=web_explore_feed,https://sns-webpic-qc.xhscdn.com/202502281849/a17e3fee714e63e457e3c9db10e5abd2/spectrum/1040g0k031ec3qfqe16005or25ehnr9fsdo925ag!nd_dft_wlteh_webp_3,鹭途鹰旅行-高端定制,,
3-4月去厦门旅游的姐妹听劝人拜托,"没做攻略的宝子劝你人人别来厦门，不然坑一个接一个，玩得糟心熬夜总结了实用旅游经验，希望大家别和我一样踩坑、觉得有用（的宝子记得先码住，到时候肯锭用得上~
-
☁️厦门天气
2月厦门的天气：温度15-27度，阴天多，也会有太阳，很适合出游，现在早晚会有点温差，多带一件薄外套，以防着凉哦！
-
👔穿搭建议：
🌟穿白色裙子、红色裙子和蓝蓝的海超般配的，敲出片！
🌟其他：短袖、裙子，短裤，一锭要带一件薄外套，因为早晚有温差。多个景区内步行也较多，要穿舒适的鞋子
-
✅三天两夜行程
Day1：抵达厦门北站一中山路-沙坡尾一-八市一南普陀寺一白城沙滩一演武大桥
Day2： 鼓浪屿一蕞美转角一海底世界-龙头路小吃街一钢琴博物馆一日光岩
Day3：万石植物园一集美学村一钟鼓索道一环岛路八市一返程回家
-
🍀厦门美食
🌷1、大洋海鲜城：中山路上的佬字号，央视认证佬店！来厦门真的得来尝尝，海鲜都是门口池子里现捞的，食材新鲜的很！✔️tui荐帝王蟹三吃、招牌黄椒焗瓜子班，这些都是bi点不踩雷的菜品
🌷2、闽南行：这家复古风装修很有年代感，用餐能感受到浓浓的烟火气息，氛围感拉满，他家的海皇豆腐的汤汁拌饭一jue！姜母鸭现场制作，香气十足很入味👍！
#厦门美食 #厦门#曾厝垵美食#曾厝垵 #厦门旅游攻略 #厦门吃喝玩乐 #厦门旅游#景点#本地人做的攻略 #游玩攻略",206,181,8,https://www.xiaohongshu.com/explore/67b9f90c000000000603d293?xsec_token=AB3R2bfnTm5tcyNoKuEe1u-xK-fk18cfZe9PdauPjxCNo=&xsec_source=pc_search&source=web_explore_feed,https://sns-webpic-qc.xhscdn.com/202502281849/fcd94b804999cd73f159d1029ec369eb/1040g2sg31e79sktm0kdg5pnk1r0jcqvb3iud6r8!nd_dft_wlteh_webp_3,花洛小铺,,
厦门会惩罚每一个不提前预约的懒人😭,"为了大家不要白跑一趟‼ 出发厦门之前一定要预约啊
-
今天给大家总结了厦门旅游热门景点的预约方式🔥大家赶快收藏起来⭐以备不时之需，来厦门肯定可以用到～
-
🌈景点预约指南
✅厦门大学（Or 提前3天预约10:30-17:30）
✅钟鼓索道（80r 提前7天预约 8:30-17:30）
✅园林植物园（30r提前3天预约6:30-18:00）
✅鼓浪屿（35r提前3天预约 全天）
✅双子塔（180r 可当天预约10:00-19:30）
✅南普陀寺（0r淡季可当天预约8:00-19:00）
✅潮汐之眼（98r 可当天预约 10:00-23:00）
✅厦门科技馆（100r可当天预约9:00-17:00）
✅海底世界（107r可当天预约 8:00-21:00）
-
🔔美食打卡
💕大洋海鲜城·锋味厦门菜：央视认证，大众必打卡餐厅，位于中山路上，帝王蟹三吃，闽南姜母鸭也是每次去都会点的！！本地人也会经常光顾的一家店！很有必要一尝
💕闽南行：他们家的风格在整条路上还是很好找的，他们家每一只都有满满的🦀膏，姜母🦆也是他们家的招牌现煲现煮香味扑鼻！光是闻这味道就让人流口水🤤
-
✈️鼓浪屿轮渡航线
☀️白天建议选厦鼓码头 三丘田码头，班次多船票多，还便宜，上岛后还可坐车，更方便
⛵️船票35包含往返，20天内都有效选内厝澳的，回程也可从三丘田回
🌃晚上从三丘田返回轮渡码头，顺便逛中山路和八市
-
✅市区到鼓浪屿
‼游客白天乘船只能选厦鼓码头，别跑空
🌟到鼓浪屿选三丘田码头：离景区近，避免走反
‼别买返程票：鼓浪屿船票已经包括往返
‼别买豪华船票：普通票35r，上二楼多加1块，和普通票没啥区别！
🌟1.2m小孩乘船风：1大人可带1名1.2m小孩
🌟船票预约：厦门轮渡
🌟景点预约：厦门旅游集散中心瓜
#游玩攻略 #国内旅游日常 #厦门旅游攻略 #游玩攻略 #厦门旅行 #厦门吃喝玩乐 #厦门美食 #大学生特兵旅游 #厦门",1.1万,1.5万,170,https://www.xiaohongshu.com/explore/67723a68000000000b017e5a?xsec_token=ABxI78CzDKswCcWH3DomquWxqil8belzbA5NY25uhIc1E=&xsec_source=pc_search&source=web_explore_feed,https://sns-webpic-qc.xhscdn.com/202502281849/3857161c0b1b9e311771a7448fe915f5/1040g00831c17rv6v0m6g5plk3a87cdb3eab8dn0!nd_dft_wlteh_webp_3,折耳根,,
📍厦门会惩罚不提前预约景点的人😭…,"厦门刚耍回来，真的崩溃了😭
熬夜总结的避💣❌教训！
1-3月去的姐妹一定要避💣！
.
	
‼️出行注意：
▶️提前规划好交通方式，预订机票、车票和酒店。鼓浪屿等热门景点需提前预约船票和门票，避免耽误行程
▶️天气准备：厦门冬季天气多变，出门记得带上雨具，海边风大，早晚温差大，要携带保暖衣物和防晒用品.
.
🍝🍝庆君汤包：
人均20都给我冲！老厦门人超爱的汤包！便宜又正宗！要搭配他们家的拌面，还有汤，搭配一起真的超好吃！来厦门的姐妹们一定要来打卡！
.
🏡🏡关于住宿
〔1〕、热门位置(思明区、湖里区) ：比如火车站、白鹭洲附近，景点较集中，交通相对便利，比较能接触到厦门本地人生活，环境好，吃的也多
〔2〕、环岛路：基本都是大酒店，窗外就是海景，就是比较贵，有夕阳的还可以骑行
〔3〕、中山路和镇海路区域：步行街、吃喝逛一应俱全、交通便利、地铁、公交的配备齐全
〔4〕、曾厝垵：靠近海边看起来不远，实际上打车去厦鼓码头或者中山路等景点都需要30元左右，公交之类的交通工具也是很挤！游客太多，不是蕞佳选择!
〔5〕.鼓浪屿：交通受限，往返需要坐船，时间和预算充足的，可以住晚鼓浪屿民宿，需要提前预订，旺季经常没有余房
.
	
✅✅好吃的美食
好食来大排档：一家开了30多年的老牌海鲜店，许多本地老人都爱去，都是多年熟客啦！必吃菜系：海蛎捞饭、龙虾焖花菜、芥味螺片等，食材新鲜，现点现做，真的YYDS!
.
	
📝📝交通指南
▪️飞机：厦门高崎国际机场
▪️高铁站/火车站：厦门站以及厦门北站，高铁首选厦门站到岛内更方便，厦门北站在岛外，可以坐一号线前往岛内，可以顺便打卡，千与千寻同款海上地铁
	
.
🍀🍀行前准备
证件类：身份证、学生证
电器：手机、耳机、相机、充电线、充电宝
日用品：洗护用品、化妆品小样、护肤小样
衣物类：厦门冬季平均气温15℃-20℃，但早晚温差大，需备轻薄羽绒服、毛衣、保暖内衣等保暖衣物，同时携带围巾、帽子、手套等防风物品.
#厦门大学旅游攻略 #沙波尾美食攻略#白城沙滩美食攻略 #双子塔美食攻略#海景餐厅 #厦门旅游攻略 #厦门美食 #海鲜餐厅 #环岛路旅游攻略 #环岛路美食",3050,3032,45,https://www.xiaohongshu.com/explore/6773f702000000000b00fe9d?xsec_token=ABHnkpgbM8ijx4M1AMDLKj_wyevrw2yXkXMw5scG7uWWk=&xsec_source=pc_search&source=web_explore_feed,https://sns-webpic-qc.xhscdn.com/202502281849/fbb977b87d42c5b9328337a62824dbba/1040g2sg31c2u4kr80s605oodfvl4hilns9evaro!nd_dft_wlteh_webp_3,系尾牙o(^o^)o,,
,"🚗 外地人去厦门自驾必看！血泪总结五大坑，避雷指南速码！ 🌊
最近刚从厦门自驾回来，一路上踩了不少坑！为了让姐妹们少走弯路，连夜整理这份避雷攻略，自驾党赶紧收藏！👇
1⃣ 坑：误闯限行区，罚款+扣分警告！
厦门部分区域（如鼓浪屿码头、厦大周边）对非本地车牌限行，导航不一定提示！误闯直接扣分+罚款，血泪教训34。
✅避坑Tips：
提前查“厦门本地宝”公众号，确认限行区域！
租车尽量选闽D车牌，或规划路线时绕开限行路段。
2⃣ 坑：鼓浪屿船票陷阱，黄牛套路深！
码头附近常有黄牛兜售“高价快速票”，声称免排队，实则加价2-3倍！还有人卖假票，上船才发现被骗257。
✅避坑Tips：
船票认准官方渠道：“厦门轮渡+”小程序提前3天预约（35元往返）。
现场拒绝黄牛，码头安检严格，别信“内部关系”！
3⃣ 坑：景区停车难，天价停车费！
曾厝垵、中山路等热门景点停车位紧张，路边私人停车场收费50元/小时！还有人谎称“景区入口”，实为骗停车费36。
✅避坑Tips：
提前搜好景区周边正规停车场（如“厦大南普陀停车场”）。
推荐停远点换乘公交/共享单车，厦门景点密集，骑行更方便！
4⃣ 坑：海鲜大排档刺客，缺斤少两！
曾厝垵、鼓浪屿的海鲜店套路多：标价模糊、称重做手脚，一顿吃掉上千块！4611
✅避坑Tips：
选择明码标价的连锁店（如202特色排档、临家闽南菜）。
点菜前确认价格单位（是“份”还是“斤”），结账核对账单！
5⃣ 坑：黑车&假导游，专坑外地人！
环岛路、植物园门口常有黑车司机忽悠“包车游更划算”，或假导游推销高价门票，实际比官网贵50%！5711
✅避坑Tips：
打车用正规平台，拒绝路边拉客！
景点门票官网买（如鼓浪屿联票90元），导游选平台认证的。
🌟 自驾必备神器
高德地图“景区热力图”：避开人流高峰！
“厦门本地宝”公众号：实时更新限行/景区政策！
姐妹们，厦门真的很美，但自驾游一定要做好攻略！避开这些坑，才能玩得爽还省钱～💃 快转发给要去厦门的朋友，一起快乐避雷！
#厦门旅游 #自驾游攻略 #避坑指南 #厦门防骗 #旅行干货",35,26,2,https://www.xiaohongshu.com/explore/67ab16f50000000029026ccf?xsec_token=AByoy7kmRUoj4QIKNW1fUny7yJDIhtqXiQFbq39e0a1NU=&xsec_source=pc_search&source=web_explore_feed,https://sns-webpic-qc.xhscdn.com/202502281849/bb80eb0e2b95e401e8fca0af48449d84/1040g00831doopgai086g5o3ivpt083tjsq5284g!nd_dft_wlteh_webp_3,树袋熊小姐,,
📍2.24厦门已回，没带对衣服我真的崩溃了,"厦门去过了才知道，太无语了……说实话！可能说走就走的旅行很酷，但厦门不做攻略不能来！！希望2、3月打算去厦门的姐妹，能避避雷，记得提前约，早晚温差大，注意保暖！
.
⛅️⛅️天气
2、3🈷️：12-22℃
👗穿搭建议：长袖，长袖打底，长裙，长裤，配薄外套，以防突然降温，可以备件稍厚的，秋装为主
.
🐸🐸厦门景点预约
💓鼓浪屿：小c序""屿见厦门""进行预约
💓钟鼓索道：小c序“钟鼓索道“预约
💓南普陀寺：gzh""南普陀寺“预约
💓厦门大学：wx""厦门大学访客系统“预约
💓双子塔：wx""世茂云上厦门观光厅“预约
💓园林植物园：gzh""厦门植物园“预约
💓厦门科技馆gzh""厦门科技馆“预约买票
💓胡里山炮台：gzh""厦门胡里山炮台“预约
.
🚌厦门交通
厦门交通还是挺方便的，公交 地铁 BRT，几乎可以到达你想去的地方！！稍远一点到附近再叫个网约车，明明白白的💁🏻
.
🍜恰饭：
厦门美食还是挺多的！当地🍧小吃思北特香包、蛀牙糖水、李菊英豆花、四里沙茶面、佘阿姨花生汤、阿杰五香都不错
.来到海滨城市当然要吃海鲜啦！来到某评上很🔥的醉壹号海鲜大排档，在老市区思北路口，特se招牌菜柠檬蟹、有海蛎捞饭、爆炒鸭杂、蛋黄焗龙虾、还有闻名遐迩的醉壹号烤鳗鱼
🚋住宿：住宿一般选在思明区，毕竟景点都集中在该区！中山路 黄厝 曾厝垵 厦大附近都比较方便！湖里区有地铁也行~优先考虑火车站（厦门站）附近
.
🎏行程安排
Day①抵达厦门→鼓浪屿→中山路→八市
Day②南普陀→厦门大学→植物园→钟鼓索道→沙坡尾→双子塔
Day③黄厝沙滩→帆船出海→环岛路→山海步道→盼归塔→曾厝垵
.
✅热门景点
🌟鼓浪屿:蕞美转角，晴天墙各种建筑，巷子，网红打卡小店
🌟沙坡尾:网红打卡店，时尚街拍各种色彩，风格元素，很出片，夜景也很漂亮
🌟环岛路:沙滩，海景，夕阳🌇，晚霞
🌟集美学村:海上地铁🚇嘉庚式建筑群
🌟中山路:街拍，老厦门别墅，街道宽阔
.
⛔️旅游注意事项
⚠️看日出在黄厝，日落白城，别走反
⚠️钟鼓索道排队有人说景区关闭别信
⚠️火车票选厦门站，在岛内离市区近
#厦门旅游     #厦门吃喝玩乐     #厦门攻略     #鼓浪屿   #广州周边游     #深圳周边游     #春游记     #厦门旅游攻略     #旅游不踩坑     #本地人做的攻略",282,325,31,https://www.xiaohongshu.com/explore/67bc8ea10000000003028862?xsec_token=ABa24pGds3urSNzETqnEqRYV5LPAgArcVqNSS3EdbFUdQ=&xsec_source=pc_search&source=web_explore_feed,https://sns-webpic-qc.xhscdn.com/202502281849/9c2ede0f08dcbea634d72390d5db3393/1040g00831e9qkuus10605pns340ne4lkje14q8o!nd_dft_wlteh_webp_3,小盐熊🐻爱旅游,,
已被宰。花一天时间总结的避雷建议+附攻略,"2-3月想去厦门的姐妹们看过来🤩
现在网上很多攻略写得都很不详细😭
一定要做好攻略，不然真的很容易踩坑!!!
总结了一些经验教训出来，给大家作为参考，希望即将去厦门的姐妹们能够及时避雷！！！
-
😭建议1.去鼓浪屿要注意啦！游客白天乘船只能选东渡客运码头，小心别跑空了
-
😭建议2.别买豪华船票❌普通票35r，和普通票没啥区别!
-
😭建议3.去鼓浪屿的话至少提前20分钟到达码头
-
😭建议4. 不要买景区的银饰假的多，买纪念品记得等到晚上有些推车出来的比较便宜
-
😭建议5.去植物园可以从西门进🌵打去网红景点多肉植物园更近一些。
-
😭建议6.黄厝看日出🌅白城沙滩看日落，不要跑错啦
-
😭建议7.椰风寨海滩人比较少🥥推荐打卡
-
😭建议8.金门游海豚基地真的很难遇到海豚，时间紧可以pass
-
😭建议9.在环岛路沿海租车骑行幕美海岸线！一定要货比三家，后面的有更便宜的等着你
-
😭建议10.景点约一定提前！旺季人很多的时候，比较难约到。可以直接在小🍊x去约。
-
😭建议11.去鼓浪屿坐船选择厦鼓码头，班次多，价格都是在35元居多，包往返。
-
😭建议12.别买花茶！!！按g 算，一点点都要好几百。真的很贵，并不值得。
-
😭建议13.想吃海鲜的话🦐思北路口醉壹号海鲜大排档·老厦门特se菜，以实惠和正宗而天天排队也要吃，特se招牌菜有海蛎捞饭、柠檬蟹、麻炒田ju、蛋黄焗龙虾、还有闻名遐迩的醉壹号烤鳗鱼，大家某评可先查看一下
-
✨鼓浪屿上岛须知‼
1⃣上岛的话可以从东渡客运码头、第1码头出发，东渡客运码头等待的航线时间比第1码头少
2⃣船票包含往返，无需分开买
3⃣可以提前分钟左右到码头，有时船会提前开
4⃣船票过点就作废啦，但没过点可以退
5⃣回程随到随走，点后要到三丘田码头回程
-
🤩🤩日出日落看这里
👉看日出：黄厝沙滩
👉海上日落：途纪落日航线
👉看日落：白城沙滩、钟鼓索道
👉海上地铁：高崎站集美学村1号线
.
#生活需要分享欲 #厦门旅行 #厦门旅游攻略 #本地人做的攻略 #旅游不踩坑 #避开高峰期旅游 #跟着本地人 #厦门旅游 #厦门旅行 #厦门旅游攻略",86,112,评论,https://www.xiaohongshu.com/explore/67b9f116000000002503c47f?xsec_token=AB3R2bfnTm5tcyNoKuEe1u-4o88xPgVk9Ow-ZFOOLYJf8=&xsec_source=pc_search&source=web_explore_feed,https://sns-webpic-qc.xhscdn.com/202502281849/f4edc0e592492651ca6d6f4861a840f3/1040g00831e78tho10k605psctjk3jua8f06fbf0!nd_dft_wlteh_webp_3,happy 兔🐰,,
听劝2-4月来厦门的姐妹请🐎住,"听劝2-4月来厦门的姐妹请🐎住
-
厦门的天气真的很适合来旅游。计划来厦门旅游的姐妹可以出发啦。你只管来，攻略我都帮你们做好了，直接抄作业就行！希望大家都能玩得开心哦~
-
前期准备
🎈证件：身份证、学生证
🎈护肤化妆品：日常护肤品、防晒霜、化妆品
🎈💊品：肠胃💊、感冒💊、晕车晕船💊
-
行程安排
第一天：厦门大学 - 南普陀寺 - 沙坡尾
🎈上午：
先去厦门大学，感受蕞美校园的魅力。芙蓉湖黑天鹅敲可爱，芙蓉隧道涂鸦超有创意，拍照超好看。（提前三天在“厦门大学访客予约”公粽昊予约入校）
🎈下午：
步行前往南普陀寺，免门票。这里香火旺盛，建筑精美，还能俯瞰厦门市区景色。
🎈晚上：
去沙坡尾逛吃，艺术西区有很多创意小店，还有各种te色小吃等。
第二天：鼓浪屿
🎈上午：
提前在“厦门轮渡有限公si”公粽昊买船票，从邮轮中心厦鼓码头乘船前往鼓浪屿。上岛后可以先去日光岩，登高俯瞰整个鼓浪屿和厦门市区的美景。
🎈下午：
漫步在鼓浪屿的小巷，打卡各种风格的佬别墅，去菽庄花园欣赏海景和园林风光。
🎈晚上：
在鼓浪屿看夜景，找一家海边的咖啡店，享受悠闲时光。
第三天：曾厝垵 - 环岛路 - 黄厝海滩
🎈上午：
去曾厝垵吃早餐，有敲多闽南te色早点。之后沿着环岛路骑行，欣赏无敌海景，可以zu一辆多人自行车，和朋友一起享受骑行乐趣。
🎈下午：
去黄厝海滩，这里沙子细腻，海水清澈，可以在沙滩上玩沙、踏浪，还能看到决美的日落。
🎈晚上：
在曾厝垵继续逛吃，这里有各种夜市小吃和特色纪念品店。
第四天：集美学村 - 返程
🎈上午：
前往集美学村，欣赏独特的嘉庚建筑，感受浓厚的学术氛围。可以去龙舟池拍照，很出片。
🎈下午：
收拾行李，准备返程，结束美好的厦门之旅。
-
🥝厦门美食
🍎1、大洋海鲜城：中山路上的佬字号，认证佬店！来厦门真的得来尝尝，海鲜都是门口池子里现捞的，食材新鲜的很！✔️tui荐帝王蟹三吃、招牌黄椒焗瓜子班，这些都是bi点不踩雷的菜品
🍎2、闽南行：这家复古风装修很有年代感，用餐能感受到浓浓的烟火气息，氛围感拉满，他家的海皇豆腐的汤汁拌饭一jue！姜母鸭现场制作，香气十足很入味👍！
	
厦门美食 厦门曾厝垵美食曾厝垵 厦门旅游攻略 厦门吃喝玩乐 厦门旅游景点本地人做的攻略 游玩攻略",47,41,评论,https://www.xiaohongshu.com/explore/67bc5262000000001203c115?xsec_token=ABa24pGds3urSNzETqnEqRYYaUfa3mNgwEAupWbs3B434=&xsec_source=pc_search&source=web_explore_feed,https://sns-webpic-qc.xhscdn.com/202502281849/319ad646ca3ad5d390c4b1dd2669c74d/1040g2sg31e9j8ka8h0d04b9b7spkh3sghsbvr10!nd_dft_wlteh_webp_3,爱丽丝,,
3月厦门会惩罚每一个不看通知的懒女人,"3-4月份来厦门的宝宝，不要错过这份攻略喔，给大家作为参考！希望即将去厦门游玩的姐妹能够避坑！
-
🌤天气近期天气不错，10℃-19℃有出太阳🌞，适合在环岛路骑行🚴‍♀️，白天可穿卫衣➕厚外套，晚上多加一个打底
-
⛳️打卡景点
【思明区】：厦门大学、南普陀寺、园林植物园、钟鼓索道、白城沙滩、胡里山炮台、环岛路、演武大桥、沙坡尾、双子塔、八市
【鼓浪屿】：风琴博物馆、皓月园、菽庄花园、港仔后海滨浴场、日光岩
【集美区】：集美学村、地铁一号线、集美大学
-
🚥厦门交通
厦门交通还是挺方便的，公交，地铁 BRT，几乎可以到达你想去的地方！！稍远一点到附近再叫个网月车，明明白白的🤷
-
🍜干饭指南
➠三金海鲜大排档：厦门20多年老店，都是明码标价，全程监控不用担心调包！环境舒心味道鲜美，皮皮虾还有帮拨服务哦～超贴心的～
➠好食来大排档:厦门为数不多的30年老店，获奖无数。而且天天排队，需要早点去，招牌菜：龙虾焖花菜，海蛎捞饭，芥味螺片。太好吃了yyds
➠一哥高压锅生蚝：想不到曾厝按还有这么实惠的店，这家实在是良心，生蚝新鲜肥美，价格又很实在，怪不得这家很火爆！
➠东记鱼粥：一家三十年的厦门老店，这家的海鲜鱼粥非常新鲜，地道本地味。
➠黄玉兰鱼丸：厦门鱼丸第yi名，纯手工做的老字号鱼丸，方文山也吃过，他家的姜母鸭也很好吃哦
#厦门     #厦门旅游     #厦门吃喝玩乐    #厦门旅行
#厦门旅行攻略       #厦门景点    #人文景点分享
#厦门旅游攻略     #厦门美食      #周末去哪玩",215,241,1,https://www.xiaohongshu.com/explore/67b72de5000000002901dc8b?xsec_token=ABv0-r8WLw74IOUCZ-nquYFrbl37aF36hLKRSTUDGDrCU=&xsec_source=pc_search&source=web_explore_feed,https://sns-webpic-qc.xhscdn.com/202502281849/21b2a9543a2aede87b4bef7929886449/1040g00831e4ij1sags6g5pe38vh2civr9tk8egg!nd_dft_wlteh_webp_3,Coke爱旅游,,
3-5月去厦门旅游的姐妹们👭要注意啦！,"3-5月来厦门的姐妹听劝，这个时候来厦门旅游的宝宝，可千万别错过这份攻略，给大家参考参考！希望即将去厦门游玩的姐妹都能顺利避坑！
送给来厦门旅游的姐妹们！！
-
✅出行准备
🌷证件：身份证、学生证或其他优惠证件等
🌷电器：手机、充电器、耳机、充电宝、照相机等
🌷生活用品：洗漱用品、补水护肤品、化妆品、雨伞（冬季可能降雨）、保暖防风用品等
🌷衣物：厦门冬季不算严寒，但海风大，除漂亮衣物用于拍照📸，也要带上厚外套，做好保暖和防晒🌞
-
⭕怎么到厦门呢❓
✈️机场：厦门高崎国际机场、厦门翔安国际机场
🚄火车站：厦门站、厦门北站、杏林站等
-
🏠厦门住宿推荐
🏨思明区：靠近鼓浪屿、曾厝垵等热门景点，出行便利，周边美食众多，民宿和酒店的选择丰富多样，能满足不同预算的需求。
🏨湖里区：交通枢纽较为集中，距离机场、车站较近，对于赶早班机或火车的游客来说非常方便，住宿性价比相对较高。
🏨集美区：人文气息浓厚，拥有独特的嘉庚风格建筑，环境优美宁静，适合喜欢安静，想要深入体验当地文化的游客。
-
🌈厦门4天3晚路线攻略✨
💞𝑫𝒂𝒚❶ 出发地抵达厦门 24小时全天候专车接送至酒店办理入住🏨
💞𝑫𝒂𝒚❷ 南普陀寺→鼓浪屿→菽庄花园→港仔后沙滩
💞𝑫𝒂𝒚❸ 环岛路→曾厝垵→集美学村
💞𝑫𝒂𝒚❹ 赶海→帆船出海→结束愉快的旅行带着美好的回忆回家🥰
⚠️Tips
厦门景点分布较散，第一次去厦门的宝宝👭，要是想省时省力还省钱💰，可以报个当地团。像上面这种纯玩路线，人均不到一千💰，包含了吃、住、行、景点门票，还有免费接送站服务，超省心！
⭕厦门热门景点介绍
📍鼓浪屿：充满文艺气息的小岛，汇集了各国风格建筑，仿佛穿越时空，漫步其中，处处都是拍照的绝佳背景，人文与风景完美融合。
📍环岛路：长达40多公里的沿海公路，沿途风景美不胜收，租一辆自行车骑行，让海风轻拂脸颊，尽情欣赏无垠的海景🌊
📍曾厝垵：美食爱好者的天堂，汇聚了各种特色小吃和文艺小店，一站式满足你的味蕾和购物欲。
📍南普陀寺：千年古刹，寺内建筑古朴精美，香火旺盛，庄严肃穆的氛围让人内心平静，还能品尝到美味的素斋。
📍沙坡尾：曾经的避风坞，如今已华丽变身为文艺青年的聚集地，各种创意店铺和网红打卡点等你来探索。
#厦门旅行攻略
#厦门游玩攻略
#图文伙伴计划
#厦门旅游攻略",1309,1048,60,https://www.xiaohongshu.com/explore/67b17d33000000002902aca8?xsec_token=ABSpgDXNrJAeumbDrYk7f21APpyYjj5j_kPEdkJRiuzG4=&xsec_source=pc_search&source=web_explore_feed,https://sns-webpic-qc.xhscdn.com/202502281849/e0ec692219e21af32a349a3b87c75f96/1040g00831dv0os5h0c6g5om2m30mt7cnfhjq9n0!nd_dft_wlteh_webp_3,厦门旅游攻略,,
听劝2-4月来厦门的姐妹请🐎住,"听劝2-4月来厦门的姐妹请🐎住
-
厦门的天气真的很适合来旅游。计划来厦门旅游的姐妹可以出发啦。你只管来，攻略我都帮你们做好了，直接抄作业就行！希望大家都能玩得开心哦~
-
前期准备
🎈证件：身份证、学生证
🎈护肤化妆品：日常护肤品、防晒霜、化妆品
🎈💊品：肠胃💊、感冒💊、晕车晕船💊
-
行程安排
第一天：厦门大学 - 南普陀寺 - 沙坡尾
🎈上午：
先去厦门大学，感受蕞美校园的魅力。芙蓉湖黑天鹅敲可爱，芙蓉隧道涂鸦超有创意，拍照超好看。（提前三天在“厦门大学访客予约”公粽昊予约入校）
🎈下午：
步行前往南普陀寺，免门票。这里香火旺盛，建筑精美，还能俯瞰厦门市区景色。
🎈晚上：
去沙坡尾逛吃，艺术西区有很多创意小店，还有各种te色小吃等。
第二天：鼓浪屿
🎈上午：
提前在“厦门轮渡有限公si”公粽昊买船票，从邮轮中心厦鼓码头乘船前往鼓浪屿。上岛后可以先去日光岩，登高俯瞰整个鼓浪屿和厦门市区的美景。
🎈下午：
漫步在鼓浪屿的小巷，打卡各种风格的佬别墅，去菽庄花园欣赏海景和园林风光。
🎈晚上：
在鼓浪屿看夜景，找一家海边的咖啡店，享受悠闲时光。
第三天：曾厝垵 - 环岛路 - 黄厝海滩
🎈上午：
去曾厝垵吃早餐，有敲多闽南te色早点。之后沿着环岛路骑行，欣赏无敌海景，可以zu一辆多人自行车，和朋友一起享受骑行乐趣。
🎈下午：
去黄厝海滩，这里沙子细腻，海水清澈，可以在沙滩上玩沙、踏浪，还能看到决美的日落。
🎈晚上：
在曾厝垵继续逛吃，这里有各种夜市小吃和特色纪念品店。
第四天：集美学村 - 返程
🎈上午：
前往集美学村，欣赏独特的嘉庚建筑，感受浓厚的学术氛围。可以去龙舟池拍照，很出片。
🎈下午：
收拾行李，准备返程，结束美好的厦门之旅。
-
🥝厦门美食
🍎1、大洋海鲜城：中山路上的佬字号，认证佬店！来厦门真的得来尝尝，海鲜都是门口池子里现捞的，食材新鲜的很！✔️tui荐帝王蟹三吃、招牌黄椒焗瓜子班，这些都是bi点不踩雷的菜品
🍎2、闽南行：这家复古风装修很有年代感，用餐能感受到浓浓的烟火气息，氛围感拉满，他家的海皇豆腐的汤汁拌饭一jue！姜母鸭现场制作，香气十足很入味👍！
	
厦门美食 厦门曾厝垵美食曾厝垵 厦门旅游攻略 厦门吃喝玩乐 厦门旅游景点本地人做的攻略 游玩攻略",47,41,评论,https://www.xiaohongshu.com/explore/67bc5262000000001203c115?xsec_token=ABa24pGds3urSNzETqnEqRYYaUfa3mNgwEAupWbs3B434=&xsec_source=pc_search&source=web_explore_feed,https://sns-webpic-qc.xhscdn.com/202502281850/5495ab78c876b81c0cbc41025e1b7ef8/1040g2sg31e9j8ka8h0d04b9b7spkh3sghsbvr10!nd_dft_wlteh_webp_3,爱丽丝,,
3月厦门会惩罚每一个不看通知的懒女人,"3-4月份来厦门的宝宝，不要错过这份攻略喔，给大家作为参考！希望即将去厦门游玩的姐妹能够避坑！
-
🌤天气近期天气不错，10℃-19℃有出太阳🌞，适合在环岛路骑行🚴‍♀️，白天可穿卫衣➕厚外套，晚上多加一个打底
-
⛳️打卡景点
【思明区】：厦门大学、南普陀寺、园林植物园、钟鼓索道、白城沙滩、胡里山炮台、环岛路、演武大桥、沙坡尾、双子塔、八市
【鼓浪屿】：风琴博物馆、皓月园、菽庄花园、港仔后海滨浴场、日光岩
【集美区】：集美学村、地铁一号线、集美大学
-
🚥厦门交通
厦门交通还是挺方便的，公交，地铁 BRT，几乎可以到达你想去的地方！！稍远一点到附近再叫个网月车，明明白白的🤷
-
🍜干饭指南
➠三金海鲜大排档：厦门20多年老店，都是明码标价，全程监控不用担心调包！环境舒心味道鲜美，皮皮虾还有帮拨服务哦～超贴心的～
➠好食来大排档:厦门为数不多的30年老店，获奖无数。而且天天排队，需要早点去，招牌菜：龙虾焖花菜，海蛎捞饭，芥味螺片。太好吃了yyds
➠一哥高压锅生蚝：想不到曾厝按还有这么实惠的店，这家实在是良心，生蚝新鲜肥美，价格又很实在，怪不得这家很火爆！
➠东记鱼粥：一家三十年的厦门老店，这家的海鲜鱼粥非常新鲜，地道本地味。
➠黄玉兰鱼丸：厦门鱼丸第yi名，纯手工做的老字号鱼丸，方文山也吃过，他家的姜母鸭也很好吃哦
#厦门     #厦门旅游     #厦门吃喝玩乐    #厦门旅行
#厦门旅行攻略       #厦门景点    #人文景点分享
#厦门旅游攻略     #厦门美食      #周末去哪玩",215,241,1,https://www.xiaohongshu.com/explore/67b72de5000000002901dc8b?xsec_token=ABv0-r8WLw74IOUCZ-nquYFrbl37aF36hLKRSTUDGDrCU=&xsec_source=pc_search&source=web_explore_feed,https://sns-webpic-qc.xhscdn.com/202502281850/df97781025030605eca67b10743998f6/1040g00831e4ij1sags6g5pe38vh2civr9tk8egg!nd_dft_wlteh_webp_3,Coke爱旅游,,
3-5月去厦门旅游的姐妹们👭要注意啦！,"3-5月来厦门的姐妹听劝，这个时候来厦门旅游的宝宝，可千万别错过这份攻略，给大家参考参考！希望即将去厦门游玩的姐妹都能顺利避坑！
送给来厦门旅游的姐妹们！！
-
✅出行准备
🌷证件：身份证、学生证或其他优惠证件等
🌷电器：手机、充电器、耳机、充电宝、照相机等
🌷生活用品：洗漱用品、补水护肤品、化妆品、雨伞（冬季可能降雨）、保暖防风用品等
🌷衣物：厦门冬季不算严寒，但海风大，除漂亮衣物用于拍照📸，也要带上厚外套，做好保暖和防晒🌞
-
⭕怎么到厦门呢❓
✈️机场：厦门高崎国际机场、厦门翔安国际机场
🚄火车站：厦门站、厦门北站、杏林站等
-
🏠厦门住宿推荐
🏨思明区：靠近鼓浪屿、曾厝垵等热门景点，出行便利，周边美食众多，民宿和酒店的选择丰富多样，能满足不同预算的需求。
🏨湖里区：交通枢纽较为集中，距离机场、车站较近，对于赶早班机或火车的游客来说非常方便，住宿性价比相对较高。
🏨集美区：人文气息浓厚，拥有独特的嘉庚风格建筑，环境优美宁静，适合喜欢安静，想要深入体验当地文化的游客。
-
🌈厦门4天3晚路线攻略✨
💞𝑫𝒂𝒚❶ 出发地抵达厦门 24小时全天候专车接送至酒店办理入住🏨
💞𝑫𝒂𝒚❷ 南普陀寺→鼓浪屿→菽庄花园→港仔后沙滩
💞𝑫𝒂𝒚❸ 环岛路→曾厝垵→集美学村
💞𝑫𝒂𝒚❹ 赶海→帆船出海→结束愉快的旅行带着美好的回忆回家🥰
⚠️Tips
厦门景点分布较散，第一次去厦门的宝宝👭，要是想省时省力还省钱💰，可以报个当地团。像上面这种纯玩路线，人均不到一千💰，包含了吃、住、行、景点门票，还有免费接送站服务，超省心！
⭕厦门热门景点介绍
📍鼓浪屿：充满文艺气息的小岛，汇集了各国风格建筑，仿佛穿越时空，漫步其中，处处都是拍照的绝佳背景，人文与风景完美融合。
📍环岛路：长达40多公里的沿海公路，沿途风景美不胜收，租一辆自行车骑行，让海风轻拂脸颊，尽情欣赏无垠的海景🌊
📍曾厝垵：美食爱好者的天堂，汇聚了各种特色小吃和文艺小店，一站式满足你的味蕾和购物欲。
📍南普陀寺：千年古刹，寺内建筑古朴精美，香火旺盛，庄严肃穆的氛围让人内心平静，还能品尝到美味的素斋。
📍沙坡尾：曾经的避风坞，如今已华丽变身为文艺青年的聚集地，各种创意店铺和网红打卡点等你来探索。
#厦门旅行攻略
#厦门游玩攻略
#图文伙伴计划
#厦门旅游攻略",1309,1048,60,https://www.xiaohongshu.com/explore/67b17d33000000002902aca8?xsec_token=ABSpgDXNrJAeumbDrYk7f21APpyYjj5j_kPEdkJRiuzG4=&xsec_source=pc_search&source=web_explore_feed,https://sns-webpic-qc.xhscdn.com/202502281850/b41a602b6a6337f5cdbc991bfbd7c978/1040g00831dv0os5h0c6g5om2m30mt7cnfhjq9n0!nd_dft_wlteh_webp_3,厦门旅游攻略,,
厦门会惩罚每一个不做攻略不提前预约的人❗️,"刚从厦门回来的我，带着满满的旅行经验和一肚子的实话要告诉你们！淡季的厦门真的好舒服啊，体验感还真的不错，但旅行陷阱也不少，我还是来给宝子们避避雷吧！🌩️🎒
.
⚠️划重点⚠️
从10月25日起，鼓浪屿的三丘田码头因扩建暂停运营，游客可以从内厝澳码头或钢琴码头登岛。
.
💰上鼓浪屿普通票35r就能搞定💸提前30分钟到码头，可以改签可以退票，网传不能退是不对的⏳
.
🛍️鼓浪屿买水 犄角旮旯的小士多便宜很多，鼓浪屿上面的什么花茶特产的，都别买，试试倒可以，一点点就三位数了 💸
.
🏢 游览完厦门大学出来，选白城校门近白城沙滩、选大南校门近南普陀寺、选西校门近沙坡尾，可以提前计划下个点去哪，再考虑哪个门出
.
🌅 黄厝看日出，白城沙滩看日落，别搞混了，每个都不容错过！🌄日落也可以去山海步道傍晚走一走，盼归塔美景尽收眼底，记得穿舒服点！🌆
.
🛍️ 曾厝垵太商业化，真心没啥可逛的！但是可以考虑一下八市和中山路，中山路以南洋风格的骑楼为主，非常有特色，在中山路旁的八市是一个充满烟火气的集市，里面好多厦门的地道小吃，比如<杨小贤🥭><莲欢海蛎煎🦪><芋包王🍵><朱记手撕鸡🐔><豪香里脊肉串🥩>，这些都是开了很久的老字号，基本不踩雷，
.
🚇 一号线超美，千万别错过，直接到集美学村散散步，美翻了！🚌集美学村不仅只是一个牌坊，还有好吃的石鼓路，独特的嘉庚式建筑，夜景超漂亮的龙舟池……
.
🗺️我的路线：
Day 1: 厦门北站——思明区9店——南普陀寺——厦门大学——白城沙滩——沙坡尾 Day 2: 鼓浪屿——日光岩——菽庄花园——大德妃浴场——皓月园——三丘田码头 Day 3: 八市——集美学村——集美大社——十里长堤——返程回家
.
😄旅行小tips：
1️⃣天气⛅️10月厦门气温平均26-33°，还是比较热的~穿搭以凉快＋防晒为主！
2️⃣交通：动车站选【厦门站】，出站就是厦门岛内，非常方便！次选厦门北站！
🌟然后，打车尽量选网约车，远离出租🚕
3️⃣厦门公交挺方便的🚌地铁🚇BRT，基本都能直达景点！
#厦门旅游 #厦门美食 #厦门小吃 #厦门旅游攻略 #广州周边游 #深圳周边游 #秋游记 #鼓浪屿 #厦门吃喝玩乐",5647,8244,62,https://www.xiaohongshu.com/explore/67150c4e000000002100a24d?xsec_token=ABBqk51t69mMCGRefgXn_BngtSX0wyYTU3yzf5hFktIQw=&xsec_source=pc_search&source=web_explore_feed,https://sns-webpic-qc.xhscdn.com/202502281850/02d29a8b3db0aaca12a6593ab7d145e0/1040g00831967vov958005ns8ea1088otamevfa8!nd_dft_wlteh_webp_3,半糖罐罐。,,
厦门：不要和陌生人说话,"厦门怪谈规则：
不要和陌生人说话#万能的小红书
幸好J人提前在小红书做了十足的旅行攻略
	
感谢小红书各位momo提供的参考和避雷攻略
	
在任何景区
如果遇到陌生人拦路 一律不要信！！
	
PS《不要和陌生人说话》取景地就在厦门
	
厦门文旅局管管宰客拉客现象！
	
统一话术包括但不限于：
“XX景区今天不开（上/下午不开）”
“XX设备检修，今天看不了”
“鼓浪屿不值得去，阴天/下雨没得看”
“植物园喷雾今天上午不开”
	
“植物园要从南门进南门有扶梯不用爬山我开车带你去
“今天有活动包场进不去”
“缆车之前掉下去过本地人都不坐”
“一看你就是外地人，我们本地人都不去”
	
然后开始忽悠：“环岛公路游去过没有？很好看的 带你环岛公路一路拍拍照风景很美/夕阳落日好看”
	
“坐船看大小金门 海边拍照”
	
#厦门一日游 #厦门旅行 #厦门旅行攻略 #厦门攻略 #厦门植物园 #厦门环岛路 #不要和陌生人说话 之前厦门拉客宰客问题还上过#央视新闻",1634,577,375,https://www.xiaohongshu.com/explore/67624577000000000800e4f5?xsec_token=ABTLEWlCKom1bpN_eOUvImuzuHzR9LpML9Tp3lYqro4IQ=&xsec_source=pc_search&source=web_explore_feed,https://sns-webpic-qc.xhscdn.com/202502281850/df47ef436f86246e451bc51c07623ab7/1040g2sg31bhl75d50k70418ca9j5o18i8egfnlg!nd_dft_wlteh_webp_3,Aki,,
厦门会惩罚每个不提前做攻略的懒人😭,"讲真的，厦门不适合匆匆忙忙过来玩😭来之前真的要做好准备！希望大家都不要踩雷～
⛅厦门天气：2月8-22℃，早晚冷中午热
🧥穿衣：秋装长袖+中等厚外套
👫🏻游玩路线参考
来厦门一般建议四天三夜，先到环岛路海边散散步，看看日落，放松心情～😌然后再安排鼓浪屿/植物园等景点，晚上再到中山路/八市逛吃
👉DAY1：环岛路→山海步道→盼归塔
👉DAY2：厦门大学→南普陀→沙坡尾→植物园→钟鼓索道
👉DAY3：鼓浪屿→双子塔→八市→中山路
👉DAY4：清水宫→集美学村→海上地铁→十里长堤→海上自行车道
🏞️需提前遇约的
📍鼓浪屿船票：提前5天（屿见厦门）
📍鼓浪屿景点票：提前3天（鼓浪屿文旅）
📍厦门大学：提前3天（厦大访客遇约系统）
📍南普陀：提前3天（南普陀寺）
📍植物园：提前3天（厦门园林植物园）
📍钟鼓索道：提前3天（乐游厦门）
📍山海步道：免票无遇约
📍沙坡尾：免票无遇约
📝旅游注意事项
✔️鼓浪屿船票记得提前，当天很贵班次少
✔️海边有人叫你坐帆船，多对比几家再出发
❌中山路/鼓浪屿的花茶别轻易尝试😭
❌小心海边拿相机拍照的！拍完会找你要💰
❌的士司机的话少听，都是坑😭
🚢鼓浪屿攻略
▫️码头建议：东渡客运码头→三丘田码头
选这个码头，船票多还便宜，上岛还可坐车
▫️东渡客运码头就是东渡客运码头，地铁直达
▫️船票35包含往返了，刷身份证更方便
▫️鼓浪屿没票可以试试轮渡码头6点那班
🍜厦门美食
📍八市阿杰五香：脆豆皮包裹肉馅马蹄～
📍醉壹号海鲜大排档．厦门特s菜，在老市区思北路口的一家店，特色招牌菜有海蛎捞饭、爆炒鸭杂、麻炒田ji、蛋黄焗龙虾、柠檬蟹、还有闻名遐迩的醉壹号烤鳗鱼，大家某评可查看一下
📍余阿姨沙茶面：现煮汤底，每次都要被香晕！！配料实在怎么会有那么好喝的汤底啊
📍花生汤：很有特s的风味甜点，清甜爽口
📍厦门芋包：厦门老一辈人一直很爱吃的小吃
📍思北特香包：老远就能闻到香味
📍丹香蛋糕店：味道好，料足量大，分量多且价格划算
#不早起旅行日记  #新年旅行第一站  #反向旅行出门溜溜   #厦门   #厦门旅游",226,215,6,https://www.xiaohongshu.com/explore/67b49f3800000000290312dc?xsec_token=ABhiswYb3YhfFnHY5gA2_McV7eCUhsf7uGjI6YPYcJPT4=&xsec_source=pc_search&source=web_explore_feed,https://sns-webpic-qc.xhscdn.com/202502281850/105bf05ed8b988f7c4fa2e093a35c3b9/1040g2sg31e22lokph2d05pkktjrjurocn1l1j2g!nd_dft_wlteh_webp_3,麦辣宝子,,
刚从鼓浪屿回来‼️含泪总结😭😭😭,"讲真的，攻略没做好别轻易来厦门，特别是鼓浪屿，真的会惩罚每一个不做攻略的！！真心希望大家不踩坑！
	
❓厦门天气
厦门属于亚热带海洋气候，气温常年保持20℃左右，冬天气温10-20℃，旅游蛮舒服的😊
	
❓穿什么衣服
秋装+厚外套备用，厦门早晚冷中午热，晚上得穿外套！
	
❓怎么坐船
▫️船票：屿见厦门（小🍊序）
▫️船票选💰35就好，无捆绑！不交智商税
▫️船票可提前10天定，当天定没有好班次
	
❓哪个航班好
出发：东渡客运码头→三丘田码头
（这个班次，码头大、船票多，还便宜）
	
❓定不到船票怎么办
春节高峰期定不到票，早上有两班船到鼓浪屿：
▫️轮渡码头→钢琴码头（6点/6点半各一班）
🔸很少人知道游客也能用，因为太早，大部分人起不来，所以很多票
	
❓怎么从鼓浪屿回去
返程全天都有船，注意时间和码头不同：
🔹18点前：内厝澳/三丘田都可回厦门
🔹18点后：三丘田码头→轮渡码头（内厝澳18点关闭）
🔸18点后抵达轮渡码头，顺便逛中山路/八市
🔸返回不用重新定票！船票包含往返了
🔸20天内返回，船票都有效的
	
❓景点怎么约
▫️约景点票：鼓浪屿文旅中心（小🍊序
▫️管风琴艺术中心：免票但要遇约（0点放票）
▫️风琴博物馆：免票但要遇约（0点放票）
🔸建议单独定各个景点票就好，联票逛不完挺浪费的
	
❓带老人小孩，怎么坐车
🔹观光车在码头出来的亭子这边
🔹观光车在起点 终点 菽庄花园中转站停车
🔹返程也是在中转站菽庄花园坐车
	
🎏鼓浪屿一日游路线
🔹上午：三丘田码头→蕞美转角→管风琴艺术中心→风琴博物馆
🔹中午：龙头路吃饭
🔹下午：日光岩→菽庄花园→大德记沙滩看日落→皓月园
🔹返程：三丘田码头→轮渡码头
	
💛厦门/鼓浪屿放心吃的
✔️厚生林甜汤：环境人文复古好吃的糖水铺#厦门旅游
✔️蛋满灌：鸭蛋填入香菇肉馅，肉馅给的很多
✔️龙阳.林氏海蛎煎：海蛎子给的很多，生意很好，店里师傅很会做这个厦门小吃
✔️林.锦.记.鱼丸：低调好吃的手工鱼丸，用料很实在，环境很好！口味居然是某平榜①！
✔️大.洋.海鲜城：平价实在的老厦门特色菜，鼓浪屿 中山路都有分店，电视台经常报道，吃的放心！
✔️香.满.堂姜母鸭：现做的姜母鸭已经很少了，远远就能看到师傅在门口现做，香气扑鼻！
#新年旅行第一站 #反向旅行出门溜溜 #新年版citywalk#厦门 #鼓浪屿  #不早起旅行日记 #旅游攻略听劝 #厦门旅游",4590,4936,408,https://www.xiaohongshu.com/explore/679c452f0000000018013c37?xsec_token=ABN9sZ0jBRDL8mmDUJwOiQD8IlRqRa31aiJMk7nJvj_Qk=&xsec_source=pc_search&source=web_explore_feed,https://sns-webpic-qc.xhscdn.com/202502281850/154aa4643f45cbe1f4a3aff8b39f3b41/1040g2sg31da9lvvf0uc05opdm8goshflckn2nt0!nd_dft_wlteh_webp_3,鹭岛小师妹,,
谁懂啊！J人朋友做的厦门攻略！我满意哭了,"前段时间和朋友去了一趟厦门📍，发现不做攻略真的很吃亏🤔！尤其是预约这一块，真的要做攻略📃！厦门还是蛮好的，虽然坑🕳也不少！所以给大家呈上我宝贝朋友做的厦门攻略，大家抄作业就行📝！
-
⚠️一些注意事项⚠️
1⃣️热心的士🚕司机的话真的不能听不能信！！谁信谁倒霉。信了就妥妥踩坑！介绍你去什么景点，不要去，介绍你去什么吃海鲜也不要去！！
.
1⃣️别买豪华船票❌和普通票没啥区别！普通票35r含来回，至少提前30分钟到达码头，千万不要迟到!船票过期了，不能改退
.
2⃣️钟鼓索道坐缆车🚠一定注意保暖！！缆车没玻璃的，真的冷啊！羽绒/冲锋衣都可以安排上！
.
3⃣️想要看日出的姐妹们建议去黄厝沙滩，会很震撼🌅白城沙滩是看日落的，不要跑错啦。盼归塔和演武大桥观景台，也是看日落的好地方
.
4⃣️中山路就是步行街，骑楼风格建筑，拍照很出片，前两年重新装修后历史感削弱了一些，但也很好拍
.
5⃣️曾厝安❌不要去，也不建议住那里，除了民宿多，真的没啥好逛，就是一条小吃街，还是全国各地都一样的小吃，民宿卫生环境也参差不齐
.
6⃣️想体验闽南风味小吃可以去八市和中山路那一带，很多老店，比如「杨小贤」、「芋包王」、「豪香里脊肉串」、「莲欢海蛎煎」、「朱记手撕鸡」这些都是本地人爱吃的小吃，建议试试～
.
7⃣️海边有人扮公仔让你拍照的别搭理，送花的别搭理！都是坑，找你拿💰的
.
8⃣️去厦门园林植物园，建议从西门进，靠近多肉植物园和雨林区，网红打卡点更近。想要全程游玩就从南门进，西门出（近钟鼓索道）
.
🏠住宿避雷
✔️建议住思明区，景点都在这边，选离地铁口近的就好，比较方便
❌曾厝垵、黄厝：民宿多虽然不贵，但隔音差卫生一般！一定多看差评
.
📝3天2夜行程
Day1:中山路—植物园—钟鼓索道—沙坡尾—演武大桥
Day2:鼓浪屿—菽庄花园—皓月园—管风琴博物馆—八市
Day3:集美学村—大社—嘉庚公园—龙舟池
#厦门小吃 #厦门旅游 #厦门美食 #厦门攻略 #深圳周边游 #福州周边游 #广州周边游 #冬日旅行收藏夹 #藏在小城里的冬天 #厦门旅游攻略 #鼓浪屿 #厦门三天两夜旅游 #厦门旅游攻略 #厦门旅行 #厦门三日游",1593,2135,21,https://www.xiaohongshu.com/explore/6773ab9a000000000901451e?xsec_token=ABHnkpgbM8ijx4M1AMDLKj_zlrHCg_mQ2u6-biZy_wTCk=&xsec_source=pc_search&source=web_explore_feed,https://sns-webpic-qc.xhscdn.com/202502281850/f3f58834a5080a0424a0d8c91dc3a8b8/1040g2sg31c2kttl00u6g5onbkbunosbbfollhgo!nd_dft_wlteh_webp_3,是菜菜叭。,,
厦门旅游回来了，这些坑💥不要踩‼️‼️‼️,#厦门 #厦门旅游 #厦门旅游攻略 #鼓浪屿 #厦门亲子游 #厦门打卡,5626,5304,434,https://www.xiaohongshu.com/explore/6788e3740000000016020eb7?xsec_token=AB-yhaFrjS7kSqohFD1wBzpaoX7tE2JxgLzoLnCv5nZB8=&xsec_source=pc_search&source=web_explore_feed,,旺仔仔,,
厦门唯一避雷：交通,"第一，地形如此。厦门出乎我的意料居然有很多山，这确实没办法，一个动不动就钻山的城市必然不可能比平原城市交通更顺畅
第二，规划稍显落后。虽然我避雷厦门交通，但有一说一体验下来我感觉厦门市政已经尽力了，厦门从80年代开始规划城市，感觉市政至少已经看了20年，后面缝缝补补，又续了20年，但放在今天还是满足不了需求。来厦门玩了3天，每天都在因为堵车生胖气😠但是到了景区又被哄好了一大半🥺建议厦门文旅是否可以在节假日给旅客一个景区的出行建议呢，毕竟旅客是不知道接下来要钻山还是爬山，例如植物园到厦门大学这一段，唯一建议交通工具：双腿😑
第三，景区过于集中。这个也是没有办法，全部集中在南边，所有景点只有中山街有地铁😑厦门正在加紧修地铁，希望通地铁后交通能改善一下吧
接下来是个人推荐：
第一，山海步道。顶，非常顶，无敌顶，国内城市景观和自然景观结合的典范，谁再说国内没有好的规划，山海步道直接甩他脸上。p2为盼归塔，今天还是阴天，不敢想晴天会美成什么样子，山海步道没碰上晴天是本次行程的唯一遗憾😭大海拨开城市与大山，闯进你眼眸的瞬间，就像心胸被洞开一道大门，山风挟着脚下市区建筑群的景色灌进心胸的大门，你没有听见一丝喧嚣，但又好像听见了全部的热闹
第二，鼓浪屿。不知道为什么那么多避雷的，我想问？认真的？？？抛开人多😑客观来说鼓浪屿不美吗？错落有致的民国建筑，蜿蜒的榕树根，鲜艳的炮仗花，而且鼓浪屿每一处都展现着中外文化融合的奇妙，既有英雄郑成功，又有各国的领事馆，你还能在鼓浪屿望金门，从古至今，甚至你踏在鼓浪屿上的那一秒，你都能感受到这片土地澎湃的力量，你既能看到历史上兵家在它身上留下的痕迹，又能在当下感受到我们中国人对金门的期盼。它只是静静地躺在海上，将所有踏足过它的人类足迹，默默地用榕树根缝合在一起，直至今时今日、此时此刻，人类都仍在它的身上泼墨书写
一直以来我都是喜欢自然景观多于人文景观，但是这次厦门给了我很大的惊喜，也许是厦门将自然和人文融合的很好，总之，推荐推荐",130,62,28,https://www.xiaohongshu.com/explore/67a0b112000000002602f752?xsec_token=ABsFvUMxr-j2GeedRc_sHY6VIXmetn_Gd0dpb31qV3UpA=&xsec_source=pc_search&source=web_explore_feed,https://sns-webpic-qc.xhscdn.com/202502281850/a647efbfd7b2f9c4e77fc9d1da1d94d3/1040g2sg31dehhjlf0c7049v889ob27ga80n6nng!nd_dft_wlteh_webp_3,快乐猪大肠,,
写给2-3月份准备去厦门的姐妹👭超全避雷,"厦门去过了才知道，太无语了……说实话！可能说走就走的旅行很酷，但厦门不做攻略不能来！！希望2月打算去厦门的姐妹，能避避雷，记得提前约，早晚温差大，注意保暖！
.
⛅️⛅️天气
二🈷️：12-19℃
👗穿搭建议：长袖，长袖打底，长裙，长裤，配薄外套，以防突然降温，可以备件稍厚的，秋装为主
.
🐸🐸厦门景点预约
💓鼓浪屿：小c序""屿见厦门""进行预约
💓钟鼓索道：小c序“钟鼓索道“预约
💓南普陀寺：gzh""南普陀寺“预约
💓厦门大学：wx""厦门大学访客系统“预约
💓双子塔：wx""世茂云上厦门观光厅“预约
💓园林植物园：gzh""厦门植物园“预约
💓厦门科技馆gzh""厦门科技馆“预约买票
💓胡里山炮台：gzh""厦门胡里山炮台“预约
.
🚌厦门交通
厦门交通还是挺方便的，公交 地铁 BRT，几乎可以到达你想去的地方！！稍远一点到附近再叫个网约车，明明白白的💁🏻
.
🍜恰饭：
来到海滨城市当然要吃海鲜啦！来到某评上很🔥的醉壹号海鲜大排档，在老市区思北路口，特se招牌菜柠檬蟹、有海蛎捞饭、爆炒鸭杂、蛋黄焗龙虾、还有闻名遐迩的醉壹号烤鳗鱼
🍧小吃思北特香包、蛀牙糖水、李菊英豆花、四里沙茶面、佘阿姨花生汤、阿杰五香都不错
.
🚋住宿：住宿一般选在思明区，毕竟景点都集中在该区！中山路 黄厝 曾厝垵 厦大附近都比较方便！湖里区有地铁也行~优先考虑火车站（厦门站）附近
.
🎏行程安排
Day①抵达厦门→鼓浪屿→中山路→八市
Day②南普陀→厦门大学→植物园→钟鼓索道→沙坡尾→双子塔
Day③黄厝沙滩→帆船出海→环岛路→山海步道→盼归塔→曾厝垵
.
✅热门景点
🌟鼓浪屿:蕞美转角，晴天墙各种建筑，巷子，网红打卡小店
🌟沙坡尾:网红打卡店，时尚街拍各种色彩，风格元素，很出片，夜景也很漂亮
🌟环岛路:沙滩，海景，夕阳🌇，晚霞
🌟集美学村:海上地铁🚇嘉庚式建筑群
🌟中山路:街拍，老厦门别墅，街道宽阔
.
⛔️旅游注意事项
⚠️看日出在黄厝，日落白城，别走反
⚠️钟鼓索道排队有人说景区关闭别信
⚠️火车票选厦门站，在岛内离市区近
#春游 #出行攻略 #厦门 #大学生旅游特种兵 #厦门美食 #厦门吃喝玩乐 #深圳周边游 #广州周边游 #假期去哪儿",269,243,3,https://www.xiaohongshu.com/explore/67b8aeb00000000028035fff?xsec_token=AByms7XnCmbp5uzGbQXsk44jNYrT47JvLqVWVTp9xKT-Q=&xsec_source=pc_search&source=web_explore_feed,https://sns-webpic-qc.xhscdn.com/202502281850/4f88b80a212e349ef9f7a90104cdc3d5/1040g00831e61i6l7g85g5pljhl0necqth3r6ogo!nd_dft_wlteh_webp_3,小红红,,
1-3月来厦门耍的姐妹！请收下这份旅游攻略,"▶️正准备计划到厦门的宝贝，记得要先做好功课📝再出发，2-4淡季的厦门人少，体验感好了不少，尤其是天气晴朗的时候，真的很舒服很出片📷。
▶️但是不做攻略，说走就走，真的太容易踩坑了🤦，所以啊，给大家呈上一份攻略，是我去完厦门回来后给总结的！真的不允许你们再踩💣了！
	
.
🏝🏝厦门旅游景点
①鼓浪屿（要预约）：海上花园！没到鼓浪屿等于白来厦门
②厦门大学（要预约）：百年名校，面朝大海，背靠梵音
③钟鼓索道（要预约）：坐缆车俯瞰整个厦门！很适合情侣打卡
④环岛路（不用预约）：傍晚租个单车骑行，海风吹拂，心情舒畅
⑤山海步道林海线（不用预约）：穿山入林，看尽大海和日落
⑥沙坡尾（不用预约）：厦门的文艺街区!地标双子塔
⑦黄厝看日出：初升太阳，海滩都被染成了金色
⑧中山路：国内唯①通向大海的步行街!南洋骑楼建筑
⑨八市：烟火气满满的各种厦门特色小吃和海鲜
⑩海上地铁：体验海上列车宫崎骏动漫的唯美
.
	
🚦🚦关于交通
✔️飞机出行：厦门高崎国际机场一市区
▪️厦门火车/高铁：厦门北站、厦门站
▪️厦门北站：高铁为主在岛外离市区28公里有地铁1号线BTR线打车70r左右拼车50r左右
.
✳️✳️厦门美食
1、渔铺私厨:
某众bi吃榜餐厅，明星袁姗姗也慕名打卡，海鲜新鲜，口味也很棒，性价比超高！鼓浪屿和中山路均有分店！
2、好食来大排档
厦门为数不多的30年老店，获 奖无数。而且天天排队，需要早点去，招牌菜：龙虾焖花菜，海蛎捞饭，芥味螺片。太好吃了yyds
3、鹭江一号海鲜大排档：
三十年厦门海鲜老店，都是新鲜捕捞上来的，现点现杀，明码标价！很多厦门本地吃货都爱来这里吃，味道真的一绝！来厦门不能错过了！！
4、东记鱼粥店
东记鱼粥一家三十多年的厦门老店，这家的海鲜鱼粥非常新鲜，地道本地味，真的爱了爱了。
5、黄玉兰鱼丸：
厦门鱼丸第yi名，纯手工做的老字号鱼丸，方文山也吃过，他家的姜母鸭也很好吃哦。
.
	
📝📝厦门住宿
中山路附近：中心位置，步行街吃喝逛一应俱全。
厦大附近：很多经济实惠的珉宿，靠近南普陀寺。
环岛路：海景真的好看适合骑车。
鼓浪屿：交通受限往返需要坐船。记得提前预约
#厦门大学旅游攻略 #沙波尾美食攻略#白城沙滩美食攻略 #双子塔美食攻略 #海景餐厅 #厦门旅游攻略 #厦门美食 #海鲜餐厅 #环岛路旅游攻略 #环岛路美食",337,370,18,https://www.xiaohongshu.com/explore/67ad6ef0000000002a00eb8e?xsec_token=ABvoYsqKFndENxit8jt5r_UGyIfGRsGaXFpcybldrz0d4=&xsec_source=pc_search&source=web_explore_feed,https://sns-webpic-qc.xhscdn.com/202502281851/9e2f202fdfbd62645e70370b28449528/1040g00831dqst8k6gs605phngfdiu0ohpq4sqag!nd_dft_wlteh_webp_3,北鱼🌈,,
厦门保姆级攻略2-5月想去厦门的姐妹码住‼️,"厦门保姆级攻略2-5月想去厦门的姐妹码住‼️
-
在厦门踩过无数雷后，终于整理出这篇超实用攻略
2-5月来厦门，绿野仙踪般的美景和刺激漂流等你体验，完美旅程一键拿捏
-
🚗交通指南
✈️ 高崎机场：距离市区近，可乘机场大巴、地铁1号线或打车，打车30分钟左右到市区。
🚄 厦门站：在岛内，交通便利，周边公交、地铁多；厦门北站在岛外，乘地铁1号线可到岛内。
-
🏠住宿建议
📍 思明区：景点集中，像曾厝垵、厦大附近，出行、觅食方便；环岛路沿线海景房敲赞，能看决美海景。
📍 湖里区：五缘湾环境优美，适合喜欢安静、亲近自然的宝子；SM城市广场周边构物、交通便利。
-
📅三日游路线
✅Day1：鼓浪屿一日游
提前在“厦门轮渡有限公司”公众号订船票，普通票35元左右往返。上岛后游览万国建筑博览群，感受历史韵味；去菽庄花园，欣赏江南园林之美；登日光岩俯瞰全岛风光。傍晚在海边漫步，看绝美日落。
✅Day2：南普陀寺 - 厦门大学 - 环岛路
上午去南普陀寺，在公主昊予约，感受禅意，品尝素斋；下午到厦门大学西门打卡；接着去沙坡尾，逛文艺小店；傍晚在环岛路骑行或散步，在白城沙滩看日落。
✅Day3：植物园 - 钟鼓索道
早上前往厦门植物园，从西门进，打卡多肉植物区和雨林世界，雨林世界喷雾时间拍照；下午体验钟鼓索道，俯瞰厦门山海美景。
-
🌲厦门美食
🍃1、大洋海鲜城：中山路上的佬字号，央视认证佬店！来厦门真的得来尝尝，海鲜都是门口池子里现捞的，食材新鲜的很！✔️tui荐帝王蟹三吃、招牌黄椒焗瓜子班，这些都是bi点不踩雷的菜品
🍃2、闽南行：这家复古风装修很有年代感，用餐能感受到浓浓的烟火气息，氛围感拉满，他家的海皇豆腐的汤汁拌饭一jue！姜母鸭现场制作，香气十足很入味👍！
#厦门美食 #厦门#曾厝垵美食#曾厝垵 #厦门旅游攻略 #厦门吃喝玩乐 #厦门旅游#景点#本地人做的攻略 #游玩攻略",8,8,评论,https://www.xiaohongshu.com/explore/67bb2c1e000000002602ca7b?xsec_token=ABpIqEzr-y12t7sVl2ojTwxtt5iNO19CAUAnITyabvL-A=&xsec_source=pc_search&source=web_explore_feed,https://sns-webpic-qc.xhscdn.com/202502281851/044f55171984b467f222db831c8f34ec/1040g2sg31e8f9ufah2d05otl8empi5851o3jdio!nd_dft_wlteh_webp_3,😃,,
去了厦门7次，我的建议是……,"听劝💡💡2-3月来厦门的姐妹请🐴住！
厦门会惩罚每一个不认真做攻略的人….去厦门玩真的有很多注意⛔事项！给大家整理了一份攻略！希望能帮大家在厦门玩得开心🥳
🌤️天气与穿搭
厦门全年气候宜人，现在去平均气温在18 - 25℃，一件薄外套+短袖/短裙就搞定，拍照出片又舒适~
#厦门旅游 #厦门攻略 #厦门美食",69,22,1,https://www.xiaohongshu.com/explore/67bffe2f000000002901e646?xsec_token=ABbmTOgt9j5qDYMaIFMFh1pfJBXchr_NRufOszA-fx22k=&xsec_source=pc_search&source=web_explore_feed,https://sns-webpic-qc.xhscdn.com/202502281851/333e0b8fdef4cc7e0ec6b8865560ac80/1040g2sg31ed60l8g0s00413diduc4i0cm9rdct8!nd_dft_wlteh_webp_3,你的福迪妹,,
2-4月先别去厦门❗️旅游避雷全攻略🉑,"宝子们，2-4月打算去厦门旅游的先别急！这篇避雷攻略一锭要看，帮你避开那些容易踩坑的地方，让你的厦门之旅更加完美！
目前温度只有22度左右，晚上只有16度左右，要穿一个外套➕打底➕长裤，而且真的随身携带一把雨伞吧!走着走着就开始下雨..还给大家总结了一些景点的陷阱，分享给大家了，需要的姐妹可以看一眼哦~
-
❗❗厦门一些旅游建议:
1⃣️高铁蕞好选择【厦门站】，因为【厦门北站】位于岛外，还需要乘车去往岛内
2⃣️千万别乘坐机场、高铁出口的黑车，给你推9店、餐厅、旅游餐等，信他们会被坑
3⃣️不要和沙滩或者任何景区穿着奇怪卡通衣服的人合影!拍完就会找你要💰了
4⃣️不要买景区的银饰假的多,买纪念品记得等到晚上有些推车出来的比较便yi
5⃣️像厦门大学、鼓浪屿船票、园林植物园、南普陀寺、厦门科技馆这些景点蕞好提前预y哦
6⃣️不要在景区买特产太贵，直接去超市，有的还可以直接bao邮到家
7⃣️厦门的天气太多变啦，要带上一把睛雨
8⃣️在环岛路沿海租车骑行蕞美海岸线!要货比三家，后面的有更便宜的等着你
9⃣️可以去黄厝看日出，白城看日落不要跑错啦
🔟不要去猫街、海底世界玩,真的没啥看头
1⃣️1⃣️不要开珍珠啊，xing价比不高，做成饰品的话更坑
1⃣️2⃣️去鼓浪屿坐船选择东渡客运码头,班次多,船🎫35r居多，包往返。
1⃣️3⃣️想吃厦门当地美食的老店可以去一些本地人觉得不错的美食：
想吃海鲜的话🦐思北路口醉壹号海鲜·老厦门特se菜，实惠和正宗，天天排队也要吃，厦门本地居民聚餐shou选，特se招牌菜有海蛎捞饭、柠檬蟹、麻炒田ji、蛋黄焗龙虾、还有闻名遐迩的醉壹号烤鳗鱼。
想吃小吃的话，四里沙茶面、佘阿姨花生汤、思北特香包、丹香蛋糕店、蛀牙糖水、李菊英豆花、阿杰五香，这几家都是不错的小吃店
1⃣️4⃣️住宿的话可以选择在思明区,中山路、环岛路、曾厝垵都是可以的，离热门景点、交通都方便。
1⃣️5⃣️别买花茶！！免fei品尝，按g算，一点点都要好几百。真的贵，不值得
#厦门旅游   #厦门攻略   #厦门美食   #厦门打卡   #厦门点   #厦门 #避坑指南   #旅游不踩坑   #出行攻略",1,5,评论,https://www.xiaohongshu.com/explore/67bf26460000000029033e96?xsec_token=ABbmTOgt9j5qDYMaIFMFh1pbahgYuAyz6q2OSLQVG6uQE=&xsec_source=pc_search&source=web_explore_feed,https://sns-webpic-qc.xhscdn.com/202502281851/5e6f901231d632c6fcfd799c4513d004/1040g00831ecblah7h6605psctdcjjlif80egdo8!nd_dft_wlteh_webp_3,兔兔aim,,
厦门旅游已回😭却是7-9🈷️厦门现状,"说实话！可能说走就走的旅行很酷，但厦门不做攻略千万不能来！！每一个景点都有意想不到的雷点😭😭整理了一些建议，希望7-9🈷️月准备去厦门的姐妹，能避避雷 💣，还有，一定要记得提前预约！！祝玩的开心～
-
🚘交通指南：
✈机场：厦门高崎国际机场（岛内）
🚄高铁站：厦门站（岛内），离各个景点都很近
厦门北站（岛外），到集美区可在此站下车
🚌公交：刷码乘车哦（提前申请好乘车码）
.
👇我的一些小总结:
1⃣ 日出看黄厝沙滩，日落看白城沙滩
2⃣ 厦门好美，建议慢节奏的用心去体验，打卡式旅行不太建议
3⃣ 鼓浪屿：真的应了那句话，不去的都想去，去了的都后悔。所以没去过的建议自己去体验吧！记得提前预约哦！蕞低的是35r/人来回。建议提前去现场排队！
4⃣ 其他景点：沙坡尾，曾厝垵，中山路步行街，集美村全部都是小吃街
5⃣ 住宿可选曾厝垵和中山路。当然有条件的可以去鼓浪屿住一晚
.
🥐买海鲜小tips
1.买海鲜上称把袋子底部撕开小口让袋子里的水流出
2.买海鲜要十分注意出现店家掉包海鲜的情况
3.吃海鲜时蕞好不喝啤酒会引起痛风和结石
4.不宰客的饭店门口会停很多本地牌的小车，很多本地人吃饭的这种就是不宰人的
5.买海鲜多问几家对比一下价格
.
✅我的路线：
📍Day1：抵达厦门→接送入住酒店→自由行活动
📍Day2：集美学村→南靖士楼→云水谣→和贵楼→怀远楼
📍Day3：南普陀寺→环岛路→曾厝垵
📍Day4：万国建筑楼→港仔后沙滩
📍Day5：赶海→帆船出海→返程回家
～
#厦门 #厦门旅游 #厦门旅游攻略 #厦门旅行 #厦门吃喝玩乐 #厦门鼓浪屿 #鼓浪屿 #鼓浪屿攻略 #厦门美食 #海鲜 #暑假 #假期去哪玩 #暑假亲子游",1828,2840,31,https://www.xiaohongshu.com/explore/6677d2bb000000001c0240ff?xsec_token=ABmABjhVTUe4JF3R_BCKgeCotStYm_UeoWtH0UTrono_s=&xsec_source=pc_search&source=web_explore_feed,https://sns-webpic-qc.xhscdn.com/202502281851/3e3090bb993d139ae12539845e3af374/1040g008314cmmved6g005phogkg0uagme0heflo!nd_dft_wlteh_webp_3,Nana的旅行日记,,
拜托!🙏🏻2-3月去厦门旅游的姐妹，听劝,"厦门去过了才知道，太无语了……说实话！可能说走就走的旅行很酷，但厦门不做攻略不能来！！希望2/3月打算去厦门的姐妹，能避避雷，记得提前约，早晚温差大，注意保暖！
.
⛅️⛅️天气
二🈷️：12-19℃
👗穿搭建议：长袖，长袖打底，长裙，长裤，配薄外套，以防突然降温，可以备件稍厚的，秋装为主
.
🐸🐸厦门景点预约
💓鼓浪屿：小c序""屿见厦门""进行预约
💓钟鼓索道：小c序“钟鼓索道“预约
💓南普陀寺：gzh""南普陀寺“预约
💓厦门大学：wx""厦门大学访客系统“预约
💓双子塔：wx""世茂云上厦门观光厅“预约
💓园林植物园：gzh""厦门植物园“预约
💓厦门科技馆gzh""厦门科技馆“预约买票
💓胡里山炮台：gzh""厦门胡里山炮台“预约
.
🚌厦门交通
厦门交通还是挺方便的，公交 地铁 BRT，几乎可以到达你想去的地方！！稍远一点到附近再叫个网约车，明明白白的💁🏻
.
🍜厦门旅游恰饭：
来到海滨城市当然要吃海鲜啦！某评上很🔥的醉壹号海鲜大排档，在老市区思北路口，特se招牌菜柠檬蟹、有海蛎捞饭、爆炒鸭杂、蛋黄焗龙虾、还有闻名遐迩的醉壹号烤鳗鱼
🍧小吃思北特香包、蛀牙糖水、李菊英豆花、四里沙茶面、佘阿姨花生汤、阿杰五香都👍🏻
.
🚋住宿：住宿一般选在思明区，毕竟景点都集中在该区！中山路 黄厝 曾厝垵 厦大附近都比较方便！湖里区有地铁也行~优先考虑火车站（厦门站）附近
.
🎏行程安排
Day①抵达厦门→鼓浪屿→中山路→八市
Day②南普陀→厦门大学→植物园→钟鼓索道→沙坡尾→双子塔
Day③黄厝沙滩→帆船出海→环岛路→山海步道→盼归塔→曾厝垵
.
✅热门景点
🌟鼓浪屿:蕞美转角，晴天墙各种建筑，巷子，网红打卡小店
🌟沙坡尾:网红打卡店，时尚街拍各种色彩，风格元素，很出片，夜景也很漂亮
🌟环岛路:沙滩，海景，夕阳🌇，晚霞
🌟集美学村:海上地铁🚇嘉庚式建筑群
🌟中山路:街拍，老厦门别墅，街道宽阔
.
⛔️旅游注意事项
⚠️看日出在黄厝，日落白城，别走反
⚠️钟鼓索道排队有人说景区关闭别信
⚠️火车票选厦门站，在岛内离市区近
#厦门旅游     #厦门吃喝玩乐     #厦门攻略     #鼓浪屿   #广州周边游     #深圳周边游       #厦门旅游攻略     #旅游不踩坑     #本地人做的攻略#鼓浪屿",10,6,评论,https://www.xiaohongshu.com/explore/67bb3d85000000001201e409?xsec_token=ABpIqEzr-y12t7sVl2ojTwxhnQSlzdGB6ziqWvuTxrE7c=&xsec_source=pc_search&source=web_explore_feed,https://sns-webpic-qc.xhscdn.com/202502281851/095928f8810f4a118e898e403475dc1c/1040g00831e8hg4k1gs605pkfdt5gubv5fepv488!nd_dft_wlteh_webp_3,小鱼儿,,
厦门会惩罚每个不预约的人❗附保姆级攻略,"厦门真的不适合说走就走🙅🏻‍♀️！真要做好攻略📒！不然你就会像我一样，所有该踩的坑🕳️，都踩一次，真的印象深刻呀。但u1s1，厦门还是一个很值得去的城市，所以只要做好攻略就ok啦✅。给大家总结一下我的经验吧
.
⚠️关于预约
这个部分一定要做好功课，很多景点需要提前约的，寒假春节都是旅游旺季！提前预约鼓浪屿船票、厦大、钟鼓索道，这几个都比较热门。
.
🌡️关于穿着
1-2月的厦门气温平均10-20°，早晚温差大，白天太阳晒着挺暖和的，穿秋衣和单件毛衣，晚上要穿厚点的外套。海边风大建议带帽子。出行前还是要留意一下天气预报，看看有没有冷空气，这一点很重要！
.
🏠住宿避雷
✔️建议住思明区，景点都在这边，选离地铁口近的就好，比较方便
❌曾厝垵、黄厝：民宿多虽然不贵，但隔音差卫生一般！一定多看差评
.
🤔️一些小tips
1⃣️热心的士司机的话真的不能听不能信！！谁信谁倒霉。信了就妥妥踩坑！介绍你去什么景点，不要去，介绍你去什么吃海鲜也不要去！！
.
2⃣️不要和沙滩或者任何景区穿着奇怪卡通衣服的人合影！拍完就会找你要钱了。给你塞鲜花的也别搭理，一样套路
.
3⃣️别买豪华船票，和35的普通票没啥区别！去鼓浪屿的话至少提前30分钟到达码头，千万不要迟到！
.
4⃣️想要看日出的姐妹们建议去黄厝沙滩，会很震撼🌅白城沙滩是看日落的，不要跑错啦。盼归塔和演武大桥观景台，也是看日落的好地方
.
5⃣️曾厝安不要去，小吃的都是全国一样的那种，没什么特色。一般建议去八市那边，是厦门本地人常去的市集，很多特色小吃都藏那里，比如﹝豪香里脊肉串﹞﹝杨小贤﹞﹝芋包王﹞﹝朱记手撕鸡〕﹝莲欢海蛎煎﹞都挺ok的，开了蛮久了，味道都是本地人认可的
.
6⃣️不要以为厦门沿海海鲜就便宜！！海鲜随便吃人均几百是很正常的！！点单前一定要问清楚 大海鲜不要乱点…现在管控还是很到位的 不太容易被坑
#厦门旅游攻略 #厦门小吃  #厦门美食 #厦门旅游 #鼓浪屿 #厦门攻略 #不为打卡的旅行 #广州周边游 #深圳周边游 #泉州周边游 #反向旅行出门溜溜 #新年旅行第一站",2149,2793,17,https://www.xiaohongshu.com/explore/678a1727000000001802c0f0?xsec_token=AB-okGla_ApI7SC6LPDESYYXu4OjFJuiXHhoPRmG1W1eQ=&xsec_source=pc_search&source=web_explore_feed,https://sns-webpic-qc.xhscdn.com/202502281851/c9a746a6545bfec4891e5012b46be972/1040g00831cohi5l70u0048upra565vf72qqrn50!nd_dft_wlteh_webp_3,吞噗小能手,,
3-5月先别去厦门❗️旅游避雷全攻略🉑,"宝子们，3-5月打算去厦门旅游的先别急！这篇避雷攻略一定要看，帮你避开那些容易踩坑的地方，让你的厦门之旅更加完美！
.
‼️出行注意：
提前规划好交通方式，预订机票、车票和酒店。鼓浪屿等热门景点需提前预约船票和门票，避免耽误行程
.
✳️✳️厦门景点分析
鼓浪屿：船票35r（文艺小清新的小岛）
园林植物园：30r（数千种热带雨林植物，雨林喷雾）
黄厝沙滩：免费（聂适合看日出、海滩也很干净）4
山海健康步道：免费（有着厦门""小瑞士""之称）
集美学村：免费（建筑融中西风格于一体，具有观赏性）
环岛路：免费（租车骑行蕞美沿海线，别有一番浪漫）
厦门大学：免费（需预月，中国蕞美大学校园之一）
钟鼓索道：往返80元r（厦门仅有的空中动态观景）
园博苑落羽杉：免费（12-1月观赏落羽杉，太美了）
厦门科技馆：140元r（先进的综合性科技馆，合适亲子游，周一闭馆）
方特梦幻王国：299r（不输迪士尼，晚上还有烟花，赞）
中山路：免费（晚上骑楼拍照很出片）
📍红福珍珠批发（中山路290号）想买珍珠的话，真的很推荐去这家连锁店，珍珠品质好，一件也是批发价🉐，做工精细，拿到珠宝鉴定中心能出鉴定证书🉑冲。PS：认准专业品牌店铺～靠谱省心
.
	
✨✨厦门好吃的美食：
1、金家港海鲜大排档:
某众必吃榜餐厅，位于中山路步行街里，景区里唯一不踩雷的海鲜大排档，本地人游客统一一个价，特推龙虾两吃，椒盐皮皮虾!
2、渔铺私厨:
某众bi吃榜餐厅，明星袁姗姗也慕名打卡，海鲜新鲜，口味也很棒，性价比超高！鼓浪屿和中山路均有分店！
2、一哥高压锅生蚝🦪（曾厝垵）：
这趟旅游吃了两次的店，回去前特地再去一次，怕回去就再吃不到这么肥美又实惠的生蚝了，真的是很赞，宝藏店铺可以放心冲
4、大中沙茶面：
这家沙茶面的年龄悠久，听说1991年开到现在，汤头浓郁古早味，吴宗宪来厦必须要来一碗的沙茶面!
5、吴红英海鲜砂锅粥：
无意间发现的一家宝藏小店，菜品新鲜，来厦门bi需打卡尝一尝，特别推荐鲍鱼鲜虾粥，既暖心又养胃！
.
🍀🍀行前准备
厦门近几个月平均气温15℃-20℃，但早晚温差大，需备轻薄羽绒服、毛衣、保暖内衣等保暖衣物，同时携带围巾、帽子、手套等防风物品.
#厦门大学旅游攻略 #沙波尾美食攻略#白城沙滩美食攻略 #双子塔美食攻略#海景餐厅 #厦门旅游攻略 #厦门美食 #海鲜餐厅 #环岛路旅游攻略 #环岛路美食",1,4,评论,https://www.xiaohongshu.com/explore/67c02cc90000000009039a86?xsec_token=ABvBv43RBC_8Rd1DLWPauI7zsvTYiUUoJ5jv99atpPyKA=&xsec_source=pc_search&source=web_explore_feed,https://sns-webpic-qc.xhscdn.com/202502281851/c0147470f430121162d993e023edc804/1040g2sg31edbmnvm0ugg5oodfvl4hilnbek66g8!nd_dft_wlteh_webp_3,系尾牙o(^o^)o,,
📍2.13厦门已回...对天气无语了（live实,"听劝呀姐妹们，来厦门之前一锭要做攻略。不然真的容易踩坑，刚从厦门回来的我，把自己的经历总结了一下，给大家避避雷👇
.
☁️天气
2-3月气温：13-21°C左右
穿搭建议：早晚温差大，建议带一件保暖外套或轻薄羽绒。其余的，建议以秋装为主就好，一般出门都是薄打底+外套，海边🌊风大，注意保暖
.
⚠️游玩避雷
1⃣️在厦门不要轻信任何热心人给你的建议，包括打车司机🚕以及景点外面的人，告诉你去哪去哪更好！都是坑
2⃣️鼓浪屿、中山路那边别买花茶🌹，一点店就要三位数，而且回家泡跟店里尝的味道不一样，真的要听劝！有不少姐妹中招的
3⃣️不要和沙滩或者任何景区穿着奇怪卡通衣服的人合影！拍完就会找你要💰了。给你塞鲜花的也别搭理，一样套路
4⃣️钟鼓索道坐缆车，一锭注意保暖！！缆车没玻璃的，真的冷🥶啊！羽绒/冲锋衣都可以安排上！
5⃣️鼓浪屿别买豪华船票❌普通票35r，和普通票没啥区别！只要提前预约，都会有35的，如果是旺季，35的没有的，也就只能买豪华票了，所以提前预约准没错
.
🏠住宿避雷
✔️建议住在思明区，大部分景点都集中在这边，出行非常方便。
✔️或者选择地铁站🚇附近，出行方便，避免了堵车的烦恼
❌曾厝垵、黄厝：民宿多虽然不贵，但隔音差卫生一般！一腚锭多看差平
.
🚌交通避雷
❌建议少打出租车，尽量使用网约车，费用透明且方便
✔️鼓浪屿上船选东渡码头更方便
✔️火车票尽量选厦门站，在岛内！厦门北站在岛外
✔️厦门不大，公交基本直达，稍远点打车10来块~
✔️BRT：行驶在空中的地铁！专门轨道不堵车，比打车强
✔️29路公交🉑沿环岛路看厦门
.
😋恰饭建议
来厦门一趟，不得不尝尝这边的海鲜🦞。思北路口的「醉壹号」尊嘟蛮不错的，食材很新鲜，醉壹号烤鳗鱼bi点，柠檬蟹、有海蛎捞饭，蛋黄焗龙虾，这一家也是很多本地人都爱去的，真的很ok
小吃，阿杰五香，四里沙茶面🍵，蛀牙糖水🍧，思北特香包🍞这几家都是开了好几年的老店！值得品尝
.
🏞三天两夜版路线：
Day1：抵达厦门北站➡中山路➡植物园➡钟鼓索道➡沙坡尾
Day2：鼓浪屿➡日光岩➡菽庄花园➡风琴博物馆➡大德记浴场➡八市
Day3：海上列车➡集美学村➡集美大社➡厦门北
.
#本地人做的攻略 #旅游不踩坑 #厦门 #厦门探店 #厦门旅游攻略 #广州周边游 #反向旅行出门溜溜 #灵感笔记 #薯队长",10,23,评论,https://www.xiaohongshu.com/explore/67ae12ea000000001701e625?xsec_token=ABLgChoe2R5sQJ1bbRMSTo7cMdc7uotJC4aLiOTgKESXA=&xsec_source=pc_search&source=web_explore_feed,https://sns-webpic-qc.xhscdn.com/202502281851/29badc6bcbacd62a1993def7f7b0e348/1040g2sg31drm1n0mgmcg5pl4urene8f8pqv2730!nd_dft_wlteh_webp_3,林婉柔的旅行日记💓,,
J人好恐怖…朋友做的国庆✈️厦门攻略震撼到我,"J人朋友做的详细版厦门旅游攻略，分享给来厦门懒得做攻略的姐妹们，国庆出游直接按着这个路线走！！！
	
#国庆划得来逛吃指南 #厦门吃喝玩乐 #厦门 #周末去哪儿 #厦门旅游 #厦门旅游攻略 #厦门美食 #厦门旅行 #我是国庆知食分子 #一口吃下一个秋天",830,1021,20,https://www.xiaohongshu.com/explore/66faa1eb000000002a034b89?xsec_token=ABmlelfWoCbzblZ0fDMSvLKmwcfu_5Iryuvl6nGuTGLTQ=&xsec_source=pc_search&source=web_explore_feed,https://sns-webpic-qc.xhscdn.com/202502281851/0d54d3bf2e3b2967e254c95d05147c0d/1040g008318ceg9l33q0049vmn896fjthukob0p0!nd_dft_wlteh_webp_3,小辣吃饱了.,,
刚从厦门回来，说些真实感受，此为吐槽贴,"#厦门 #厦门吃喝玩乐
	
1.厦门禁止电动车
但租电动车时不会有人跟你说，交警逮住直接罚款，甚至可能会电动车直接扣留需要你去领离了大谱，不去禁止电动车租车，而去罚游客的钱也是没想到，厦门你是两头赚啊
再有，游客很多不知情，为什么没有看视频，警告等，而是上来直接拖车，罚款，本来待几天而已，弄的体验感非常不好
2.曾厝垵的葛根酥别买
现场吃的很好吃，脆脆的。但是买回来的袋装的咬都咬不动
3.两套菜单
鼓浪屿吃了一顿中饭，外面标的10元一份土豆丝，进店15，问为什么外面10元，答：外面是小份。
	
4.基本吃的都一般吧
各种店，菜单几乎一样，感觉就是复制粘贴，高分低分没什么区别，对于爱吃辣的估计要失望了，适合清淡人士，要去的各位小伙伴们就随便选把，因为连烤鱿鱼都不好吃
去过威海，去过北海，来过厦门，这三个城市，唯一想吐槽的就是厦门，曾厝垵的环卫工人每隔段时间就在清理垃圾，路上都是执勤交警，很多人为了这座城市美好而努力，但它作为旅游城市，本可以更好
厦门，拜拜咯
#厦门 #厦门吃喝玩乐 #厦门旅游",285,163,347,https://www.xiaohongshu.com/explore/67034e5f000000001902e8c0?xsec_token=ABAIthen2urzbI1WRTp7iuBG-vWlmSbkkR3nVyutiChUY=&xsec_source=pc_search&source=web_explore_feed,https://sns-webpic-qc.xhscdn.com/202502281851/1da91570443502ecdcdeb834b91b3455/1040g2sg318ktcd4ijk6049vbs378nm12vbvs760!nd_dft_wgth_webp_3,鱼鱼塘,,
厦门刚发布的旅游通知！！幸好提前看到了,"打算2-4月份来厦门旅游的家人们，快来看!!
一份蕞新的厦门旅游攻略已送达！需要的姐妹们赶紧拿码住‼️希望能帮助到大家!!🥰🥰
.
	
▶️▶️行前准备
▪️提前规划好交通方式，预订机票、车票和9️⃣店，如选择公共交通，可下zai厦门本地交通APP，查询实时公交、地铁信息.
▪️2-4月份厦门天气多变，多雨且紫外线仍较强，需携带雨具和防晒用品，如折叠伞、雨衣、防晒霜、太阳镜、太阳帽等.
.
	
➡️➡️交通攻略
🚦厦门高崎机场
①空港快车乘坐：票价15-20元／人
②打车或出租车：约40元左右到市区
③地铁：地铁1号线可以直达市区。
🚦高铁
有厦门站和厦门北站，建议选厦门站，在岛内，直接抵达景点，且住宿交通方便
.
	
➡️➡️厦门住宿攻略
🔺鼓浪屿：时间和预算充足可以住一晚鼓浪屿民宿，非常惬意，旺季需提前预定
🔺中山路：市中心位置，步行街吃喝逛一应俱全，交通方便
🔺曾厝安：民宿多，价格相对酒店优惠，交通也便利
🔺珍珠湾：想远离城市的喧器，感受海边的海风、日出、晚霞，建议住珍珠湾附近，早晚可以在海边走走
🔺环岛路：豪华型度假9️⃣店，窗外就是海景能在海边骑行，小贵
.
	
▶️▶️厦门美食
1.OCEAN2015 一席海鲜（落日海景店）
2.鲜宴·福建私房菜（海景店）
3.观日闽南早茶/下午茶（海景店）
4.渔铺厦门菜（双子塔地标店）
5.探吉闽南菜（双子塔老字号店）
.
	
🤩🤩日出日落看这里
✅看日出：黄厝沙滩
✅海上日落：途纪落日航线
✅看日落：白城沙滩、钟鼓索道
✅海上地铁：高崎站集美学村1号线
#厦门大学旅游攻略 #沙波尾美食攻略#白城沙滩美食攻略 #双子塔美食攻略 #海景餐厅 #厦门旅游攻略 #厦门美食 #海鲜餐厅 #环岛路旅游攻略 #环岛路美食",16,29,评论,https://www.xiaohongshu.com/explore/67b6c232000000001201fa6b?xsec_token=ABxLz7581aBxbNPwVtPktCe6TqYeageAiv8QDW9CrVim0=&xsec_source=pc_search&source=web_explore_feed,https://sns-webpic-qc.xhscdn.com/202502281852/af3c6dde9ba6dcbe82d72d6baa2ae6e7/1040g00831e41p2vggu505phngfdiu0oh9ur7d98!nd_dft_wlteh_webp_3,立夏,,
三月份千万别去厦门当大冤种！,如果你一定要来，天气多少？带什么衣服？路线以及注意事项一定要做好攻略#厦门旅游 #避坑指南 #厦门旅游攻略,点赞,2,评论,https://www.xiaohongshu.com/explore/67c09a0e000000002901811b?xsec_token=ABvBv43RBC_8Rd1DLWPauI77f-1gg4iqgC-WSOzacuPqY=&xsec_source=pc_search&source=web_explore_feed,,厦门莹莹,,
厦门会惩罚每个不提前预约的懒人……😭,"想来厦门的姐妹先不要着急🙏🏻厦门比想象中的好玩多了！！前提是要做好攻略哦～出发前赶紧看看😊别再当大冤种啦
.
天气穿搭⛅️
2月厦门气温平均15-20°，秋装搭外套，热了可以脱，也要备好保暖的衣服，可以带点轻薄羽绒。早晚温差大，海边也风大
.
📥厦门景点预约
🔸鼓浪屿:小c序“屿见厦门”
🔸钟鼓索道:小c序“钟鼓索道”
🔸南普陀寺:gzh“南普陀寺”
🔸厦门大学:wx“厦门大学访客系统”
🔸厦门双子塔: wx“世茂云上厦门观光厅”
🔸园林植物园: gzh“厦门植物园”
🔸厦门科技馆: gzh“厦门科技馆”
🔸胡里山炮台: gzh“厦门胡里山炮台”
.
🥲鼓浪屿上岛须知‼️
1️⃣上岛的话可以从东渡客运码头、第码头出发，夏鼓码头等待的航线时间比第码头少
2️⃣船票包含往返
3️⃣可以提前分钟左右到码头，有时船会提前开
4️⃣回程随到随走，点后要到三丘田码头
•
厦门美食✨
厦门的美食真的很多呀，喜欢海鲜的宝子们，（醉'壹'号海鲜大排档）记得那天吃了爆炒鱿鱼🦑，真的爱了，口感筋道爽脆，很新鲜。然后还有烤鳗鱼，第1⃣️次吃这种做法的鳗鱼，外焦里嫩，蘸料很清爽酸甜。大排档的标准环境街边风，感觉真的很接地气。这一顿还是蛮不错的
当地好吃的小吃也蛮多的，比如像四里沙茶面余阿姨花生汤厦门芋包四果汤等等
·
🗺️厦门三日游行程
🚘Day1：钟鼓索道→植物园→ 南普陀寺→ 厦门大学（思明校区）→ 白城沙滩→ 沙坡尾→ 中山路
🚘Day2：三丘田码头→ 蕞美转角→ 龙头路小吃街→日光岩→ 皓月园→ 港仔后海滨沙滩→ 内厝澳码头
🚘Day3：椰风寨沙滩→ 黄厝沙滩→ 玩月坡→ 海韵台→ 音乐广场→ 曾厝垵→ 珍珠湾沙滩
.
✅✅厦门防坑
⚠️不要在鼓浪屿买东西，岛上贵
⚠️不要报低价的一日游，大多数都要买东西，一天下来又累又无聊
⚠️不要信出租车师傅推的景点，还是自己做攻略
⚠️打车去景点景区不要自己开车，节假日堵又没地方停车还很贵，建议地铁公交切换
⚠️去鼓浪屿一锭要提前预定船票，临时去买会贵很多
#厦门美食   #本地人做的攻略   #厦门小吃   #厦门旅游   #攻略   #厦门小吃   #厦门   #厦门旅游攻略   #厦门吃喝玩乐
#厦门   #厦门旅行      #厦门旅游攻略   #先出发再说   #出发就是最好的计划   #不为打卡的旅行",2077,2186,54,https://www.xiaohongshu.com/explore/67a4d899000000001701de60?xsec_token=ABEqeWlwUEEWjp88LtHAsHxLcuvG9KEPKQ9E7N3EOnpXw=&xsec_source=pc_search&source=web_explore_feed,https://sns-webpic-qc.xhscdn.com/202502281852/6573f91a2f9399f07dbe949c42940e4c/1040g00831dills2kgs6g5pkqer4942jgo0ohs6o!nd_dft_wlteh_webp_3,粉红色小猪猪,,
刚从厦门回来知道的27件事㊙️快来抄作业,"这两年厦门旅游真的太火爆了🔥有些小伙伴可能都去过四 五次了，但还有些朋友还没去过！今天这篇攻略就是给还没去过的小伙伴们准备的💯包含防坑避雷建议、厦门交通、玩法、住宿等方方面面，也非常欢迎去过的小伙伴留下自己的旅游心得👇🏻👇🏻👇🏻
-
图片内容导航👉
图1️⃣-图3：厦门旅游27个小建议
图4️⃣：天气以及景点预约
图5️⃣：厦门10个景点
图6️⃣：厦门旅游交通攻略
图7️⃣：厦门旅游住宿攻略
图8️⃣：厦门旅游美食攻略
-
✅行前须知
1️⃣、身份证随身携带，厦门有些场所安检也较严格。
2️⃣、建议提前半个月左右订机票，多关注机票打折情况，能买到特价机票是最好的。
3️⃣、厦门夏季较炎热，紫外线强，出发前要做好防晒准备，冬季气温相对温和，但海风较大，也需注意保暖。
.
✅行前准备
🎈证件类：身份证、学生证、驾驶证、银行卡、现金等
🎈电子类：充电器、充电宝、相机、耳机、自拍杆等
🎈护肤品：补水用品、防晒霜、洗面奶、洗漱用品等
🎈衣物：夏季轻薄透气的衣物、防晒衣、遮阳帽、太阳镜；冬季可带毛衣、厚外套等（出发前查询天气、根据情况带衣物）
其他用品：口罩、保温杯、雨伞、U型枕、小风扇、肠胃药、晕车贴等
-
💯厦门4天3晚路线攻略✨
💞𝑫𝒂𝒚❶ 出发地抵达厦门 24小时全天候专车接送至酒店办理入住🏨
💞𝑫𝒂𝒚❷ 南普陀寺→鼓浪屿→菽庄花园→港仔后沙滩
💞𝑫𝒂𝒚❸ 环岛路→曾厝垵→集美学村
💞𝑫𝒂𝒚❹ 赶海→帆船出海→结束愉快的旅行带着美好的回忆回家🥰
.
厦门5天4晚路线攻略✨
💞𝑫𝒂𝒚❶ 出发地抵达厦门 24小时全天候专车接送至酒店办理入住🏨
💞𝑫𝒂𝒚❷ 集美学村→南靖土楼→云水谣古镇
💞𝑫𝒂𝒚❸ 南普陀寺→环岛路→ 厦门大学外观→曾厝垵
💞𝑫𝒂𝒚❹ 海上花园鼓浪屿→自由活动🚶
💞𝑫𝒂𝒚❺ 帆船出海→根据返程时间安排送站✈机→返回温馨的家🏠
.
⚠️⚠️⚠️厦门旅游比较省心、省钱的方式就是报个靠谱的纯玩团，门票、交通、住宿都能帮你解决。‼️小tips:第一次来不知道怎么玩的宝宝 建议报个靠谱的当地团 像上面的行程全程自由 有接送车辆 十分方便 省心省钱 尽情玩 精华景点都玩到
	
#厦门旅游攻略 #厦门旅行攻略 #厦门美食 #厦门旅游 #厦门攻略 #鼓浪屿 #厦门旅游避雷 #鼓浪屿攻略 #厦门旅行",42,37,15,https://www.xiaohongshu.com/explore/67b9896400000000290110fa?xsec_token=AB3R2bfnTm5tcyNoKuEe1u-0HC54cqeqK802gM6245i7o=&xsec_source=pc_search&source=web_explore_feed,https://sns-webpic-qc.xhscdn.com/202502281852/6869a776628019b18683c72a951c83e0/1040g2sg31e6s8frr16dg5om2m30mt7cn3ibjr80!nd_dft_wlteh_webp_3,厦门旅游攻略,,
去厦门做好攻略🆚不做攻略😭,"去了厦门3次后熬夜总结出来的厦门旅游攻略，希望要去的姐妹看了不踩坑！
.
👗关于穿衣建议
2-3月气温：13-21°C左右。早晚温差大，耐寒的宝宝：薄长袖搭外套，怕冷的宝宝：卫衣搭夹克外套。早晚海边搭厚外套，海边会比市区体感更低 海风也更大，要注意保暖。【秋装为主，备上一两件保暖外套】
.
🌟注意事项：
1⃣️ 不要相信任何热心的路人or司机
2⃣️ 鼓浪屿：还没去过的姐妹们，可以去体验一下，但记得提前预约，船票35搞定，早点去排队不然人多！
3⃣️ 植物园雨林区可以拍仙气飘飘的照片，注意雨林喷雾时间
4⃣️ 关于住宿：住在中山路、厦大、厦门站附近，或者地铁站附近，交通便利
.
🚗关于交通：
1⃣️ 机场大巴：20块，直达市区，省心省力！ 地铁也可以
2⃣️ 地铁：可以直接刷码上车，方便到飞起
3⃣️ 轮渡：船票提前三天以上在【厦门邮轮中心】预约，在东渡客运码头上船，直接到景点附近的三丘田码头，回来不用买票，刷身份证就OK
.
🍽️关于美食
想要品尝闽南风味的小吃可以去八市和中山路那一边，有很多开了很久的老店，
想吃小吃的话，思北特香包、李菊英豆花、四里沙茶面、佘阿姨花生汤、阿杰五香，这几家都是不错的小吃店
想吃海鲜的话🦐思北路口醉壹号海鲜大排档·老厦门特se菜，实惠和正宗，天天排队也要吃，某评上热搜，特se招牌菜有海蛎捞饭、柠檬蟹、麻炒田ji、蛋黄焗龙虾、还有闻名遐迩的醉壹号烤鳗鱼🐟
.
🏖️打卡景点：
❤️钟鼓索道：日落🌄时分坐缆车，40分钟体验厦门的山海之景，超浪漫的
❤️鼓浪屿：岛上逛个三四小时，海风迎面吹，做一回岛民真的太惬意啦
❤️沙坡尾:很多电视剧的取景地，小店铺很有特色，拍照很出片
❤️厦门植物园：多肉仙人掌园和热带雨林真的美！拍照超有feel
❤️演武桥：隐藏的超美日落地，人少景美，打卡拍照满分！
#厦门旅游     #厦门小吃      #厦门攻略     #鼓浪屿     #广州周边游     #深圳周边游     #厦门旅游攻略     #2024旅行结算     #后劲很大的旅行地      #福州周边游     #反向旅行出门溜溜    #厦门美食      #厦门三日游     #厦门吃喝玩乐",7,4,评论,https://www.xiaohongshu.com/explore/67b89816000000002901d8b9?xsec_token=AByms7XnCmbp5uzGbQXsk44gM207NJkZmKd84jl1QpdLQ=&xsec_source=pc_search&source=web_explore_feed,https://sns-webpic-qc.xhscdn.com/202502281852/92e28a00f06068cd03b9010f0b07bde9/notes_pre_post/1040g3k031e5uotu4gs005ngg15d08r07n7v1bs8!nd_dft_wlteh_webp_3,再吃一颗苹果🍎,,
去厦门旅游⚠️这些景点打卡真的要听劝‼️,"厦门刚耍回来，真的崩溃了😭
熬夜总结的避雷❌教训！
2-3月去的姐妹一锭要避雷！
-
⚠️厦门旅游注意事项
❌千万不要相信司机说的话，带你去很多地方很多坑
❌曾厝垵大多都是网红小吃，全国哪里都-样
❌别买花茶!也免费品尝，按g算,一点点好几百
❌去植物园鼓浪屿-定要带花露水!防虫很重要!
-
🏖️三天两晚路线参考
Day1:中山路—厦门植物园—钟鼓索道—沙坡尾—演武大桥
Day2:黄厝沙滩—鼓浪屿—菽庄花园—皓月园—管风琴博物馆—八市
Day3:清水宫—集美学村—集美大社—嘉庚公园—南薰群楼—厦门北
-
🏠住宿避雷
✔️建议住在思明区，大部分景点都集中在这边，出行更为方便
✔️或者选择地铁站附近，出行方便，避免了堵车的烦恼
❌曾厝垵、黄厝，民宿多虽然不贵，但隔音差卫生一般！一定多看差评
-
⭕厦门美食
☺️☺️关于厦门美食
来到海滨城市当然要吃海鲜啦！
🔥🔥🔥「鹭江一号海鲜大排档」大zhong点评热门榜的商户，海鲜品种多，招牌豆豉蒸鳗鱼、避风塘炒蟹味道是真的好！
想吃厦门小吃的姐妹们，可以去一趟八市和中山路这边，这里藏着很多厦门独有的古早味，许多开了很久的店，像「阿杰五香」「思北特香包」「惠源面包」「杨小贤芒果冰」「吴红英海鲜砂锅粥」「姜太公鱼丸」「张记闽南麻糍冰淇淋」「大中沙茶面」「朱记手撕鸡」这几家，都是老字号了，值得试试！
-
♨️厦门适合带走的伴手礼
☑️红福珍珠批发（中山路）：品质hin好，一件也是批fa价🉐价格、质感、设计，统统看得见摸得着～拿到珠宝鉴定中心还能出鉴定证书
-
素材源于网络，侵权删
#厦门旅游 #厦门美食 #厦门小吃 #厦门旅游攻略 #广州周边游 #深圳周边游  #鼓浪屿 #厦门吃喝玩乐",6,7,评论,https://www.xiaohongshu.com/explore/67c0815700000000290134ce?xsec_token=ABvBv43RBC_8Rd1DLWPauI79y5b68kaesFh6dLjDfIUMU=&xsec_source=pc_search&source=web_explore_feed,https://sns-webpic-qc.xhscdn.com/202502281852/8b40cb56c46e6b71d990d7134ee81bfe/1040g00831edm1125gs005p9000sp5ov7buigdqo!nd_dft_wlteh_webp_3,阿昱,,
厦门土著J人给朋友做的厦门四天三晚全攻略,"最近太多外地朋友问厦门旅行攻略了，于是本J人上线，借@喵小麦 老师的地图一篇说清厦门住宿游玩美食伴手礼全攻略
	
1、【住宿】
推荐住在中山路附近，交通方便选择多价格合理。
环岛路海景房价格偏贵，交通只能打车或公交。
	
2、【路线】
DAY1:鼓浪屿➡️双子塔➡️八市➡️中山路
鼓浪屿游玩路线：最美转角➡️八卦楼➡️日光岩➡️皓月园➡️菽庄花园➡️港仔后沙滩
傍晚到演武大桥看双子塔，去八市吃小吃，逛中山路。
	
DAY2:厦门大学➡️南普陀➡️植物园➡️钟鼓索道➡️白城沙滩➡️沙坡尾
上午提前预约参观厦门大学，到南普陀寺点一炷香。下午从植物园西门进，到热带雨林和网红仙人掌打卡，傍晚乘坐钟鼓索道出植物园到白城沙滩。
晚上去沙坡尾吃晚饭，逛各种市集和小店。
	
DAY3:黄厝沙滩➡️环岛路➡️山海步道➡️盼归塔➡️曾厝垵
早起在黄厝沙滩看日出，扫辆自行车沿着环岛路向西骑行，沿途打卡热门景点：玩月坡、海韵台、不在书店、礁石步道、书法广场、音乐广场。
傍晚到达山海步道打卡盼归塔，去曾厝垵吃晚饭。
	
DAY4:海上地铁➡️龙舟池➡️嘉庚公园➡️集美大社➡️石鼓路➡️十里长堤
上午坐地铁一号线海上地铁到集美学村站，参观端午划龙舟的龙舟池，去嘉庚公园和鳌园纪念陈嘉庚先生。
下午去集美大社探访闽南古村落，去石鼓路吃各色小吃，傍晚到十里长堤看日落海边live。
	
3、【美食】
小吃和餐厅各总结一张在P2P3有需要可以评论留言我私发。
	
4、【伴手礼】
阿吉仔/吉治百货：椰子饼、凤梨酥，礼盒装送礼好看
义兰饼铺：各种中式糕点，简装性价比高适合自己吃
华祥苑、海堤：水仙、肉桂等茶叶
#中式旅行天花板 #本地人做的攻略 #厦门旅游 #厦门旅游攻略 #chinatravel #厦门旅行 #厦门攻略 #新年旅行第一站 #先出发再说 #反向旅行出门溜溜 #不早起旅行日记 #周末去哪儿 #小众旅行地 #厦门打卡 #厦门美食 #旅游攻略 #厦门 #国内旅游攻略 #我在家乡当游客 #新年版citywalk @生活薯 @走走薯 @小红书创作助手 @小红书创作学院 creator academy @城市情报官",5694,6573,326,https://www.xiaohongshu.com/explore/679a3331000000002903dcaa?xsec_token=ABKt0Gzm1vXa9GhKb2YSpsqU6zAjQqLJT8ISQOmcHGO6o=&xsec_source=pc_search&source=web_explore_feed,https://sns-webpic-qc.xhscdn.com/202502281852/7cca47ad0393a69d07797022cc7cb6d7/1040g2sg31d88vnr5h0704a9db4dk34gnok3037g!nd_dft_wlteh_webp_3,杨枝甘露环游记,,
2.18📍厦门受罪已逃😭。。。,"🌥厦门今日气温11-16°，目前14度。
雨停了但依然阴天，并且有大风，没有日出日落！穿衣以毛衣+厚外套为主！今天海边依然灰蒙蒙的，海边散步可以但要带个帽子防风，周三天气会相对好点～
.
🎏厦门旅游现状：元宵过后，厦门正式回归旅游淡季！街上行人都比较少，景点还是有一些游客，这时来厦门还是很舒服的～
.
🌵游玩建议
⚠️厦门日出要提前体验哦，请摄影师要提前问清和照片等细节
⚠️曾厝垵就不用去了，真的很一般
⚠️中山路很多美食都是炒出来的，比较建议到巷子里打卡
⚠️都说来海边要吃海鲜，厦门的消费一直都被大家吐槽偏高，懂行情的自己挑选食材跟老板确认再体验~
⚠️想体验环岛风光的宝子们，黄厝日出的时候可以顺道体验1块公交
⚠️想去猫街撸猫的期望不要太大了，里面猫不是很多，基本都是猫文化
⚠️出行选择网约车，不要相信那些带你去环岛路看老金门的人
⚠️海边有人扮公仔让你拍照的别搭理，送花的别搭理！都是坑，找你拿💰
.
🚥厦门出行攻略:
① 厦门站(岛内)：有直达尽量选择厦门站，抵达景点和住宿较方便
②厦门北站(岛外)：如果没有直达到厦门站的，也不用担心，厦门北可坐BRT/地铁至岛内，也很方便的
③厦门高崎机场(岛内)：这是我到过蕞方便的机场了，不愿意花时间坐BRT/地铁的可以选择打车至住宿点.
.
🗺️打卡景点
👉【思明区】：厦门大学、南普陀寺、园林植物园、钟鼓索道、白城沙滩、胡里山炮台、环岛路、演武大桥、沙坡尾、双子塔、八市
👉【鼓浪屿】：风琴博物馆、皓月园、菽庄花园、港仔后海滨浴场、日光岩
👉【集美区】：集美学村、地铁一号线、集美大学
.
🫕干饭指南
😋醉壹号海鲜大排档．在老市区思北路口的一家店，特se招牌菜有海蛎捞饭、蛋黄焗龙虾、柠檬蟹、爆炒鸭杂、麻炒田ji、还有闻名遐迩的醉壹号烤鳗鱼，某评上说得不错
💕四里沙茶面：现煮汤底，配料实在
🍵花生汤：很有特s的风味甜点，清甜爽口
🥞厦门芋包：厦门老一辈人爱吃的小吃
🍧四果汤：味道很棒，个人感觉比冰粉好吃
#厦门     #厦门旅游     #厦门吃喝玩乐    #厦门旅行     #厦门旅行攻略     #厦门景点    #人文景点分享    #厦门旅游攻略     #厦门美食    #周末去哪玩",786,617,266,https://www.xiaohongshu.com/explore/67b45a8e000000002a00241c?xsec_token=ABhiswYb3YhfFnHY5gA2_Mca8fQTmuq8j-KIF_nXC3mbo=&xsec_source=pc_search&source=web_explore_feed,https://sns-webpic-qc.xhscdn.com/202502281852/6e54ef25f27b2fa456e080dff851c8ea/notes_pre_post/1040g3k831e1q87un0u005ptdhtdinjeq2p413q0!nd_dft_wlteh_webp_3,好柿朵朵,,
去厦门到底是跟团还是自由行！！！！🔥🔥🔥,"准备来厦门的姐妹还在犹豫怎么玩吗？到底是选择跟团，还是选择自由行？很多人来下面，网上的各种攻略看的一脸懵逼，不知道是选择跟团还是自由行。
那么今天，我就来给大家详细分析下，哪些人适合跟团，哪些人适合自由行。
.什么条件下建议选择自由行？
1、旅行周期较长，时间比较自由的。
2、喜欢独处的，有较多生活经验和经济基础的。
3、只想来厦门找一个酒店躺平的。
.什么条件下选择跟团？
1、不想花费大量时间和精力对旅游目的地做攻略，不想花时间操心行程的。
2、刚来厦门，对厦门一无所知的，带着老人和小孩，想省心省力的玩。
3、想D价住好的酒店民俗的，跟团比自己去要华算的多。
.作为一个在厦门做了5年旅行的本地人，可以很负责的跟大家说，如果你到了厦门，不是为了找一个酒店躺平发呆，其他地方都不去，那我建议你还是报个纯玩团吧，因为景点很分散，车程也长。
.自由行需要花费大量的时间和精力去做旅行目的地的攻略，也很容易超预算，大家来厦门可以找.我报团，7-11人纯玩小团，不要再去购物团了。本地人陪同，懂吃喝，懂厦门本地的玩法，小团没有大巴团的拥挤，没有人等人的无奈。
➡️行程主做：五天到八天，8天7夜等等，也可以按需求定制，比如4-11天长线。
➡️参加我们自由行的客人，别准备了，我们不做购物，也别拿那些购物团来比了。
#厦门 #厦门旅游攻略 #厦门吃喝玩乐 #厦门约拍 #一个人的旅行 #当代年轻人旅游 #大学生特总兵旅行 #厦门旅游攻略",23,8,129,https://www.xiaohongshu.com/explore/671b0770000000001600f373?xsec_token=ABOVM3eFgb47VEQE8QwZ_rDygZpi2Os7THmwJLMd2uYo4=&xsec_source=pc_search&source=web_explore_feed,https://sns-webpic-qc.xhscdn.com/202502281852/123b1129c249c070e62cb004e58ca197/1040g2sg319c2ssem6ad05pni21jiubn04s398g0!nd_dft_wlteh_webp_3,厦门领队-媛媛呀,,
j人的厦门旅游攻略！一张图全明白！😍,"家人们！我旅游完回来啦！全新完整的攻略来了！
一张图给说明白！
	
附上高清路线图！😚😚😚
	
#旅游攻略 #游玩攻略 #人文景点分享 #旅游推荐 #旅行 #旅游 #踏青 #出去玩 #出游 #本地人去哪玩 #厦门旅游 #厦门旅游攻略 #j人 #j人决定给p人一点震撼 #j人日常 #j人浓度过高 #给你们p人一些小小的j人震撼 #p人爆改j人计划 #p人努力变j #p人转j人 #给p人一点j人震撼 #厦门旅游打卡 #厦门鼓浪屿 #厦门沙坡尾 #厦门大学 #厦门出海",6810,6409,417,https://www.xiaohongshu.com/explore/660adb70000000001b008392?xsec_token=ABYbKd6reUOnTPOJUljKCrThzyrIm1LjOCOWi1Ytg-8Q8=&xsec_source=pc_search&source=web_explore_feed,https://sns-webpic-qc.xhscdn.com/202502281852/37aa794919dbd22ea494be3842ae4ee8/1040g00831129gvmjmabg4a3rl617vjcleiaqnhg!nd_dft_wlteh_webp_3,BAMBAM*,,
去了厦门才敢爆出来的大实话🌶️🌶️,"我的厦门朋友得知我要去厦门旅行，竟然熬夜为我精心整理了一份厦门旅行攻略，这怎能不让我感动呢？
#厦门旅游 #厦门春节#厦门寒假#春节去哪儿玩儿？#寒假去那玩？#厦门吃喝玩乐 #游玩攻略 #旅游不踩坑 #旅游购物避雷 #跟着本地人",1894,1722,631,https://www.xiaohongshu.com/explore/677518f6000000000902cc25?xsec_token=ABHxJSYlEUblQuOrNKm6pjg6mbJ-Ho5Z9uik1qzHvLBp0=&xsec_source=pc_search&source=web_explore_feed,https://sns-webpic-qc.xhscdn.com/202502281853/5bd337cc0cdc6cea123e338703b4d93b/1040g2sg31d1m1v3o08dg48mu5lj1cjjd1kt84s0!nd_dft_wlteh_webp_3,筱雨💦旅游日记,,
3-4月来厦门耍的姐妹！请收下这份旅游攻略,"▶️正准备计划到厦门的宝贝，记得要先做好功课📝再出发，3-4淡季的厦门人少，体验感好了不少，尤其是天气晴朗的时候，真的很舒服很出片📷。
▶️但是不做攻略，说走就走，真的太容易踩坑了🤦，所以啊，给大家呈上一份攻略，是我去完厦门回来后给总结的！真的不允许你们再踩💣了！
.
🏝🏝厦门旅游景点
①鼓浪屿（要预约）：海上花园！没到鼓浪屿等于白来厦门
②厦门大学（要预约）：百年名校，面朝大海，背靠梵音
③钟鼓索道（要预约）：坐缆车俯瞰整个厦门！很适合情侣打卡
④环岛路（不用预约）：傍晚租个单车骑行，海风吹拂，心情舒畅
⑤山海步道林海线（不用预约）：穿山入林，看尽大海和日落
⑥沙坡尾（不用预约）：厦门的文艺街区!地标双子塔
⑦黄厝看日出：初升太阳，海滩都被染成了金色
⑧中山路：国内唯①通向大海的步行街!南洋骑楼建筑
⑨八市：烟火气满满的各种厦门特色小吃和海鲜
⑩海上地铁：体验海上列车宫崎骏动漫的唯美
.
🚦🚦关于交通
✔️飞机出行：厦门高崎国际机场一市区
▪️厦门火车/高铁：厦门北站、厦门站
▪️厦门北站：高铁为主在岛外离市区28公里有地铁1号线BTR线打车70r左右拼车50r左右
.
✳️✳️厦门美食
💕思北特香包：这可是出了名的 “排队之星”，每次店外都大排长龙，就因为它独特的美味，大家都愿意等，可见多受欢迎。
💕花生汤：很有特se的风味甜点，清甜爽口
💕醉壹号海鲜大排档．来厦门可以打卡的海鲜大排档，在老市区思北路口的一家店，特se招牌菜有海蛎捞饭、蛋黄焗龙虾、柠檬蟹、爆炒鸭杂、麻炒田ji、还有闻名遐迩的醉壹号烤鳗鱼
💕四里沙茶面：现煮汤底，每次都要被香晕！配料实在怎么会有那么好喝的汤底啊
💕厦门芋包：厦门老一辈人一直很爱吃的小吃
💕四果汤：味道很棒，个人感觉比冰粉好吃
.
✅厦门住宿指南
1⃣中山路和厦大附近：厦门本岛内，景点聚集，交通方便，美食多
2⃣也可以选择火车站附近和环岛路附近
3⃣想住鼓浪屿的话，性价比不高，但是还是蛮舒服的
.
⛔️旅游注意事项
⚠️看日出在黄厝，日落白城，别走反
⚠️钟鼓索道排队有人说景区关闭别信
⚠️火车票选厦门站，在岛内离市区近
#厦门旅游     #厦门吃喝玩乐     #厦门攻略     #鼓浪屿 #厦门 #厦门旅行 #厦门美食",4,3,评论,https://www.xiaohongshu.com/explore/67c08194000000000603d0a0?xsec_token=ABvBv43RBC_8Rd1DLWPauI7wHE9kSX9mJVTWR8epMOfUY=&xsec_source=pc_search&source=web_explore_feed,https://sns-webpic-qc.xhscdn.com/202502281853/493e2de9d6cbb2decf6319d13074c808/1040g2sg31edm200rgs6g5ogbi6ek1otbv5g3vmo!nd_dft_wlteh_webp_3,袋袋超爱玩,,
3-5月淡季去厦门❗️一次性讲清楚怎么玩,"有计划3-5月份趁着淡季去厦门的小伙伴们！这份旅游攻略放心🐴~涵盖了厦门的景点➕交通➕住宿➕美食➕注意事项，在厦门呆了四天的我，真的不允许还有人不知道来厦门怎么玩！！！
.
✅厦门交通
▶️飞机：厦门高崎国际机场
市区巴士：出到达大厅后往西行走到候车处20块/人
公交车：从候机楼到公交车站有一段距离1块/人
出租车：到中山路大概23分钟约40块
▶️高铁/火车：厦门北站厦门站
厦门北站：高铁为主在岛外离市区28公里有地铁1号线BTR线打车70块左右拼车50块左右
厦门站：在市区shou选有部分高铁经停岛内出站
.
	
✅✅3-5月份旅行小建议：
✈️交通方面：若不是紧急出行，可咨询特价机票以节省费用；厦门站就在思明区，距离市区较近，而厦门北站在岛外。
✈️机场落地后，可乘坐机场空港快线前往市区，路线最晚一班车 20：00 发车；也可选择乘坐地铁 1 号线或 brt 快 1 路进岛，但注意厦门北站属于外岛，这两种方式都可透过车窗看无敌海景。
📩市内出行乘坐公交地铁电子付款。
📩不建议打车去环岛路，也尽量不要中午前往，可以选择租车（小电车或汽车）。
📩鼓浪屿没有代步车，需步行，建议穿舒适的鞋子。
📩住宿方面：住宿蕞好提前预订
.
	
🌄日出日落
⛳看日出:观音山沙滩
⛳海上日落:途纪 落日航线
⛳看日落:十里长堤 钟鼓索道
⛳海上地铁:高崎站-集美学村 1号线
.
	
💗💗好吃的美食
1、三金海鲜大排档：
厦门20多年老店，都是明码标价，全程监控不用担心调包！环境舒心味道鲜美，皮皮虾还有帮拨服务哦～超贴心的～
2、好食来大排档:
厦门为数不多的30年老店，获 奖无数。而且天天排队，需要早点去，招牌菜：龙虾焖花菜，海蛎捞饭，芥味螺片。太好吃了yyds
3、 八市锋味海鲜大排档：
明星和各大网红都打卡过的餐厅，位于开禾路48号，价格实惠，海鲜现杀现做，口感👌！推荐菜：爆炒芒果贝 、香辣蟹、清蒸瓜子斑。
4、八市戴师傅海鲜大排档：
门口有海鲜大池🌊当季生猛海鲜，足斤足两不怕被宰，让你体验到海鲜市场直供的魅力！口感鲜美🤤推荐菜：避风塘大波龙 ，香辣蟹，金蒜蒸北极贝
5、黄玉兰鱼丸：
厦门鱼丸第yi名，纯手工做的老字号鱼丸，方文山也吃过，他家的姜母鸭也很好吃哦。
#厦门大学旅游攻略 #沙波尾美食攻略#白城沙滩美食攻略 #双子塔美食攻略 #海景餐厅 #厦门旅游攻略 #厦门美食 #海鲜餐厅 #环岛路旅游攻略 #环岛路美食",8,13,1,https://www.xiaohongshu.com/explore/67beed780000000029038b49?xsec_token=ABH-d8CWts8BUdFEXkDr7lirVaY2R0gfscR5kw98EyPHc=&xsec_source=pc_search&source=web_explore_feed,https://sns-webpic-qc.xhscdn.com/202502281853/b2bbbfb59c2411c2b329d96e1441e477/1040g2sg31ec4n3eeh2dg5ns6ukrg8ouupogd8l8!nd_dft_wlteh_webp_3,北鱼🌈,,
既然决定去厦门，那这些大忌一定不要碰🈲,"来厦门其实需要注意的事情还是很多的，如果遇到坑不小心陷进去，真的影响心情！下面说一些厦门旅游攻略！帮大家排雷！
-
①关于厦门各种景点、出行、打卡、美食的注意事项！
交通出行建议直接选择地铁，景点基本上都能到达
-
🉑厦门景点解析：
🔺鼓浪屿：船票35元（文艺小清新的小岛）
🔺山海健康步道：免费（有着厦门""小瑞士""之称）
🔺曾厝按：免费（被誉为""全国最文艺村落"")
🔺厦门大学：免费（公认中国最美大学校园之一）
🔺钟鼓索道：往返80元（厦门仅有的空中动态观景）
🔺万石植物园：30元（数千种热带雨林植物，雨林喷雾）
🔺南普陀寺：免费（香火鼎盛的闽南佛教圣地）
🔺环岛路：免费（租车骑行最美沿海线，别有一番浪漫）
🔺园博苑落羽杉：免费（每个季节都有观赏花看，太美了）
🔺黄厝沙滩：免费（环岛路上最天然、干净的海滩）
🔺白城沙滩：免费（漫步、游泳和观赏夕阳的天然休闲公园）
🔺胡里山炮台：25元（明清时期的建筑风格，夜景独美）
🔺音乐广场：免费（海边有很多鹅卵石，人少景美）
🔺厦门科技馆：140元（先进的综合性科技馆，合适亲子游）
🔺集美学村：免费（建筑融中西风格于一体，具有观赏性）
🔺沙坡尾：免费（各种文艺手作工坊，还有潮人辣妹拍照地）
🔺方特梦幻王国：299元（不输迪士尼，晚上还有烟花，赞）
🔺中山路：免费（厦门老牌商业街，特色小吃也很多）
#厦门#厦门攻略 #厦门旅游#厦门旅行 #厦门旅游攻略 #厦门美食#海鲜餐厅 #双子塔美食 #厦门海景餐厅 #厦门吃喝玩乐 #笔记灵感#12月旅行",136,137,评论,https://www.xiaohongshu.com/explore/674dbdbd0000000007026a00?xsec_token=ABPuMw323Vfc3v-NDVj7grg49AZCw4Vh-zK2ovfCV0zxk=&xsec_source=pc_search&source=web_explore_feed,https://sns-webpic-qc.xhscdn.com/202502281853/20e1867ac5719ad8d3a8268e27b29e9b/1040g00831atjktk4nc6g5pe38vh2civrgh0frs8!nd_dft_wlteh_webp_3,Coke爱旅游,,
,"听劝！厦门旅游避雷攻略！！
刚从厦门归来，体验真的相当不错！虽然旅途中踩了些小坑😢，但复盘后发现，只要攻略做足，厦门依然能玩得超嗨！厦门真的不适合即兴出发，因为那些坑，一不小心就踩上了。所以，我整理了些经验，希望能帮大家避开雷区！
﻿
👇来厦门前，这些准备得做足👇
﻿
厦门2-4月气温15℃-20℃，早晚温差大，记得带上轻薄羽绒服、毛衣、保暖内衣，还有围巾、帽子、手套等防风装备哦！
﻿
旅行小贴士✨：
1️⃣厦门的热心司机或路人，他们的建议得小心！千万别轻易相信，不然就等着踩坑吧！推荐的景点或海鲜餐厅，统统pass！
2️⃣曾厝垵，真心没必要去，没啥特色可言。
3️⃣厦门打车，后排也得系安全带！查得严，被逮到乘客得罚10块💰哦！
4️⃣鼓浪屿上的花茶、猪肉铺，都是秤克数的，超级坑！一点点就要三位数，千万别买！
5️⃣钟鼓索道坐缆车🚠，记得多穿点！缆车没玻璃，真的超级冷！羽绒服、冲锋衣都得备上！
6️⃣海边有人扮公仔拍照、送花的，都别理！都是坑，等着坑你的钱💰呢！
﻿
🗺️四天三夜行程规划
🌟Day1: 植物园→钟鼓索道→中山路→演武大桥
🌟Day2: 黄厝沙滩→环岛路→南普陀寺→厦门大学→白城沙滩→沙坡尾
🌟Day3: 鼓浪屿→日光岩→菽庄花园→大德记浴场→管风琴博物馆
🌟Day4: 集美学村→石鼓路→集美大社→嘉庚公园→龙舟池
﻿
🍽️吃货攻略
厦门小吃多到爆！尤其是八市和中山路，闽南小吃应有尽有。八市虽是菜市场，但藏龙卧虎！像惠源面包、阿杰五香、朱记手撕鸡、杨小贤、芋包王这些，味道真的绝了，超地道！
﻿
🏘住宿小贴士
⚠️尽量选地铁站附近住，平时搭地铁，厦门堵车严重，这样就能避开啦！
﻿
#厦门旅游攻略 #厦门小吃  #厦门美食 #厦门旅游 #鼓浪屿 #厦门攻略 #不为打卡的旅行 #广州周边游 #深圳周边游 #新年旅行第一站  #泉州周边游 #反向旅行出门溜溜
﻿",5,6,评论,https://www.xiaohongshu.com/explore/67bc6e98000000002503e01a?xsec_token=ABa24pGds3urSNzETqnEqRYWQnEUMLie3nJ87ez-FzAsY=&xsec_source=pc_search&source=web_explore_feed,https://sns-webpic-qc.xhscdn.com/202502281853/20bdcc4fc66d30eaf61df5af6384e401/1040g00831e9mnqcgh2705pbch7a73fsep2k5dp0!nd_dft_wlteh_webp_3,zkss,,
,你有没有感觉厦门并不好玩？去过的都在吐槽说打着千篇一律的卡，吃着专供游客的小吃 #厦门  #旅行  #避坑指南,4714,4132,89,https://www.xiaohongshu.com/explore/67064ec4000000001902c2b6?xsec_token=ABrDaPfS3mkoGyGwtGF6gThGvuxpZDqPL9yfrjmet_vzU=&xsec_source=pc_search&source=web_explore_feed,,旅游的小兔子,,
厦门全年最不适合旅游的季节,比起夏日酷暑，春天(一般3-5月)梅雨天气，回南天，是厦门最难受的季节！！来旅游一定要避开阴雨天气，不然又说避雷了#厦门旅游 #福建旅行 #旅游攻略,65,17,268,https://www.xiaohongshu.com/explore/67ac5c370000000029014b7b?xsec_token=ABCQHmElveJ9I-9wv4Le4f3ViSOOsNXB8n4VfH2yWr22I=&xsec_source=pc_search&source=web_explore_feed,https://sns-webpic-qc.xhscdn.com/202502281853/9b0d14c0cea488ddc8107b90d4382136/1040g2sg31dq0g1kdgs005p2i69bk4svjf294pm8!nd_dft_wgth_webp_3,fuladuo,,
厦门旅游景点｜放心去🆚不要去(七),"厦门游玩小tips:
1.千万不要相信司机说的话，带你去很多地方很多坑
2、曾厝垵大多都是网红小吃，全国哪里都-样
3、别买花茶!也免费品尝，按g算,一点点好几百
4、中山路的银饰很多都是义乌来的，假的很多
5、开蚌取珠:基本上都是淡水珍珠，说多了都是泪
6、路边水果摊缺斤少两,以次充好，小心
7、中山路、鼓浪屿、曾厝垵大型特产店，有很多杂牌
8、去植物园鼓浪屿-定要带花露水!防虫很重要!
9、去金门岛需要提前办通行证，能带你去的都是忽悠!
10、鼓浪屿没有公交车，出门全靠腿!为了省事，记得在码头订返程的观光车票，订好你就是岛上最靓的
#旅游攻略 #游玩攻略 #Diga小顾 #厦门 #厦门旅游景点攻略 #厦门旅游攻略",4977,5989,157,https://www.xiaohongshu.com/explore/66a1a7660000000005006666?xsec_token=ABYXfCIJMwL6uj8Sug57mH4x__nQwtHbluamSJfEoalAg=&xsec_source=pc_search&source=web_explore_feed,https://sns-webpic-qc.xhscdn.com/202502281853/dc1aff29f2b7364b791c8fdd90c9b280/1040g2sg315lhtg4h2od05ot80jgpuoafhs39ro0!nd_dft_wlteh_webp_3,Diga小顾,,
听劝2-3月来厦门的姐妹请🐴住,"听劝2-3月来厦门的姐妹请🐴住
-
厦门会惩罚每一个不认真做攻略的人⋯去厦门玩真的有很多注意事项给大家整理了一份攻略！希望能帮大家在厦门玩得开心！
-
🗺️关于厦门
厦门分别：岛内跟岛外岛内：由思明区，湖里区
岛外：集美区、翔安区、同安区、海沧区
-
🚘关于交通
机场：厦门高崎国际机场（岛内）
高铁站：厦门站（岛内）
高铁站：厦门北站（岛外）
公交：刷公乘车哦（提前准备好乘车）
-
厦门景点门🎟️
鼓浪屿（船🎟️35）、厦门大学（免费）、
双子塔（180）、白城滩（免费）、中山路（免费）、环岛路（免费）、集美学村（免费）、沙坡尾（免费）、黄厝沙滩（免费）、南普陀寺（免费）、厦门植物园（30）
-
🌷厦门美食
🌙1、大洋海鲜城：中山路上的佬字号，央视认证佬店！来厦门真的得来尝尝，海鲜都是门口池子里现捞的，食材新鲜的很！✔️tui荐帝王蟹三吃、招牌黄椒焗瓜子班，这些都是bi点不踩雷的菜品
🌙2、闽南行：这家复古风装修很有年代感，用餐能感受到浓浓的烟火气息，氛围感拉满，他家的海皇豆腐的汤汁拌饭一jue！姜母鸭现场制作，香气十足很入味👍！
#厦门美食 #厦门#曾厝垵美食#曾厝垵 #厦门旅游攻略 #厦门吃喝玩乐 #厦门旅游#景点#本地人做的攻略 #游玩攻略",15,13,评论,https://www.xiaohongshu.com/explore/67b6f1ff000000000d01601e?xsec_token=ABxLz7581aBxbNPwVtPktCe4Di85JRHuEyMsu-hwi1yTQ=&xsec_source=pc_search&source=web_explore_feed,https://sns-webpic-qc.xhscdn.com/202502281853/d578a329bef79abe429d3287dbe6d63c/notes_pre_post/1040g3k031e4b8vto0u6g5o8nf0o08vlr7ek60q0!nd_dft_wlteh_webp_3,爱丽丝,,
厦门会惩罚每一个不做攻略的人‼😖,"在厦门真的太快乐了！每天就是city walk🚶逛海边吹吹海风很惬意！生活幸福指数五颗星⭐⭐⭐⭐⭐
..
要注意的地方👇
.
🤔.去鼓浪屿别买豪华船票❌普通票35r含来回，别迟到了，提前去排队，虽然可以改签，但是又要花更长的时间去等待下一班船🚢
.
🤔.鼓浪屿主要是以人文历史为主的景区，主要看建筑，各种风格建筑都有，但是对建筑和历史不感兴趣的，就会觉得很无聊了。
.
🤔.作为沿海城市，有机会就尝尝海鲜，但海鲜性寒，脾胃不好的朋友千万要注意份量，同时记得带上肠胃💊，有备无患～
.
🤔.在贝壳沙滩上一腚锭不要光脚行走，因为沙滩底下经常有尖说的贝壳蚝壳，容易扎伤脚。
.
🤔.不要和沙滩或者任何景区穿着奇怪卡通衣服的人合影！拍完就会找你要💰了
.
🤔.不要在景区买特产，太贵了，直接去超市买，有的还可以直接包邮到家
.
🏠关于住宿:
我觉得住在中山路附近
是景点的中间位置 周围热闹繁华
.
😋干饭指南😋
厦门真的好多特色当地小吃，比如姜母鸭、烧肉粽、四果汤、阿杰五香….🍜四里沙茶面：现煮汤底，配料实在。而且厦门还是沿海城市，还应该尝尝海鲜呐🦀️醉.壹.号海鲜 是在思明北路上居民楼下的一家海鲜大排档，很具烟火气的店。他家的菜式丰富，材料新鲜。蛋黄焗龙虾，很香很浓，咸咸的也不腻。还有柠檬蟹🦀️，蒜香黑豆腐，都可闭眼点，还有那个【烤鳗鱼】都真的很惊艳，配上酱料，也太棒辣！大家某评可查看一下
.
🔸Day1：厦门站一住宿一南普陀寺一厦门大学一沙坡尾一中山路
🔸Day2：鼓浪屿一日光岩一菽庄花园一大德记浴场一皓月园一八市
🔸Day3：钟鼓索道-环海路一集美学村一厦门北站
.
🌅日出日落看这里
✅看日出：黄厝沙滩
✅海上日落：途纪落日航线
✅看日落：白城沙滩、钟鼓索道
✅海上地铁：高崎站集美学村1号线
.
#当然要记录啊 #厦门 #厦门探店 #厦门旅行 #厦门美食 #旅游不踩坑 #人文景点分享 #国内外旅游日常 #厦门鼓浪屿 #海边",16,15,2,https://www.xiaohongshu.com/explore/67b75284000000000d014df9?xsec_token=ABv0-r8WLw74IOUCZ-nquYFoEXNPp_-IsC9Kjr9ucmpMo=&xsec_source=pc_search&source=web_explore_feed,https://sns-webpic-qc.xhscdn.com/202502281854/2fee9e9203d45577f8b23d5e91d3c6bb/1040g00831e4n24ob0u4g5pl4urene8f827mha38!nd_dft_wlteh_webp_3,林婉柔的旅行日记💓,,
10件来厦门不要做的事⚠️本地人教你放心玩,#厦门 #厦门攻略 #厦门旅行 #厦门旅行 #厦门美食 @视频薯,4.1万,3.8万,1098,https://www.xiaohongshu.com/explore/6447b0080000000013011228?xsec_token=ABWrIDlLiCyOZu7oagxfRyDI9KFNFIK8vYufdvl11hIpo=&xsec_source=pc_search&source=web_explore_feed,,张甜粒子,,
