标题,内容,点赞,收藏,评论,笔记链接,图片链接,作者,keyword:新疆 自由行,2025年02月27日 00:15
第一次来新疆，不懂南疆or北疆？一篇告诉你,"🌸心心念念的春天来了，夏天还会远吗！都2025了，你还没去过新疆吗？ 这个夏天总要去一次新疆吧，去看看辽阔无边的大草原🌿、像天空一样蓝的赛里木湖、漫山遍野的小花🌸、打卡著名的九曲十八弯，逛逛大巴扎的夜市... .
💡新疆本地人花费10小时整理的新疆地图路线，如果你是第一次来新疆不知道怎么玩，建议先看完这篇再出发哦~新疆的美，不是说说而已，是要亲身体验的，不管你选择北疆还是南疆，新疆都会给你一段难忘的旅程。
	
新疆广义以天山为界
✅天山以北为北疆：伊犁哈萨克自治州（伊犁河谷）、博尔塔拉蒙古自治州、昌吉回族自治州、阿勒泰地区、塔城地区、乌鲁木齐、克拉玛依、吐鲁番、哈密 ㅤ
✅天山以南为南疆：克孜勒苏柯尔克孜自治州、巴音郭楞蒙古自治州、阿克苏地区、喀什地区、和田地区
气候
3月：气温-10°C-10℃，多数睛天和阴天
4月：气温10～20度，天气偏凉，偶有雨天。
5月：气温15～27度，阳光明媚，但天气多变。
6月：气温15～31度，气候宜人，午后稍热。
不论何时来新疆，都需备好厚衣，因这里早晚温差大，即使7/8月，仍需“围着火炉吃西瓜”。
	
自驾还是跟团❓
1️⃣在乌鲁木齐游玩2-3天可以选择自驾自由行，如:市区美术馆、自治区博物馆、国际大巴扎、市区周边天山天池景点
2️⃣游玩5-8天建议选择bao团，新疆景点比较分散，每天开车时间约5-6H/天，一般行程都在7-8天左右
3️⃣建议bao个新疆本地2-6人纯玩小团，随开随停舒适度高，比较自由体验感也好一些哦
	
热门景点
🔹赛里木湖：大西洋最后一滴眼泪，湖水清澈见底
🔹喀纳斯：神的后花园，犹如人间仙境
🔹禾木：看古朴村落、星空璀璨，体验手可摘星辰
🔹那拉提草原：世界四大草原之一，空中草原是经典，夏天的那拉提草原直接封神
🔹天山天池：以高山湖泊为中心的自然风景
🔹喀什古城：“永远的西域，活着的古城”有句话叫做不到喀什，就不算到了新疆，走进喀件古城才算是没有遗憾了
🔹白沙湖：“万年风吹，白沙成山”看见路的尽头碧波浩淼，银沙璀璨，传说这就是沙和尚的故事背景之一。八百流沙界，三千弱水深
🔹盘龙谷道：无数人打卡的网红公路，多少人翻过天山，穿越沙漠隔壁，只为这一句“今日走过了人生所有的弯路，从此人生尽是坦途！”
﻿#假期旅游﻿ ﻿#新疆旅游﻿ ﻿#新疆旅游攻略﻿ ﻿#南疆﻿ ﻿#北疆﻿ ﻿#赛里木湖﻿ ﻿#新疆景点﻿ ﻿#治愈系景色﻿ ﻿#旅游搭子﻿",198,338,8,https://www.xiaohongshu.com/explore/67ac562b0000000018005aae?xsec_token=ABCQHmElveJ9I-9wv4Le4f3UQb7WZVWCJEAywWWLyFGV4=&xsec_source=pc_search&source=web_explore_feed,,新疆旅游扇扇子,,
复盘篇｜新疆17天16晚保姆级自驾攻略," 人生清单又完成一个！
心心念念的新疆自驾之旅终于完美结束。
	
 出发前花了半个月时间仔细研究攻略，
回来后又花了半个月时间仔细复盘攻略，
非常认真用心地整理了这个份
【 17天16晚新疆自驾指南 】
	
 对不会/不爱做攻略的p人超友好！
攻略在手，说走就走。（小偿分享）
	
 攻略主要包含七大模块：
【路线行程】详细版（图2是简约版）、
【行李清单】、【穿搭参考】、【景点攻略】、
【住宿推荐】、【租车攻略】、【费用参考】
	
 有需要的宝们可以点击左下角直接~~
--------------------------------------------------
	
日期：9.1-9.17，避开了暑假和国庆旅游高峰，9月初，天气舒适，没有蚊虫困扰；草大部分还绿着，部分泛黄；部分地区已经能看到雪山。完美
	
出行方式：纯自驾（租车）
乌鲁木齐取车，喀什还车，共计里程约4500km
	
路线安排：S曲线，不走回头路，乌鲁木齐开始，喀什结束
具体自驾路线：
DAY1: 北京乌鲁木齐，取车
DAY2: 乌鲁木齐-布尔津
DAY3: 布尔津-禾木
DAY4: 禾木-贾登峪
DAY5: 贾登峪-布尔津
DAY6: 布尔津-赛里木湖-温泉县
DAY7: 温泉县-赛里木湖-特克斯
DAY8: 特克斯-琼库什台
DAY9: 琼库什台一日游
DAY10: 琼库什台-那拉提
DAY11: 那拉提-独库公路-库车
DAY12: 库车-阿克苏
DAY13: 阿克苏-喀什古城西城
DAY14: 喀什-塔县
DAY15: 塔县-盘龙古道-喀什
DAY16: 喀什古城东城一日游，还车
DAY17: 喀什北京
	
住宿：在市区城镇，以快捷酒店为主；景区周边，以特色民宿为主，都还不错。
主打该省省，该花花，多元体验。【 指南 】里有住宿和费用统计明细。
	
吃饭：因为大部分时间在路上开车，所以买干粮零食水果在路上吃比较多，相对会省一点。一个大馕5元，烤包子2-3元。景区里的餐食会贵一点，我们大餐吃得不多
	
整体花销：3万多点， 【 指南 】 里有统计明细。
	
更多分享见主页【新疆自驾之旅】系列~
	
#新疆  #新疆旅游  #新疆旅游攻略  #新疆自驾游  #新疆自驾游攻略  #旅游攻略  #新疆出行必备  #蒲公英优质笔记激励计划2.0   #新疆旅游花费  #自驾游",515,715,70,https://www.xiaohongshu.com/explore/6708b606000000001a020df2?xsec_token=ABIdAHwg-AqJr13N7HEQvbMHOOk5usWJocSWORHKDNOOE=&xsec_source=pc_search&source=web_explore_feed,,阿芙和老王的人生备忘录,,
新疆自驾游人均2000➕💰完整版攻略(附文字,"终于给大家整理好啦！！
#新疆旅游攻略 #新疆旅游 #新疆伊犁 #新疆 #伊犁 #新疆之旅 #新疆美食 #独库公路 #伊昭公路 #旅行随地大小拍",5653,5245,360,https://www.xiaohongshu.com/explore/667e998d000000001c020bbb?xsec_token=ABiLyGYMsVbPrY5Y7bibarEZIjL_N7pvHzTWfS6he-9nk=&xsec_source=pc_search&source=web_explore_feed,,小羊小杨,,
北京牛马三天往返赛里木湖（追求性价比版,"去年夏天去过赛里木湖，抱着想看冰推的想法，请了一天假又冲了（主要是机票太便宜了）
周五：
5:15起床，5:25出门
5:45打车到北京南站
6:00-6:30北京南到天津南
6:33-7:02天津地铁2号线到天津机场
7:44登机
8:15-12:30天津飞乌鲁木齐
13:00出机场取车
14:00到大巴扎吃饭（大漠红嘴雁）
15:00-21:30到赛里木湖东门旁酒店
周六：
8:30起床 8:50出门
9:30到克勒涌珠看日出
10:00天亮
10:15日照金山，粉调时间很短
10:35左右就全亮了
日出后，逆时针环赛里木湖游玩
11:15西海草原，有冰柱，拍蓝冰效果非常好，湖边遇到天鹅的概率也很高
13:30点将台
14:30在点将台到北门途中一个位置，有很明显的冰推
15:20亲水滩，现在这里已经完全结冰了，岸边有之前冰推凝结的各种冰片
16:00十里长堤
17:00在到南门之前，有一片枯草地，走到岸边遇到了两群天鹅
17:40S弯道拍照
18:30在南门和东门之间的位置等日落
18:50左右开始日落，19:00出现非常明显的粉调，持续时间不超过十分钟
19:50出景区在东门附近吃晚饭
23:00出门拍星星，但是冬天赛里木湖21点之后只出不进，只能在附近找一片没有光的地拍了星空
赛里木湖全程区间测速，注意不要超速；另外赛湖一圈全是风景，很多照片都是靠边临停拍的。
周天：
8:00起床 8:30出门
13:00到安集海大峡谷，结果被告知有演习不能进入
13:30国道附近吃大盘鸡
16:30到乌鲁木齐雅山公园
17:00爬到山顶，拍博格达峰
17:45下山，开车去机场
18:30机场还车
18:49过安检
19:00贵宾室简单吃晚饭
19:29登机
20:03-23:25乌鲁木齐飞天津，提前落地
24:00打车到天津站附近的酒店
周一：
6:50起床 7:05步行到天津站，过安检
7:25-8:09天津-北京南
8:15上地铁，8:45到国贸站上班
整体花销：
机票 天津-乌鲁木齐往返 938
高铁 109
住宿 942/2=471
租车+油+过路费 1997/2=998.5
门票 110
吃饭 651/2=325.5
打车 48/2=24
合计 2976
#赛里木湖#新疆#自驾#周末特种兵#富士#蓝冰",5623,5004,523,https://www.xiaohongshu.com/explore/67735a86000000000b00f38c?xsec_token=ABHnkpgbM8ijx4M1AMDLKj_yB2pwqNZTZqp1nADCf4wcM=&xsec_source=pc_search&source=web_explore_feed,https://sns-webpic-qc.xhscdn.com/202502270016/dc22a2854a1ab68721fcc8ebd27fbccd/1040g2sg31c2b19pqgke049cijukthv6rnikkj38!nd_dft_wlteh_webp_3,比奇堡拉屎鱼,,
女生一个人去新疆怎么玩🙋🏻‍♀️,"第一站：乌鲁木齐📍2天1夜人均300💰
6月的新疆简直封神🖼️
一定要来新疆，哪怕一个人！
第二站：伊犁🥳 等我攻略📸  #新疆 #旅行 #攻略 #总要去一趟新疆吧",9559,9509,269,https://www.xiaohongshu.com/explore/6662c080000000000c01be0b?xsec_token=ABPafdwCXLBRt_tra1zVfQebyWardn9ZumsX3H06-bNWU=&xsec_source=pc_search&source=web_explore_feed,,小贝明天不上班,,
六月初 新疆自驾旅游记录⛰️攻略+花费,"📍时间: 2024.5.28--2024.6.6，毕业答辩结束的空闲时间，和同门以及师姐三个人去了新疆游玩！
	
🌍交通: 先乘飞机✈️到乌鲁木齐，然后租车🚗自驾开始自由的旅程，是提前两周在租车平台上订好的车，也买了最高规格的保险，落地机场附近即可取车
	
📜路线: 走的北疆环线图2
Ⓓ1: 中午到达乌鲁木齐，随便找的一家拌面馆，来一份过油肉拌面真的好吃，晚上去国际大巴扎逛夜市儿，住宿乌市
Ⓓ2: 早上从乌鲁木齐市区出发前往天山天池图3，预留了六七个小时的游玩时间，这是到新疆的第一个景区已经给我震撼到了，结束后开车直达阿勒泰地区，住宿布尔津县
Ⓓ3: 从布尔津县出发前往喀纳斯图4.5，一路上可以看到草原牛群，中间有分叉路口可以选择去禾木，但我们行程只选择了喀纳斯，可以到喀纳斯湖边感受清凉湖水，也可以到山顶俯瞰人间净土，晚上依然回到布尔津住宿
Ⓓ4: 前往克拉玛依魔鬼城图6，参观独特的雅丹地貌，以及石油开采文化，没有遮阳的地方，建议下午晚一些等太阳落了再来，然后到达乌苏市住宿，这里烤串价格比较便宜，也可尝尝乌苏大绿棒
Ⓓ5: 一大早出发去赛里木湖图7，沿湖环绕一周，整个换线的景色都特别漂亮，松树头景点可以徒步上到山顶能够俯瞰到果子沟大桥图8，不过爬山距离还有有点远的，后程下了会儿雨，很幸运见到了双彩虹彩虹图9，结束后前往伊宁住宿
Ⓓ6: 从恰西/琼库什台/喀拉峻三个中选择了喀拉峻草原，当天下小雨人比较少，在这里体验了骑马图10.11，晚上回到特克斯八卦城找了家民宿
Ⓓ7: 驱车前往那拉提草原图12.13，因为比较出名，明显人多一些，自驾进入需要提前预约，分有几条线路的，我们去了空中草原以及河谷草原两条线，有网红桥比较出片图14，玩的时间比较长，晚上就在那拉提附近住宿了
Ⓓ8: 刚好在我们游玩过程中得到消息独库公路开放了，最后调整了一下行程，走了独库公路，海拔最高三千多米，会进入到雪山之中图15，温度变化比较大，而且全程山路开车一定小心，最后段又去了独山子大峡谷图16，住宿奎屯市
Ⓓ9: 上午返程乌鲁木齐，下午逛了一下新疆博物馆，参观了楼兰古尸哈哈，晚上还车住宿乌市
Ⓓ10: 飞机返回，时间充裕的话可以逛一下市场带些奶块牛肉干什么的
	
🌟Tips：也分享一下我这趟旅程的一些小建议图17
💰Cost: 十天北疆花费总结图18
#新疆旅游 #自驾游",1085,1571,116,https://www.xiaohongshu.com/explore/67b0ddca000000002803feae?xsec_token=ABejasOV8JGYUjV6KI1Ml43HSg0RDlwoh_jFAcxnBkFTE=&xsec_source=pc_search&source=web_explore_feed,,Pilgrimage、,,
新疆丨打工人六天五晚自驾攻略（三个女生版,"上海往返伊宁 | 六天五晚自驾纯享攻略✨
宝子们，吐血整理的上海往返伊宁六天五晚自驾攻略来啦，直接抄作业📖（三人均有驾照，所以全程自驾很轻松）
✈️行程安排：
Day1️⃣
夜幕降临，落地伊宁。从机场潇洒取车，一路驶向伊犁宾馆，我们仨入住6号楼现代亲子房。房间环境超赞，温馨又舒适🛏️，为旅途开启美好序章~
Day2️⃣
在酒店享用完美美的早餐，便驾车奔赴赛里木湖，车程约2小时。当那片湛蓝湖光映入眼帘，仿若踏入梦幻之境。傍晚，历经2小时返程伊犁宾馆，稍作休息后，开车十分钟到六星街享用晚餐。尤其推荐阿娜尔汗的下午茶，特色满满，舌尖上的新疆风情🍰
Day3️⃣
早餐后，收拾行囊退房，向着那拉提出发，全程约两小时四十三分钟。抵达后，入住那拉提柏睿林隐酒店的LOFT野奢家庭套房，独特的设计，满满度假氛围。下午购票入园，尽情领略那拉提的壮美。晚上出景区，在镇上的疆满提·新疆菜·私房菜，大快朵颐，尽享新疆美食🥘
Day4️⃣
早餐后，告别酒店，继续自驾探索那拉提草原的隐秘角落。下午五点，踏上前往库尔德宁的路途，约两小时三十分钟后抵达。晚上入住库尔德宁云杉酒店的杉野标准间。晚餐随机找的店，味道平平，就不分享啦🤣
Day5️⃣
早餐后退房，再次走进库尔德宁，感受它的宁静与美好。下午，历经两小时十分钟返回伊犁，又一次住进伊犁宾馆。之后前往六星街随意吃了些小吃，接着还车，回酒店惬意休息。
Day6️⃣：吃完早饭逛六星街，再去市场买点特产。红枣、核桃这类干货不太建议买太多，奶酪球、奶皮子之类的可以多囤点~之后就坐飞机返程啦✈️
💰费用明细：（因淡季旺季价格涨幅明显，仅供参考‼️）
🍜六天五晚吃饭，人均约500元
🚗租车 （坦克300）+ 过路费 + 油费，人均1333元
🏨酒店人均花费1091.76元
✈️机票2250元
🎫门票及其他体验项目价格参考：
库尔德宁门票60元
骑马80元/小时
直升机体验500元
赛里木湖自驾门票110元
那拉提自驾门票200元
无人机航拍399元
新疆六天五晚，人均约6.5k，全程细节满满，角度超全面，宝子们冲就完事儿！💕
#新疆自驾 #伊宁旅游攻略 #旅行费用 #新疆美景#赛里木湖 #那拉提 #库尔德宁 #新疆 #伊犁 #佛系旅游篇",238,368,40,https://www.xiaohongshu.com/explore/67ada1cf0000000018008d4c?xsec_token=ABvoYsqKFndENxit8jt5r_UIyLOI0_OBpZuWv7BP3CD9U=&xsec_source=pc_search&source=web_explore_feed,,Sunsun,,
不想跟团，不会开车的新疆自由行真实经历,"这段行程是去年六月初的，从落地到离开一共14天
	
现在赛里木湖的景区车改规则了，不用跟车走，可以在你想玩的站点多玩会，等下一趟景区车也可以（20分钟一趟），坐景区车的体验会比我去的时候好很多！
	
⚠️我出发前没做计划，玩一天才想第二天去哪，玩到沙漠才想起要不去一下喀什，所以走了部分重复的路，大家可以直接从伊宁飞喀什，这样比较节约时间（伊宁到喀什有飞机没有火车）
⚠️还是有很多行程不是最优解，大家参考就好！不用照搬，可以打开地图，看看你们想去的几个地方距离多少，开车导航看看要多长时间，自己评估一下比较好～
	
💰💰好多人问我花费多少，这个我没细算过🥹，就我个人来说，只算交通（飞机火车汽车）加上住宿（两个人人均按150一天算）半个月5000的样子，我觉得参考意义不大，因为每个地区飞过去的机票价格差异挺大的，吃住的话每个人的标准也不一样，百来块到上千的酒店新疆都有，你们根据自己的生活标准算一下一晚多少✖️出行天数就行了，吃饭我一般一天两餐，白天在景区或者在路上我就没怎么吃了，所以吃饭没花多少钱。新疆省内的交通倒是可以参考一下，火车票我都放在最后一张图，根据你们想去的地点计算一下就行了，大巴车都在50块以内，景区门票我放在置顶了
	
ps.上一篇辛苦编辑的笔记被官方判为营销，申诉了一周也没有通过，我的笔记中没有推荐任何产品，没有收一分钱，没有抄袭，全是我的真实经历（车票已放在笔记最后一张图），图中所有图片都是我自己拍摄的，希望官方看仔细，如果有任何问题请在我笔记中指出。
	
pps.酒店的分享发了一篇新的笔记，想看的可以移步主页～
	
#新疆自由行 #新疆公共交通 #新疆旅游攻略 #新疆旅行攻略",1.7万,2.7万,2024,https://www.xiaohongshu.com/explore/65e15b790000000003031ef1?xsec_token=ABOatvXSnTkV_JoNzHFgT3aksj9SIL_w2MxKWnLm3Ksbo=&xsec_source=pc_search&source=web_explore_feed,https://sns-webpic-qc.xhscdn.com/202502270016/a1ce8a65cdf7a4f62c7053f5546d46f2/1040g00830vpol3cvm0004a36cs8rroeeqfjm1e8!nd_dft_wlteh_webp_3,辣味瓜瓜,,
5-7月去新疆旅行自由行还是报团,准备5-7月份去新疆旅行，从成都出发，一个人第一次去，看了朋友朋友圈超想去，准备5-7月去玩，在考虑自由行/自驾游还是报团，报团很害怕踩坑，有没有去过的小伙伴可以推荐一下或者有没有相同时间的朋友可以一起组队。#想来一场说走就走的旅行#旅行 #新疆旅游,7,收藏,18,https://www.xiaohongshu.com/explore/67beb7bd000000000903852e?xsec_token=ABH-d8CWts8BUdFEXkDr7lipojXTh_6mZu_8MGphpGY2U=&xsec_source=pc_search&source=web_explore_feed,https://sns-webpic-qc.xhscdn.com/202502270016/a781981bd6e65581ceee09dfee8ad399/1040g00831ebu5huk0s005p2g0a344g9tvil6o98!nd_dft_wgth_webp_3,小红薯64506C4B,,
全程公共交通！超抠门情侣的伊犁8日游攻略,"距离美好的伊犁旅行已经过去一整个月啦刚工作的打工人既缺假期又缺钱钱，跟姐妹们分享一下我们性价比超高玩的超开心的伊犁攻略！
DAY1下班直奔大兴机场，✈️乌鲁木齐
DAY2自治区博物馆看干尸、和田二街干饭、大巴扎浅逛，坐绿皮高铁🚅到伊宁
DAY3那拉提一日往返（空中草原）
DAY4赛里木湖一日往返
DAY5库尔德宁一日往返
DAY6伊宁市区浅逛，🚌坐大巴到特克斯，逛八卦城
DAY7特克斯打车🚖琼库什台，骑马🐎上后山
DAY8搭车🚗回特克斯，大巴🚌回伊宁
DAY9绿皮高铁🚅回乌鲁木齐，极限操作再次去和田二街干饭，晚上✈️回京～
总结一下：1️⃣以伊宁为中心每日往返，省去了拖箱子赶车的烦恼；2️⃣去到主要景区和城市的大交通都在“伊犁州汽车客运总站”查发车时间和买票；3️⃣很多民宿老板都可以帮忙拼车，我们往返琼库什台和伊宁市区的交通都是民宿老板帮忙解决的（我们住的几家民宿都性价比超高老板也超级好！！在伊犁旅游强烈安利住民宿）
#伊犁 #伊犁旅游 #新疆旅游 #琼库什台 #赛里木湖 #那拉提 #库尔德宁",1812,2459,215,https://www.xiaohongshu.com/explore/6694eac200000000250150b1?xsec_token=ABm9sa7yUMowO90GKRx2nGFVWB9pYrqMOBErP5Wrgmc4A=&xsec_source=pc_search&source=web_explore_feed,https://sns-webpic-qc.xhscdn.com/202502270016/d51224a93c2d44e5dd0210e197a9fff9/1040g00831593so6phe00494ubssrl9ga1a1t80o!nd_dft_wgth_webp_3,张鸭啾,,
🚘天津-新疆自驾最强旅行攻略来啦,"新疆那么美，趁着难得的假期，那就来一场蓄谋已久的长途旅行吧！！
我们一家四口，两大两小，对比了plan 1：飞机落地+当地租车以及plan 2：全程自驾两个方案的花费，以及带娃的方便性与自由度，毅然决然选择了自驾。
1️⃣路况
首先，需要说明，我们自驾全程开的是一个家用五座轿车，去程天津-新疆走的京藏-京新线。这条路线非常好走，全程铺装公路，服务区不少，沿途风景十分丰富与震感。全程车辆很少，一路顺畅，所以，大家不用担心油不够，以及旱厕的问题，我们全程没有遇到一个旱厕，不知道那些说路上有旱厕的是什么情况……
2️⃣进疆路程规划
day1：从天津北上途径北京-张家口-乌兰察布-呼和浩特-包头 （车程10h ）
day2：包头-额济纳旗 （车程9h）
day3：额济纳旗-哈密（车程8h）
day4：哈密-昌吉（车程8h）
由此正式入疆，踏入伊犁环线，开始了大美新疆之旅。这个路途规划，我个人非常推荐，因为带娃，车程不宜过长，平均每天八九个小时的路程，司机不累，孩子们也不闹，休整一晚睡到自然醒，第二天精神抖擞，整装待发。
	
3️⃣伊犁环线行程规划
day5：昌吉-博乐 （宿）走s101公路
day6：博乐-赛里木湖-伊宁 （宿）
day7：伊宁-喀拉峻大草原-特克斯八卦城 （宿）
day8：特克斯八卦城-巩留（宿）
day9：巩留-库尔德宁草原-新源（宿）
day10：新源走独库公路-途径百里画廊-吐鲁番
day11：吐鲁番-哈密
至此新疆之行结束🔚开始返程
4️⃣返程路线
day12：吐鲁番-张掖-
day13：张掖-七彩丹霞-兰州
day14：兰州
day15：兰州-西安
day16：西安-郑州
day17：郑州-新乡（胖东来）-石家庄（回老家）
day20：石家庄-天津
	
5️⃣花费
包括去之前准备的物资，合计2w
其中过路费2500➕油钱4500➕住宿5000➕吃饭2200
	
字数有限，今天先分享到此，后面会继续分享更多更详细的新疆之行，希望对大家的旅行有所帮助
	
#新疆 #新疆之旅 #新疆旅游攻略 #新疆自驾游 #自驾游路线 #新疆伊犁 #喀拉峻 #自驾游 #我的旅行日记 #旅途中的美景",409,525,33,https://www.xiaohongshu.com/explore/66a0d0e8000000000a024468?xsec_token=ABviq6NnMJvZOTpRx9mrKDWGp3ExZ7hXgW00hrK6-JfRI=&xsec_source=pc_search&source=web_explore_feed,https://sns-webpic-qc.xhscdn.com/202502270017/566fe68b3773d57f9e6f4ab38fff3d03/1040g2sg315knnr1phc705nclsvn08nohocfig1o!nd_dft_wlteh_webp_3,铁锤妹妹小二宝,,
人在新疆 不想报团的姐妹参考这篇,"我们两个女孩子去新疆，不敢自驾，第一时间想到的就是报团，做了很多攻略之后，觉得报团真心不适合我们，赶路时间多，游玩时间少，我们7天年假，本来就没打算玩多少景点，也不想太累，但是跟团每天都要跑不同的地方，真的没有看到让我特别心动的行程，于是选择了自由行
	
现在想来，选择真的是太太太正确了，喜欢的地方想待多久待多久，中途还预留了睡懒觉休整的时间，整个7天玩下来，松弛感拉满，我和小伙伴都觉得，如果有时间，我们还能再玩7天，整个行程不累反而还很兴奋
	
🖼路线参考:
第1️⃣天  伊宁-六星街-住伊宁
第2️⃣天  伊宁-赛里木湖-住伊宁
第3️⃣天  伊宁-伊昭公路-昭苏-住厦塔
第4️⃣天  玩夏塔-住特克斯
第5️⃣天  特克斯-新源-住那拉提
第6️⃣天  那拉提-新源-住伊宁
第7️⃣天  伊宁-批发市场买特产-回家
	
⚠️我想大家最担心的就是交通问题，我想说，真的不用担心，一路走下来，我们都觉得新疆的交通就是一个巨大的联络网，我们全程公共交通＋拼车，所有的票都可以在《新疆客运联网售票》GZH上面买到，第一天去赛湖，客运站工作人员就会把当天所有乘公共交通去赛湖的旅客建一个群，群里100多号人，我们每天都在群里各种拼车，发不同地方的实时路况和美景，哪里美去哪里，非常棒，即使没在群里也没关系，你可以主动询问公车师傅，你想去哪里他都可以帮你联系，联系好了师傅会主动给你打电话，而且都是送到目的地后才收💰。实在不行，你就联系民宿老板，让他帮你约，我们每坐一班车，就会让当下这个司机师傅帮我们把下一个行程的师傅联系上，玩完了师傅就在景区门口等，很方便，一点不麻烦。
	
Tips✅
这次出门带的东西也是刚刚好
3条裙子＋2条裤子
一双运动鞋＋一双洞洞鞋
两个防晒帽＋墨镜
1件冲锋衣＋2件防晒衣
防晒霜＋芦荟胶＋修复面膜
花露水＋蒸汽眼罩＋充电宝
齐活儿～🩷
一点不多余，每样都用到了
	
总结:
新疆确实太美了，路上美，景点也美，这次来了才发现，原来电脑桌面是真实存在的，而且比桌面更美，好喜欢塞湖，好喜欢厦塔，伊昭公路一定要去，美已经说腻了，反正下次，我还来
	
#小众旅行地 #那拉提 #夏塔 #乌孙古道 #旅行推荐官 #一起享受大自然的美 #我的旅行日记 #无滤镜旅行攻略",2494,3315,162,https://www.xiaohongshu.com/explore/66bac4bb000000001e0198e8?xsec_token=ABEnTm7QaC0ejFVQ91DzmWqgycVgGcSaa-_dG5yDOm0SM=&xsec_source=pc_search&source=web_explore_feed,https://sns-webpic-qc.xhscdn.com/202502270017/966e855c55e33c3d12ae4cdf5145e338/1040g008316e2npppgo605ndmurm093nckeoqhco!nd_dft_wlteh_webp_3,花游渝,,
📍新疆 没做好攻略的一定不要冲动,"✈️机票：¥3762
在携程买的，出发时间5.11，新疆旅行旺季在6月
	
🚗租车：¥2061
在携程预订的坦克300，预约到达第二天送车到酒店，返程当天还车，总共用车时间是8天6小时，租金+保险费用共2061元
	
🎈租无人机：¥496
在小红书上提前联系的机场周围的一家大疆无人机租赁，租了8天，62元/天，押金六千，第一次接触无人机，就很担心玩不好，或者不会玩给搞炸机，租的时候老板详细讲了一下怎么用（建议小白可以直接现场录视频）
	
🏠住宿：¥2409
平均每晚三百左右，市区首选全季，景区就民宿，在那拉提三百多体验了旺季一千多一晚的民宿
	
⛽️油费：¥2530
全程总共加6次油，最后满油还车，油价基本在7.9-8.3之间吧，租车的要求要加95的油，所以也会稍贵一点
注意：在新疆加油，进加油站和加油时都要刷身份证
	
🎫景区门票+项目：¥1380
恰西：自驾票30元/人
喀拉峻：自驾票原来是160元/人，修路期间几个路线不能走，100元/人
赛里木湖：自驾票48小时，190元/人
木特塔尔沙漠：门票10元/人，体验沙滩摩托：160元
那拉提：自驾票200元/人，骑马80元/小时/人
其他景点基本都是路过看下免门票
	
🥣吃食开销：¥1800
平均一天一次正餐，一百左右，其他路上随便吃点，每天出发前会买点水果，水，零食，平均每天200
	
🎁特产：¥400
主要买了各类葡萄干和奶制品，小红书攻略都推荐正飞鲜奶，碰巧找到了一家干果超市旁边就是正飞，直接在这两家买齐啦（找不到的可以搜：小付水果干果超市），买特产前还特意去当地的超市对比了价格，还是外面的干果店更划算
	
🧳寄行李：¥116
回程春秋航空没有免费行李额，单独买有点贵到不甘心，所以就寄了京东大件，两个行李箱差不多30公斤，116元
	
📝出行准备：预估7000左右
买衣服+帽子+各种一次性日用+自拍杆等，还斥巨资搞了一个可以一镜走天下的镜头（3500元左右）；
不过这一项属于一次投资，多次享用，毕竟即使不出去玩也要买好看的衣服的
	
#新疆 #攻略 #旅行 #自驾游",159,235,43,https://www.xiaohongshu.com/explore/666ec2bd000000000d00d7b8?xsec_token=ABh7GpzPiHaLyjMXQjtmCXMQykIUKrXg38QDz56CDBXLk=&xsec_source=pc_search&source=web_explore_feed,https://sns-webpic-qc.xhscdn.com/202502270017/375ee98c30d4d4ee326b89b96d6abfd0/1040g2sg3146fbhnpic105omc8mgjht2js2m1qj0!nd_dft_wlteh_webp_3,杏子不酸呀,,
新疆未必非得报团,"统一的话术：“新疆堵车，避雷，只有小包团，私家团才能避开人流才能有好体验。”这种帖子大家复制粘贴一下不知道用了多少遍，竟然还这么多人听。总结：是制造焦虑并创造需求的以偏概全的话术
	
说一点中性的信息
1.新疆大部分区域只要会看地图，会查酒店，就可以串一个比较舒服的旅程。但一定要注意实际的用车时长
2.新疆的堵车问题不是必然事件，堵车和节日，和著名路段有关，你完全可以不选择它们
3.老司机并不会给你带来过度加成，因为只要不涉及深度越野，大家都可以通过导航到达目的地，而山路也大多为铺装路面，小心谨慎即可
4.虽然我是做旅行团的，但我十分同意自驾的自由和乐趣，如果你们彼此熟悉，那旅行的松弛度一定是大于车里有一个外人的。况且，说实话我不觉得这边大部分领队真的“有趣”，把冒犯当成有趣是当下这个市场的常态
5.不要太拘泥于“栈道”这种东西，栈道之外只要是你判断能走，且路径清晰，都可以去看看。很多所谓的小众点都是这么诞生的，没那么复杂
6.学会几个手机软件真的可以提高很大的上限，而这个学习成本比你的工作，其它技能要低的多。例如两步路（帮你拓宽道路地图之外的区域），windy（局部天气的精准版）
7.合理利用小红书，小红书已经越来越替代百度，但需要你会筛选。如果你想获得景点信息，建议去看特别普通的人说的东西，加上个人旅行博主的内容，最后加上部分风光摄影博主的内容，来综合判断。提一下为什么去看风光类而不是人像旅拍类，因为人像类的结果导向是把人拍好看，而不是这个环境究竟多美，所以人像类对你的自由行规划的真实性几乎没有帮助，甚至有很多夸大的情况
8.不要相信任何所谓的天气差所以景区避雷的帖子。很无脑且没有逻辑。因为任何地方天气差可能都受影响，吐槽的应该是老天爷或者自己查天气的能力，不应该是景区或者目的地
9.其实每一个景区都值得去，就算和大家说所谓的合理组合也不是绝对的。如果翻一下各种帖子，一定会发现见仁见智的说法，放松一点，给多一点时间在一个地方自然就会觉得它格外值得，饱满且时间充足的自然价值也等于情绪价值
	
#新疆旅游攻略 #独库公路 #伊犁环线 #夏季旅行首选地 #新疆自由行 #伊犁自由行 #阿勒泰自由行攻略 #旅行团 #摄影 #琼库什台",2367,2474,427,https://www.xiaohongshu.com/explore/66627eca000000000e0321ef?xsec_token=ABPafdwCXLBRt_tra1zVfQec0O1Rpk6zH5tNm-o-OYrW0=&xsec_source=pc_search&source=web_explore_feed,https://sns-webpic-qc.xhscdn.com/202502270017/edb5b3149aabaaf702220bc78933cc01/1040g008313ns6us71g005nqkm8v099uq7hkcb60!nd_dft_wlteh_webp_3,火火和月月,,
现在一万块去新疆阿勒泰玩八天够用吗？,"包含机票和酒店还有吃饭，跟车费去新疆阿勒泰玩八天，够用吗？
新疆阿勒泰现在雪厚吗？
看了很多帖子和攻略，有跟团，还有自由行的，不知道哪个出行比较好呀？
有什么靠谱的团也可以推荐看看
#新疆#禾木#新疆旅游#新疆旅行攻略#自由行#新疆跟团游",258,200,470,https://www.xiaohongshu.com/explore/6751b058000000000703b313?xsec_token=ABzrOrjc7sZXaO4lDP56a2WcxEEzQz96H-XdCMbYs9J8o=&xsec_source=pc_search&source=web_explore_feed,https://sns-webpic-qc.xhscdn.com/202502270017/0d06486090f2e6e82db70cb9864a296b/1040g00831b1f0lqf7i6g5pfc637h9lsj4fdasgo!nd_dft_wlteh_webp_3,小红薯65ED4E8F,,
新疆8天7晚躺平式行程,"💥💥前提：适合悲催的只有一周假，还要带老人带孩子的中年上班族。每天车程不超过300km，大交通靠飞机和火车，适合不喜欢坐车，且对于景点没有打卡式游览需求，善于放弃的人。💥💥
	
⭐️day1: 乌鲁木齐落地，因为没有直飞伊宁的航班，所以乌鲁木齐落地，当天下午可以浏览一下大巴扎和汗血宝马基地。基本没有太多好玩的地方。
⭐️day2: 乌鲁木齐飞伊宁，由于航班早，所以11点多就可以开始玩六星街了。酒店定在六星街对面，老人逛累了可以先回去午睡，孩子在六星街逛到不想走。等老人起来，下午六点多去喀赞其转转，顺便解决晚饭。然后去伊犁河看日落。夏天10点左右才日落，看完打车回来睡觉。
	
🚙day3: 这天开始租车。我选择去喀拉峻草原，因为路程不算远，且路况好开。放弃了恰西和库尔德宁，因为对于草原没有执念，看一个就好。而且喀拉峻有峡谷，不会审美疲劳。另一个原因是想住喀拉峻的花间营。
⭐️⭐️day4: 休整日。很重要！睡到自然醒，在酒店悠哉的骑马射箭。下午出发去昭苏县城吃午饭，然后沿路走县道，看看油菜花，草垛子，乡间美景。途径昭苏玉湖，抵达夏塔门口入住。
⭐️day5: 大早上玩夏塔，只需要徒步转运桥到将军桥就够了。中午出门，继续昭苏县午餐，走伊昭公路回伊宁。伊昭公路本身也很美，走走停停，沿途风光。这一天相对来说是最累的。但是因为前一天休整过，所以还好。
🚙day6: 伊宁到赛里木湖，途径薰衣草，再环湖游玩，再到博乐还车。有异地还车费，可以忽略。
	
⭐️🚗day7: 博乐坐火车到吐鲁番，需要经乌鲁木齐中转，抵达大概在下午两点。由于吐鲁番别有一番韵味，在玩过草原湖泊之后也不舍放弃，所以还是去了。到吐鲁番再租车一天。坎儿井，博物馆和交河故城都来得及去。
⭐️🚗day8: 火焰山葡萄沟游玩一圈后，回乌鲁木齐，返程。
感恩天气，每一天都是大晴天，除了在喀拉峻的夜晚，风雨大作，却看见了彩虹，以及第二天灿烂的清晨日出。",292,568,56,https://www.xiaohongshu.com/explore/6695ce12000000000d00e87e?xsec_token=AB1_UvaU3Dt-YTy8Bse6R_F11vL9F9_TjyPtVdwLuyONk=&xsec_source=pc_search&source=web_explore_feed,https://sns-webpic-qc.xhscdn.com/202502270017/5850cd7b36cd1f11fffec075baaf02c1/1040g008315alinc51c1g400mdhh5q8i2f2e1frg!nd_dft_wlteh_webp_3,花花🌸杂记,,
第一次新疆到底自由行还是跟团游？？,最近有不少网友问我“去新疆是自由行还是跟团游好？”那么这个视频告诉你到底怎么游新疆#旅游攻略 #新疆之旅,158,121,41,https://www.xiaohongshu.com/explore/661654c8000000001b00bcb9?xsec_token=ABOkv_6PM1iVDqn1MVq8s-pdRtU8cswkGkoWfaVo2k9c8=&xsec_source=pc_search&source=web_explore_feed,,小杨趣旅游,,
2w去新疆 真的很少吗,"看了好几条路线
不得不说
⛰️新疆比我想象中的还要大
#7月新疆#亲子旅游 #总要去趟新疆吧 #新疆是个好地方
从sz出发 机票住宿吃饭租车
自由行要带脑子 报团又怕遇上坑
预算想控制在2万以内
最怕的就是花了钱还没玩好
	
我的阿勒泰就要止步于此了嘛#新疆",390,265,1305,https://www.xiaohongshu.com/explore/667a2d35000000001e012bbd?xsec_token=ABXY2d6axrx3bksxM24UMdt-HmkQJJM5uKiSzG5NFRmOk=&xsec_source=pc_search&source=web_explore_feed,https://sns-webpic-qc.xhscdn.com/202502270017/b4e88416803fd40dd62771ce0d810135/1040g2sg314f08djdm2005od8htdoc4h2b4oj6o8!nd_dft_wlteh_webp_3,爱大馨,,
5-7月计划来新疆的姐妹，听我一句劝吧....,"这个夏季一定要去新疆的伊犁或阿勒泰！
5月至7月，北疆的自然风光达到顶峰，夏天的景色令人惊叹不已！想象一下，你置身于无边的绿色之中🌿，四周是草原、雪山、森林和牛羊，宛如进入了一个梦幻的童话世界。
	
✅赛里木湖 —— 高原上的蓝宝石
被人称为“大西洋最后一滴眼泪”。 周围是壮观的雪山和无边的草原，花开的季节，这里是一片花的海洋。
	
✅ 独库公路 —— 穿行在天山山脉的壮观大道
一路上，你可以欣赏到从戈壁荒滩到高山草原、雪山湖泊再到森林河谷的多样景观。 每一步都仿佛走在画中，令人心醉
	
✅ 那拉提草原 —— 古丝绸之路上的绿宝石
一片遍布雪山和森林的美景，被《国家地理》评为世界上最美的地方之一。 仿佛走入了安徒生的童话世界。
	
⚠️注意事项
⭕住宿尽量住城市不住景区；尽量住酒店不住民宿。新疆的环境比内地差不少，选择好一点的酒店，会更加提高睡眠质量。
⭕热门景区门票一定要提前预约❗❗❗比如夏塔门票经常秒空，那拉提的自驾票秒空，最恐怖的是阿勒泰的喀纳斯跟禾木，现在都是早几天就秒空。
⭕新疆夏日天气多变，可能上午还晴空万里下午就暴雨冰雹，很多景区可能因天气不好会临时关闭劝返。赛里木湖、那拉提建议上午下午都留一些时间；夏塔几乎是典型的上午大概率晴，下午100%下雨，所以最好选择上午游玩。
	
🌞夏季8日游：
✨D1：全国各地-乌鲁木齐-大巴扎
✨D2：乌鲁木齐-S101国防公路-安集海大峡谷-奎屯
✨D3：奎屯-赛里木湖-伊宁
✨D4：伊宁-琼库什台-特克斯八卦城
✨D5：特克斯-恰西森林-那拉提镇
✨D6：那拉提镇-那拉提大草原-那拉提镇
✨D7：那拉提-独库公路-乌鲁木齐
✨D8：乌鲁木齐-返程回家
	
✅关于我们
📌2-6人纯玩小团
📌环线设计，边走边玩
📌无人机航拍+专业摄影旅拍
📌纯玩小团，全程0购物，无隐藏消费
📌豪华大七座，享受陆地头等舱的舒适感
﻿#新疆之旅﻿ ﻿#新疆旅游攻略﻿ ﻿#阿勒泰﻿ ﻿#赛里木湖﻿ ﻿#伊犁﻿ ﻿#那拉提﻿ ﻿#恰西森林﻿ ﻿#新疆旅游﻿ ﻿#乌鲁木齐﻿ ﻿#旅行大玩家﻿",55,81,31,https://www.xiaohongshu.com/explore/67b5322b00000000290245b9?xsec_token=ABUG3PXM2rkDKZT301D-MHGH0fb8WuIaONR7oj34eChUc=&xsec_source=pc_search&source=web_explore_feed,,北斗七行,,
去新疆旅游还请慎重，真的差点意思,美的让人说不出话，以后去哪地方都感觉，起点太高了﻿#李诞﻿﻿#李诞﻿ ﻿#诗与远方﻿ ﻿#新疆﻿ ﻿#新疆旅游﻿ ﻿#美的不真实﻿ ﻿#慎重考虑﻿ ﻿#自驾游﻿ ﻿#穷游﻿,66,21,评论,https://www.xiaohongshu.com/explore/67375fb40000000019018381?xsec_token=ABgQQ8GzlI6oCBFrhX04KJkrHA6ee1e2TJy7Xig37Bc7I=&xsec_source=pc_search&source=web_explore_feed,,诞总小卖铺,,
超详细！女生独自3000元穷游新疆攻略,"如果有视频里没有提到的，大家直接问就好。新手博主，视频做得不好请大家见谅
	
#灵魂和肉体都在路上 #那拉提 #我的小众旅行攻略 #一个人的旅行 #旅行推荐官 #我的旅行日记 #旅途中的美景 #新疆 #穷游 #背包客",1064,356,103,https://www.xiaohongshu.com/explore/66b0a8480000000009015e41?xsec_token=ABZi_9wel6tUo6AOnPFKzsP6Ayf63I99W8rggPbdcdlPs=&xsec_source=pc_search&source=web_explore_feed,,仲夏川猪,,
现在一万块去新疆一星期够用吗,"包含机票和酒店还有吃饭，去北疆一周够用吗
现在是去阿勒泰好还是伊犁
看了很多帖子和攻略，又跟团也有自由行的
不知道哪个方式比较好
哪个方式会更
划
算
#新疆旅游攻略 #新疆之旅 #新疆 #新疆攻略 #新疆自由行 #跟团游 #北疆 #北疆旅游 #旅行#北疆风光",420,288,1049,https://www.xiaohongshu.com/explore/67a36844000000001703a290?xsec_token=ABg1G-GnLsdK--RDFG2-wYEswO_gsHGosBD0c1e9PvsVs=&xsec_source=pc_search&source=web_explore_feed,https://sns-webpic-qc.xhscdn.com/202502270018/2f4538211931ecced05ba97d8dc6256b/1040g2sg31dh8n480gu705poe1dtnc71pejco2j8!nd_dft_wlteh_webp_3,小红薯670EA789,,
新疆自由行12天，北疆火车公共交通攻略,"13乌鲁木齐天山天池，客运中心大巴，晚上火车去伊宁
14伊宁，六星街，喀赞其民族街，丝路之光
15赛里木湖，客运中心大巴往返
16恰西，客运中心大巴往返
17天山花海，恰甫其海，自驾不耽误可以去库尔德宁，可以客运中心往返或者选择喀拉峻客运中心往返
18那拉提，自驾，可以伊宁往返
19昭苏，自驾，可以客运中心大巴
20伊宁闲逛
21吐鲁番，乌鲁木齐火车往返，火车去北屯市，北屯市大巴70元去贾登峪游客中心
22贾登峪游客中心买票预约去喀纳斯观鱼台，住白哈巴
23白哈巴换乘大巴一小时到喀纳斯游客中心，吃饭，然后游喀纳斯三湾，下午三点半，贾登峪游客中心70元返回北屯市，北屯市火车回乌鲁木齐
24乌鲁木齐飞北京",82,96,3,https://www.xiaohongshu.com/explore/6678085e000000001d015e53?xsec_token=ABKLGKFycGJkuhBPwWXhyM054P9PVOfkz_cZD1qyBGe4Q=&xsec_source=pc_search&source=web_explore_feed,https://sns-webpic-qc.xhscdn.com/202502270018/a76738ec6ed08c1a24cc681111247904/1040g2sg314ct8gi9m86g5p3n97pnottp1pvobgg!nd_dft_wlteh_webp_3,AIA王静怡,,