标题,内容,点赞,收藏,评论,笔记链接,图片链接,作者,keyword:美国西部自驾游路线,2025年02月26日 23:40
,一张图秒懂美西自驾玩法🌹美国西部自驾攻略,"美国西海岸自驾必备🚙🇺🇸30 多种玩法任你挑‼
	
🌟计划美国西部自驾游，不知道咋安排路线？
我的这张路线图可以给你一些思路～
详细路书厮
红线，美国西部常规自驾游玩法。时间够可以走旧金山或洛杉矶环线（需22天左右），时间不够，黄石结束可以飞一段，或开回盐湖城飞一段，再继续走环线。
	
蓝线小众线路，适合第二次去美西的朋友，亮点是西雅图的波音工厂、雷尼尔山和奥林比克两座国家公园。
	
我们把美国自驾这两条线，拆成了30多种玩法，⬇️
	
覆盖：
加州小环线6-14天，自然风光或亲子游。
一号公路+大峡谷+羚羊谷+黄石14-20天
洛杉矶往返的美国西部大环线，以大峡谷、羚羊谷、纪念碑谷、拱门和锡安等为主5-14天。
	
重点：我们把这些玩法，思路，整理成了专业的
攻略路书，路书都有啥⬇️
	
✅每天去哪儿玩、吃什么、住哪儿（都是过去12年中，我们常用的酒店，都在比较安全的区域）
✅复杂景点的手绘示意图
✅行车轨迹可一键导航到停车场或拍照点
✅路书是小程序版本，支持在我们专业路书上修改，做一本属于自己的路书~！如果喜欢纸质版，还可以全彩打印出来~！
⚠⚠⚠更重要的是，我们还有美国自驾group，有专业领队答疑，队友分享互助~！
	
🗺**路线主题：**
❤旧金山 -> 蒙特雷：参观硅谷，在17英里海岸见证海洋和陆地perfect的结合点
❤蒙特雷 -> 洛杉矶：加州一号公路的精华段，感受山与海的相交，沿途游览丹麦村、圣塔芭芭拉，感受洛杉矶的娱乐氛围。
❤洛杉矶 -> 圣迭戈：打卡中途岛航母、感受墨西哥风情。 ❤拉斯维加斯 -> 盐湖城：探索羚羊谷和大峡谷的壮丽景色
❤盐湖城 -> 黄石 -> ：黄石国家公园的自然奇观无需赘述～
❤波特兰 -> 西雅图->旧金山：寻找暮光之城，走一段更小众的沿海自驾公路。
	
🔖准备好你的行李，带上你的路书，让我们一起出发吧！🚗💨
#自驾游 #美国 #美国西部 #旅行 #旅行攻略 #自驾 #笔记灵感 #旅游 #自由行 #美国签证",184,344,93,https://www.xiaohongshu.com/explore/67585817000000000203608b?xsec_token=ABRLbg27_QKYsQEOQyydGDGZLhqP6M7gp8JLYI1oJCfH4=&xsec_source=pc_search&source=web_explore_feed,https://sns-webpic-qc.xhscdn.com/202502262340/bbbeba10fde4f7ef58b35bade505edb3/1040g00831b7uvqqqng005n0k9ql1fdkifnq2rs8!nd_dft_wlteh_webp_3,汤姆的旅行攻略🚘,
,秒懂美西自驾🚙加州一号公路+黄石5种玩法,"🇺🇸美国西部自驾三大目的地：加州一号公路、大峡谷、黄石国家公园相隔非常远，怎么合理规划行程是个难题😭
	
而且要在规划路线时，注意以下几点：
	
加州一号公路要北向南开（旧金山往洛杉矶方向）才在靠海的一边。
	
⚠️如果反走。结果就是你看到对面有观景台，但路中间是双黄线过不去。
	
😭买了落地洛杉矶的机票也不用担心，你可以先去大峡谷，黄石之类的，最后到旧金山再走一号公路。
	
一号公路在卢西亚附近依然修路，无法穿行，但大苏尔已经可以玩了，详见【美国自驾路书合集】。
	
一号公路实际是旧金山北边的Leggett开始的，北边去的人少，景色更狂野，所以，从西雅图南下，也是一个好主意。
	
假期不够的，不要为了省那点儿异地还车费，从黄石开回旧金山，因为2-3晚的住宿费、油钱也是钱啊。
	
羚羊谷旺季一定要提前预约，现场去99%没位置。
	
🚙我整理了5种一号公路+黄石的玩法，希望能帮你梳理思路～👉划看其他路线图
	
⚠️⚠️⚠️这5张路线图，都配着详细的路书，里面包含：
	
✅行车轨迹，一键导航到拍照点或停车场。
✅复杂景点手绘示意图，不踩坑。
✅每天去哪儿玩、吃什么、住哪儿（安全区域）
✅美国自驾游知识，如交规、停车、取车还车、遇到各种麻烦怎么处理等等。
	
更重要的是，我们还有【美国自驾互助群】里面有专业领队答疑，队友分享互助‼️
	
👇点击左下角“同款”可了解《美国专业自驾路书合集》的 详细介绍。
	
#美国自驾游 #美西自驾 #美西旅行 #黄石国家公园 #美国羚羊谷 #美国大峡谷 #加州一号公路 #加州一号公路自驾旅行 #美国优胜美地自驾游 #拱门国家公园",257,528,22,https://www.xiaohongshu.com/explore/669e6c7f000000002701d622?xsec_token=ABsUvJuN5bP-gHP7eMSqAflHPW4t43qvhdSKuUwe-bSgc=&xsec_source=pc_search&source=web_explore_feed,https://sns-webpic-qc.xhscdn.com/202502262340/326ea10c6d109dcbeff2d98b4c709fd9/1040g008315icvk4igu005n50gbfkjb34d7u3t8g!nd_dft_wlteh_webp_3,七十迈旅行路书,
,美西国家公园小环线4天自驾规划 巨详细!!,"圣诞和元旦在拉斯维加斯和周围的国家公园自驾4天，把整理好的线路详情分享给大家
- 图1：总体路线
- 图2-4：自驾行程规划详情，包括景点、餐厅、酒店和停留、开车时长（Day1: 锡安+布莱斯峡谷; Day2: 鲍威尔湖+葛兰峡谷大坝+羚羊谷+马蹄湾; Day3: 大峡谷; Day4: 胡佛大坝)
- 图5-11：一路上的照片
- 图12-13：打赏¥9.9 获得超级详细、综合小红书精华并亲测复盘优化的【自驾游日程安排】和【谷歌导航规划】！打赏链接进店铺可见 
	
亮点 & 注意点：
 日出日落：Bryce Canyon, Horseshoe Bend, Lake Powell, Grand Canyon都很美
 公路：一路的地质和植被变化很明显，视野开阔，心情舒坦。唯一需要注意的是Kanab这个小镇确实有警车候着抓超速 
 小环线会经过4个国家公园，每个公园门票是35刀（1辆车/ 4个人），七天内有效。最划算的方式是进第一个公园的时候80刀的国家公园年票，后面就都能用了。公园年票要和票主 ID 一起验证，记得进出园区的时候那个人都在车上，要不还得再买票（我就是那个一大早在朋友还在睡觉 自己独自开车去看日出 结果重新买票的人）
 路上很长一段没有信号，一定要提前下载好离线地图。
 Zion的徒步路线很多细沙，很滑，最好穿徒步鞋。The New Wave风（沙）很大，建议戴口罩和有帽檐的帽子，要不能像我一样收获一身（+满嘴）的沙
 租车最好租四驱（4WD/ AWD）。这次我们行李多，租mini van，幸运地免费升级给了Infiniti QX80 RWD（后驱），在大峡谷visitor center停车开进了一个小坡（看着只是个小坑的样子。。），后轮悬空然后就开不上来了 有很多热心群众帮忙指导，踩着脚刹踩油门确实有帮助（虽然巨损刹车），车上去了一点，很多男生帮忙推车，试了好几次都还是差一点点，然后指导的大叔说没办法了你们打电话喊拖车吧。就在我准备打道路救援的时候（买了道路救援的保险所以不用担心费用，建议大家租车的时候买上以防万一，毕竟随便就好几百刀的费用），团友机智地在停车场蹲到了一辆牧马人的车主，车主热心地答应用他的车帮我们拉了一把，车就上去了！超级开心地和牧马人车主合照 
 我们在去Zion的路上经过Walmart买了一箱水、水果、面包和零食，4天回到Vegas的时候刚好消耗完。
 大峡谷园区内只有一个卖三文治的咖啡店，而且超多人排队，建议自带午餐，晚餐可以看完日落回到小镇吃
	
为了把 80 刀买的公园年票🎫 物尽其用，今年争取去其他国家公园🚗，大家最推荐哪个公园呢？
	
﻿#美西﻿ ﻿#环线﻿ ﻿#锡安﻿ ﻿#布莱斯﻿ ﻿#鲍威尔湖﻿ ﻿#羚羊谷﻿ ﻿#大峡谷﻿ ﻿#反向旅行出门溜溜 ﻿ ﻿#拉斯维加斯﻿ ﻿#美国国家公园﻿ #大家最推荐哪个国家公园？[投票]#",27,60,4,https://www.xiaohongshu.com/explore/6778d333000000001300ee3b?xsec_token=ABAjTEDNcn103hcQn3vbnCjNV_jq_dYiKeoS2Znr_E2bo=&xsec_source=pc_search&source=web_explore_feed,https://sns-webpic-qc.xhscdn.com/202502262340/f3a7a9fe789f4fcf63d11e3c6d476496/1040g2sg31c7mc5p4h60040j33d1tv6q28phv3oo!nd_dft_wgth_webp_3,熊,
,🎉10日穿越-美国西海岸自驾游全攻略🍁,"美国西海岸可以说是旅行者的天堂，洛杉矶的阳光、旧金山的金门大桥、拉斯维加斯的繁华，还有国家公园的壮丽景色，自驾可是不错的选择！
分享一条「10天西海岸自驾游攻略」，说不定就用上了~
	
Day 1-2：旧金山
别忘了去金门大桥打个卡，逛逛渔人码头，品尝最新鲜的海鲜大餐哦🦀
特别推荐：
「恶魔岛监狱」预订一个导览，了解这段历史；
「硅谷一日游」科技爱好者的天堂。
Day 3：加州1号公路
沿着1号公路，一路向南，别忘了在大苏尔停留，那里的海岸线是摄影师的天堂呢📸
Day 4-5：洛杉矶
好莱坞、圣塔莫尼卡海滩、格里菲斯天文台...洛杉矶有太多值得探索的地方。别忘了去星光大道上找找你最爱的明星手印哦🌟
特别推荐：
「格里菲斯天文台」晚上看城市夜景超震撼；
「洛杉矶农夫市场」尝试地道美式小吃。
Day 6-7：圣地亚哥
感受加州的悠闲生活，去拉霍亚海滩晒太阳，或者在巴尔博亚公园散步，享受一段宁静的时光~
特别推荐：
「中途岛号航空母舰博物馆」适合喜欢军事历史的朋友；
「海港村」可以体验当地的海边生活。
Day 8：拉斯维加斯
沙漠中的绿洲，拉斯维加斯的夜生活不容错过。试试你的运气，或者在贝拉吉奥喷泉前欣赏一场震撼的表演🎰
特别推荐：
「弗里蒙特街体验馆」灯光秀超酷！
Day 9-10：大峡谷国家公园
站在峡谷边缘，感受大自然的壮丽和人类的渺小🏞️
自驾Tips
提前规划租车，推荐「Hertz」「Alamo」等国际租车公司，注意购买全险，或者可以找我哦~
美国加油站通常需要信用卡预授权，建议带Visa/MasterCard；
西海岸白天阳光强烈，记得带墨镜和防晒霜；
国家公园需提前预约门票，尤其是夏季旺季。
#十二月适合旅游的地方 #旅游必备用品   #美国  #美国西海岸  #美国旅游  #美国旅游攻略  #美国自驾  #美国自驾游  #美国旅行  #美国旅行攻略  #旅行  #旅游  #旅行摄影  #旅游摄影  #美食  #爱生活爱美食  #美食之旅",7,3,评论,https://www.xiaohongshu.com/explore/67580cf00000000004028cab?xsec_token=ABRLbg27_QKYsQEOQyydGDGTBOuWyTcTYreATtHUTOQsM=&xsec_source=pc_search&source=web_explore_feed,https://sns-webpic-qc.xhscdn.com/202502262340/ec84fb27881339af4a48a1c0caa470e6/spectrum/1040g34o31b7lpsijni0g42b8bqe7dgiauk8o0go!nd_dft_wgth_webp_3,赫敏笔记,
,🗺️“下羚羊谷+周边深度游！3天2晚保姆级行程,"🗺️“下羚羊谷+周边深度游！3天2晚保姆级行程，小众玩法爽到飞起！”🗺️
谁说下羚羊谷只能玩2小时？解锁周边隐藏玩法，直接承包整个亚利桑那！
🚗Day1：
上午：下羚羊谷深度游（选摄影团，多1小时拍摄时间）
下午：自驾波浪谷（需抽签，但旁边免费的“伪波浪谷”同样震撼！）
傍晚：马蹄湾看日落（iPhone广角仰拍，悬崖大片惊险度满分！）
🏜️Day2：
上午：鲍威尔湖游艇早餐（人均80刀，在科罗拉多河上吃班尼迪克蛋！）
下午：纪念碑谷《阿甘正传》同款公路狂奔（租辆敞篷野马，BGM立刻响起！）
夜晚：沙漠观星（银河清晰到肉眼可见，记得带三脚架拍星轨！）
⛺️Day3：
上午：Page小镇淘古董（西部牛仔帽+印第安银饰，30刀拿下ins爆款）
下午：秘密洞穴泳池（导航“Lake Powell Cave”，跳水爽到尖叫！）
🍔美食彩蛋：
▪️“BirdHouse”的炸鸡华夫饼，甜咸党狂喜！
▪️ Navajo印第安部落的蓝玉米烤饼，土著老奶奶亲手做！
⚠️提醒：租车一定要买全险！荒漠路段石子崩玻璃是常态！
这套行程发朋友圈，直接被问是不是国家地理摄影师！🌎
📍#美国自驾 #下羚羊谷 #小众旅行 #沙漠度假 #旅行路线",5,2,评论,https://www.xiaohongshu.com/explore/67a7b1b20000000029009a0f?xsec_token=ABOoy-qneVUltTdffph7u3CLBlNyQnktqmEd0gOYhizZ8=&xsec_source=pc_search&source=web_explore_feed,https://sns-webpic-qc.xhscdn.com/202502262340/245472147d2d7c8dce4a79d2e05eb9a0/1040g00831dlcq3g0gu6g5pm73ndnc7lbmn0bjr0!nd_dft_wlteh_webp_3,纯玩旅游景点,
,洛杉矶往返，求推荐美西自驾最适合路线,"准备洛杉矶出发，最后需要返回洛杉矶。想去Vegas和旧金山，一共只有9天时间，而且只有一人开车，一个孕妇。
求大家帮帮忙给点建议：
1:是开去SF仔返回洛杉矶，再去Vegas。
2:还是走个环线，到旧金山再从优胜美地到拉斯维加斯（优胜美地是不是路不太好开，一个人开的话是不是很吃力？）
还有Vegas附近的羚羊谷值得去吗？孕晚期孕妇是不是没办法攀爬，看不到好看的呀？
求求求🙏求个最适合的路线。我们也可以放弃旧金山（一号公路绕行可能浪费很多时间？）选择Vegas和周边也没问题。
#美西旅游 #拉斯维加斯 #一号公路",258,369,34,https://www.xiaohongshu.com/explore/675d305d0000000002037549?xsec_token=ABWEB2bJNl7tm1mFA1I9vPUbqEWOKPzNjR93bcA9vY0mw=&xsec_source=pc_search&source=web_explore_feed,https://sns-webpic-qc.xhscdn.com/202502262340/480e3c177bc0b860411d2d391ed6d0e8/1040g2sg31bcmcoht00e041va66g2gn3l24pjdgg!nd_dft_wlteh_webp_3,V V～,
,美国西部自驾路线，从一号公路到黄石公园,"无任何滤镜，手机直出，无时间修图，攻略是重点
小的时候觉得美国没啥历史文化底蕴，所以对美国没有任何游玩的兴趣。后来有一天我看了个黄石公园的纪录片，突然特别想去，所以立刻打开电脑去填写了DS160。接下来就有了下面的15天美西自然风光自驾路线。
我们一行四人：我、老公、爸妈，一辆大型SUV勇闯美西。我之前的攻略都在备忘录里，不知道为啥整个iCloud备忘录被清空，但绝不是我删除的，都是我的心血，打苹果支持电话处理了半个月也没结果，2023年12月之前的备忘录全无了，吐血！只能通过云盘上的照片来一点点回忆行程：
Day1：上海—>首尔—>旧金山
Day2：旧金山
金门大桥总是要瞅一眼的
Day3：旧金山—>蒙特雷
正式打卡一号公路，风还是比较大
Day4：蒙特雷—>17 Mile Drive-->圣巴巴拉—>洛杉矶
沿着太平洋海岸线一直开，最美就是17 Mile
Day5：洛杉矶
格里菲斯天文台闭馆前抵达，如愿看到夜景。星光大道高低是要去走走的，中国剧院得留个影
Day6：洛杉矶—>拉斯维加斯
夜生活及其丰富，但是我们没有去赌场
Day7：拉斯维加斯—>Grand Canyon
一路的荒漠风景，跟国内西北环线异曲同工
Day8：Grand Canyon—>羚羊谷—>马蹄湾—>佩奇小镇
人生中的第一次日出献给了Grand Canyon，羚羊谷蛮震撼的，无滤镜实拍见图片
Day9：佩奇小镇—>盐湖城
Day10：盐湖城—>大提顿国家公园—>西黄石
本次核心行程，从盐湖城翻越落基山脉，途径大提顿公园来到西黄石
Day11：黄石公园
黄石公园至少需要2天2晚，我单独发贴说一下8字路线
Day12：黄石公园
一路上看到熊熊和牛牛，开心的不得了
Day13：黄石公园—>盐湖城
Day14：盐湖城—>拉斯维加斯
盐湖城属于中途歇脚，只去了议会大厦
Day15：拉斯维加斯—>上海
千万不要异地还车、异地往返！会多花很多冤枉钱，最划算就是同城往返。自从这次多花了2W+（6000+异地还车；每人多3500的机票差价），我再也没有异地还车，美国租车我有单独写，在主页方便大家参考。我们23年国庆去的，上海解封不久，并且铲在高峰期快7.4的汇率，不加购物，只算机票+酒店+租车+吃饭+门票，人均4.7万。丰俭由人，大家可以根据自己需求来。
﻿#美国自驾﻿  ﻿#黄石公园﻿  ﻿#洛杉矶﻿  ﻿#美国一号公路﻿  ﻿#羚羊谷﻿#马蹄湾攻略 #盐湖城 #拉斯维加斯 #旧金山湾区",17,33,15,https://www.xiaohongshu.com/explore/67b839230000000007037ce3?xsec_token=AByms7XnCmbp5uzGbQXsk44gNFBH7LsNKDalAlRiwK0YA=&xsec_source=pc_search&source=web_explore_feed,,Miya,
,美西旅游攻略❗️自驾洛杉矶+一号公路+旧金山,"🚗美西自驾，从洛杉矶出发，经一号公路，一路玩到旧金山，美西路线真的值得一游！
👉P10是原出行计划，实际出行时有调整，可根据自己时间安排进行选择～
.
🔵美西行程安排
𝐃𝟏：落地洛杉矶- UCLA
𝐃𝟐：好莱坞标志- 比弗利山庄- 星光大道- 中国剧院- 圣塔莫妮卡海滩
𝐃𝟑：索菲体育场- 快船队主场/周边店- 格莱美博物馆，湖人队主场🏀看NBA比赛
𝐃𝟒：格林菲斯天文台- 洛杉矶艺术博物馆LACMA- 迪士尼音乐厅🎵洛杉矶爱乐乐团演出
𝐃𝟓：Santa Barbara圣塔芭芭拉(钟楼/教堂/海滩)- Solvang丹麦童话小镇
𝐃𝟔：一号公路- 赫氏古堡- Elephant Seal象海豹海滩- Bixby大桥- 17 mils- 蒙特雷
𝐃𝟕：蒙特雷水族馆- 斯坦福大学- Google总部- Apple总部
𝐃𝟖：金门大桥- 艺术宫- 盗梦空间打卡地- 旧金山唐人街- 彩绘女士房子
𝐃𝟗：渔人码头- 大通中心勇士队主场🏀NBA比赛
𝐃𝟏𝟎：旧金山Livermore奥特莱斯
.
🏨酒店住宿：
✈️香港- 洛杉矶
𝐃𝟏-𝐃𝟒：住洛杉矶
𝐃𝟓：住San Luis Obispo圣路易斯-奥比斯波
𝐃𝟔：住蒙特雷
𝐃𝟕-𝐃𝟏𝟎：住旧金山
✈️旧金山- 香港
.
🟠出行准备：
📌证件类：evus登记、护照签证、芯片卡、机票酒店租车打印单
📌电子类：转换头、充电线、充电宝、手机相机、耳机
📌生活类：牙刷牙膏拖鞋(酒店没有)、一次性浴巾、换洗衣物、帽子、墨镜🕶️！
📌其它(按需)：烧水壶、一次性浴巾、家庭常用💊
.
#美国旅游攻略 #美国旅游 #美国旅行 #美国旅行攻略 #洛杉矶旅游 #旧金山旅游 #一号公路 #一号公路攻略 #洛杉矶旅行 #旧金山旅行",79,143,18,https://www.xiaohongshu.com/explore/67a1d0a800000000180096d7?xsec_token=ABdmz4g-tDbfh77TWtg01dDyFn3IApzhJSUbjysxxabng=&xsec_source=pc_search&source=web_explore_feed,https://sns-webpic-qc.xhscdn.com/202502262341/7e7d62baf1f67c5159ce5355648b6384/1040g00831dfmuposgk505ojrled8cqpl0vgp70g!nd_dft_wlteh_webp_3,汪汪汪简妮,
,美西12天自驾3000km行程分享！含花费！,"美西大环线全程自驾~~~旧金山出发👉一号公路👉洛杉矶👉拉斯维加斯👉羚羊谷＋马蹄湾👉大峡谷👉拉斯维加斯👉洛杉矶回国，花销情况在【图4】，不含奥莱购物花费，具体行程路线分享给大家：
————————————————————
出行时间：当地时间9月26日-10月7日
	
行程路线：
Day1️⃣：从香港直飞旧金山12h，落地后机场取车到酒店休息
	
Day2️⃣：【旧金山】半日游（这次是二刷，就没有花很多时间），下午找朋友小聚了下，然后出发去Monterey住宿
	
Day3️⃣：【一号公路】沿途自驾游，当天开到Santa Maria住宿
	
Day4️⃣：【一号公路】沿途自驾，算好时间到Santa Monica看日落，晚上住在洛杉矶西好莱坞
	
Day5️⃣：【洛杉矶】早上步行去星光大道逛一圈，中午再开车去华纳兄弟影城，傍晚到格利菲斯天文台看日落&城景（lalaland取景地！）
	
Day6️⃣：【洛杉矶】早上开车去Getty Center，下午开车在加州大学洛杉矶分校转了一下，晚上逛环球影城步行街买了些纪念品，时间有限这次就没有进去玩
	
Day7️⃣：【洛杉矶→Las Vegas】早上到比弗利山庄逛一圈，然后就出发Las Vegas开车4h，晚上看太阳马戏团KA秀，住Palazzo就可以看到大球！
	
Day8️⃣：【Las Vegas】早上体验实弹射击，下午逛赌场&奥莱，晚上在Sphere大球看纪录片（明信片）
	
Day9️⃣：【羚羊谷】早上6：30出发去下羚羊谷，开车4.5h，逛完后去马蹄湾，在佩吉吃了晚饭后就出发去大峡谷住宿，开车2.5h，虽然很累但晚上在大峡谷看到了银河！计划外的惊喜总是让人更加激动！
	
Day1️⃣0️⃣：【大峡谷】白天坐免费的园区巴士逛大峡谷，下午再坐小飞机高空俯瞰一圈，晚上开车1h到Williams住宿
	
Day1️⃣1️⃣：【Las Vegas】早上从Williams开车回Las Vegas（3.5h），下午胡佛大坝+奥莱，晚上到百乐宫看喷泉表演
	
Day1️⃣2️⃣：【Las Vegas→洛杉矶】早上逛纽约人、M&M豆大楼、可口可乐专卖店，下午出发去洛杉矶机场还车（4h），晚上11点多的飞机回国继续搬砖啦~
	
大家感兴趣的话，我后面还会分享每天具体的行程攻略，沿途遇见的惊喜和踩到的坑！
	
#十一出行   #美西自驾   #旧金山旅行   #三藩   #洛杉矶旅行   #拉斯维加斯   #羚羊谷   #马蹄湾   #大峡谷   #美国旅行",431,652,49,https://www.xiaohongshu.com/explore/671770e100000000240154ca?xsec_token=ABn_gnk6LhgnG96vA3cI8EJ4OdwyftHvtWw-0vuw-WpFA=&xsec_source=pc_search&source=web_explore_feed,https://sns-webpic-qc.xhscdn.com/202502262341/faaa40d587fb84b9a5f6ce44eedcd176/1040g008319asvs6k5a0g5o0adrj083t7h83mti0!nd_dft_wlteh_webp_3,lucky life,
,这么完美的美西9日自驾攻略我跪求你来看⁉️,"五六月就很多朋友问我：
暑假想来美国玩，怎么玩？
于是，果断写了这个9日游攻略
✅社畜请5天假，加上两头周末，刚好9天！
完美假期！
⚠️比较适合没来过美国，或来了还没怎么玩的人
♨️自认为这个行程很完美：
因为啥都看了一点，但又不至于视觉疲劳
（同类风景再美，看3天以上就会审美疲劳了）
所以这份行程主打一个啥啥都有：
3个城市：3天，旧金山、洛杉矶、拉斯维加斯
1号公路：2天，看海和海边小镇也够了
2个国家公园：2天，大峡谷、锡安
知名景点：1天，马蹄湾，胡弗大坝
❌缺点就是：有点特种兵
社畜嘛，时间有限，克服一下吧！
✅一些重要信息和感受
【旧金山】
比想象中更萧条！满大街流浪汉，到处躺
但白天步行还行，他们一般不会主动袭击路人
【一号公路】
有路段在修，一号公路还是不通的，需要折返回101
见图4 ：D3行程的修路路段（Google map查）
【锡安国家公园】
两条知名路线：
A:爬山路线：angles landing
1.需要提前一天「锡安时间15:00pm前」抽签
www.recreation.gov/permits/4675324
务必注意你抽签地和锡安的时差
比如拉斯维加斯和锡安就有1小时时差
2.只有最后一段路才叫angles landing
前面的trail叫：The Grotto，走到观景台大概1.5-2小时，往下俯瞰峡谷，往上看到angles landing
下午三点之后The Grotto基本是阴面，还算友好
B:涉水路线
1.不止是溯溪，往后走水深会到腰
⚠️想一天走两个路线的，要关注shuttle的时间
【大峡谷国家公园】
真是地质奇观和视觉震撼！
懒人可以纯开车看，沿着峡谷南缘一直开
徒步爱好者可以走下去，在峡谷里穿行和露营
建议在国家公园里住一晚。日出、日落、星空至少看一场吧
【羚羊谷】
羚羊谷性价比比上羚羊谷高
旺季至少提前一个月预订门票
【拉斯维加斯大球观影】
99刀位置效果跟前面相差不大
虽然门票很贵，但很炫酷，而且没有平替
​所以有空就看一场吧
👉会持续更新的，➕👀我，蹲一个吧
#美国自驾游 #美西九日游 #美西国家公园 #一号公路 #锡安国家公园 #大峡谷国家公园 #旧金山 #洛杉矶 #拉斯维加斯 #马蹄湾",802,1677,80,https://www.xiaohongshu.com/explore/669ef2eb000000002701b7f9?xsec_token=ABsUvJuN5bP-gHP7eMSqAflG5_ndNe3-UKCmOG0VkLVUI=&xsec_source=pc_search&source=web_explore_feed,https://sns-webpic-qc.xhscdn.com/202502262341/ffdfe488733c6214f4ab8d22466dbf3e/1040g008315itci0t2o0045slnutm6r6e73cblc0!nd_dft_wlteh_webp_3,胖灰宝贝吃喝玩乐,
,别到处找美西旅游地图了😎看这里就行了,"#周末去哪儿
计划去#美国西部 游玩的姐妹都来看这篇，超实用攻略🥰轻轻松松玩遍#美西 经典景点
—
美西，即美国西海岸，主要城市包括洛杉矶、旧金山、西雅图、拉斯维加斯等
📍【美西热门旅游城市】：✔️洛杉矶、✔️旧金山、✔️拉斯维加斯、✔️圣地亚哥、✔️西雅图、✔️阿拉斯加
📍【美西人气乐园】：✔️加州迪士尼、✔️好莱坞环球影城
📍【美西国家公园与自然景点】：✔️优胜美地国家公园、✔️大峡谷国家公园、✔️羚羊谷、✔️马蹄湾、✔️纪念碑谷、✔️拱门国家公园、✔️锡安国家公园、✔️布莱斯峡谷国家公园、✔️死亡谷国家公园
—
☀️最 佳旅游季节
✅每年的4月至10月，这段时间内，天气温和，阳光明媚，而且节日氛围浓厚，各大城市如洛杉矶、旧金山和拉斯维加斯等地都会举办各种庆祝活动
—
🎯行前准备
▪️证件：身份证、护照、驾照（原件+驾照翻译件）
▪️资料：evus登记、行程单、酒店确认单
▪️支付：visa信用卡、现金（美元300🔪）、银联卡
▪️必备物品：充电宝、转换接头、数据线+插头、境外保险
▪️衣物：贴身衣物、袜子、应季衣物
▪️药品：肠胃药、感冒药、创口贴、驱蚊液
—
📞美西通讯
❶租借移动Wi-Fi：¥20+/天，适合多人出行
❷购买当地电话卡：使用方便，价格便宜，美国的电信运营商AT&T和Verizon，网络覆盖好，速度快，T-Mobile和Sprint在大城市没问题，离开城市信号会差一些
❸国内电话卡开通数据漫游：联通26元/天，移动30元/天，但是在国内被墙的网站或应用在国外仍然无法使用，比如google map等
—
🚙行程规划
▪️如果你有10天及以上：洛杉矶（5天）→拉斯维加斯（2天）→羚羊谷（1天）→大峡谷国家公园（1天）→拉斯维加斯（1天）
▪️如果你有15天及以上：旧金山（2天）→优胜美地国家公园（1天）→旧金山（1天）→拉斯维加斯（2天）→羚羊谷（1天）→大峡谷国家公园（1天）→拉斯维加斯（1天）→洛杉矶（5天）
—
🌏路线安排
小红书字数限制🚫，美国17天游玩路线，可参考👉P8-9
—
-上禾精选，每日更新出行攻略
-与您共同探索，畅游全球
#美国 #美国旅游 #美西旅游 #旧金山 #洛杉矶 #西雅图 #美国自驾",277,445,12,https://www.xiaohongshu.com/explore/6749359c000000000703af8d?xsec_token=ABh4UoddXqFgoYQxo7i7JVOKo9GzzE3ER4oXvL_c9CMSE=&xsec_source=pc_search&source=web_explore_feed,https://sns-webpic-qc.xhscdn.com/202502262341/477b17b1fda24f926e50dca612336717/1040g00831ap613he6q605p31he53othll1bpgh8!nd_dft_wlteh_webp_3,Premier上禾精选,
,美西自驾全景游,"时间是6月10日至6月27日，洛杉矶起止。基本行程如下：
洛杉矶到拉斯维加斯
*拉斯维加斯到大峡谷南缘（下谷底）
羚羊谷、马蹄湾、布莱斯公园。
圆顶焦、拱门国家公园
*黄石国家公园。
火山口湖国家公园
红木国家公园
优胜美地国家公园
美洲杉国家公园
加州一号公路
自驾游找伴穷游，全程住营地，节省时间和费用，也不用来回跑，也不产生停车费，自带帐篷，人均分摊车费、营地费！我们是夫妻两人，77和80年，找85前的旅伴，最好也是夫妻或男女朋友，至少有一人会开车， 本人驾驶经验丰富，自驾过青藏线和新藏线。驾龄15年，可长时间开车。由于行程时间紧，为争取时间可能开夜车，需要同游有一定的体力精力！具体地点可以商量调整，星号是重点景点。
#美国自驾 #美国西部自驾游 #美国东部游 #美国穷游",8,9,8,https://www.xiaohongshu.com/explore/67b1899700000000290330fc?xsec_token=ABSpgDXNrJAeumbDrYk7f21LQ2jZcKN5uvbgHvyq5babE=&xsec_source=pc_search&source=web_explore_feed,https://sns-webpic-qc.xhscdn.com/202502262341/3ec0584fc5fbbbe44d08b69766458f5b/1040g00831dusfmc4h2605pb5p28v0biehddrlio!nd_dft_wlteh_webp_3,蓝色星球,
,自驾美国西部大环线【最全图文攻略】,"📍地理：位于美西偏南，也称西南环线。
🚙顺序：顺时针。Zion排前面，因为如果徒步费体力；大峡谷放后面，景色最壮观，一定程度避免审美疲劳。
	
三种玩法：以大众打卡式为主、非专业深度游
小环线：全程830 mi, 驾驶时长15 hours，需4-6天。包含：
锡安国家公园：非常硬核，体验跋山涉水，不徒步还可以自驾景观公路。如徒步需1-2天，住Springdale
布莱斯峡谷国家公园：Hoodoos冬季雪景好看。overview打卡+短途徒步，需1天，住Bryce canyon city
羚羊峡谷：看光柱现象。分上、下、x峡谷，必须预定当地人族运营的团才能进入，价格约$50-100+/人，tour1个半小时，住page
马蹄湾：网红鼻祖，需付停车费走一段路去overview，与羚羊峡谷一起，共需1天，住Page
大峡谷：最震撼的景点，被誉为“地球伤疤”，分南和北、西缘。西缘属印第安人私人运营，不属国家公园，需付几十美元门票；大部分人是去南缘，需要1-2天，可住园内Village或Tusayan
	
大环线：全程1,323 mi, 驾驶时长26 hours，需要8-11天。比小环线多出来：
圆顶醮国家公园：被称为“地球皱纹”。适合开车通过，半天就够了，如徒步需1天，住Moab
拱门国家公园：公园内有2000多个拱门，最著名的是“精致拱门”。只打卡1天就够了，如徒步精致拱门（往返预留3小时），需至少1天半，住Moab
峡谷地国家公园：分3个区域，大部分游客是去island-in-the-sky区，最著名的是mesa arch，日出景观被选作windows电脑桌面。需1天，住Moab
纪念碑谷：因《阿甘正传》而著名。是印第安人保护区，门票8美金/人，下午5点关门，需半天-1天。住景区内唯一酒店The VIEW Hotel
	
小众线：只是我自己走过的2条
犹他州12号公路：被誉为“犹他州最美公路”。位于布莱斯与圆顶礁之间，非谷歌推荐路线，风景更美，paved road任何车都可走
犹他州89号公路：公路两侧有一些小众网红景点在unpaved road上，建议开SUV以上车型，可以参考我发的《犹他系列》
	
篇幅有限，去我的主页，有详版视频哦
﻿#美国自驾﻿ ﻿#美国旅行﻿ ﻿#美西大环线﻿ ﻿#户外﻿",95,188,19,https://www.xiaohongshu.com/explore/67441b210000000007026114?xsec_token=ABKaK79Wct32XZz-_2BUq8u0vOjV7r9LvCabt-qku5LvA=&xsec_source=pc_search&source=web_explore_feed,https://sns-webpic-qc.xhscdn.com/202502262341/757385c3c64aa867059a8f4d3206a92c/1040g00831ak6hd8en2005n2ua404588hp4pncv8!nd_dft_wlteh_webp_3,千游阁主,
,🇺🇸美西自驾｜🏜️人生总要来一次！,"🏝️美西绝美之旅｜超详细旅游攻略🏝️
🎈25年春节假期，12天行程，自驾3500公里，探索美西城市与自然的完美融合，每一处风景都像是大自然私藏的宝藏，绝对不虚此行！
	
🚗-交通
【地图】:Google map｜苹果地图两个叠加更完美
【租车】:la/旧金山取还都OK，异地还车不加价。携程上租就可以，保险选择中高档，到店不需加额外费用
【加油】:美国加油站自助为主，插信用卡自助加油，操作简单学一遍就会，普通车型选87号油
——
🏠住宿-全程【booking】预定
鉴于洛杉矶和旧金山酒店的高昂停车费，我都选择含免费停车场🅿️酒店供参考
1⃣️洛杉矶:shared house Hollywood hideaway heart of fame (民宿公寓，星光大道步行3分钟，免费停车）
2⃣️佩吉:Hampton Inn & Suites Page-Lake Powell（距羚羊谷马蹄湾几分钟车程，方便且酒店设施好）
3⃣️拉斯维加斯:巴黎酒店（不推荐），在拉斯维加斯大道，但设施比较老旧
4⃣️旧金山:Cow Hollow Inn and Suites (免费停车，且地理位置非常好，就是二三星标准，别报太大希望）
——
✨【行程安排】
DAY1⃣️:上海-【洛杉矶】（上午到达）
-斯坦普斯篮球中心（科比纪念像🏀）
	
DAY2⃣️:【洛杉矶】
好莱坞星光大道｜比弗利山庄｜UCLA｜SantaMonica｜格里菲斯天文台
	
DAY3⃣️:【大峡谷国家公园】
📍Grand Canyon Visitor centre, 推荐最经典red线路，冬季（12-2月）可自驾，门票开车入口买，35＄/车
	
DAY4⃣️:【羚羊谷、马蹄湾】
羚羊谷需要提前官网预约（中午时段最佳），有需要可以翻我单篇攻略，马蹄湾不收门票，全程游览拍照1h可结束。
	
DAY5⃣️:【拉斯维加斯】
拉斯维加斯大道｜Pro gun实弹射击体验:📍Pro gun Vegas，强烈推荐不虚此行！
	
DAY6⃣️:【拉斯维加斯】
Casino :住巴黎酒店，酒店赌场还是可以体验一下｜MSG sphere（拉斯维加斯大球），提前网上订票，某宝价格更便宜，可正常使用
	
DAY7⃣️:【旧金山】
晚上赶到，直奔🏀CHASE CENTER大通中心勇士主场，日期刚好赶上太阳:勇士，看库里杜兰特，ticket master订票
	
DAY8⃣️:【旧金山】
金门大桥｜九曲花街｜渔人码头｜唐人街｜联合广场
因为阴雨天🌧️，观赏体感降低很多，就是来都来了的打卡景点，可能期望过高
	
DAY9⃣️:【旧金山】
斯坦福大学｜Google总部｜苹果总部｜情人点公园｜17mile｜卡梅尔小镇
一号公路值得！！收官最后一站被治愈了❤️
	
#美西旅游 #美西自驾 #美国旅行",19,32,7,https://www.xiaohongshu.com/explore/67b49559000000000903b209?xsec_token=ABhiswYb3YhfFnHY5gA2_McVbPfbP4UrpufWVrvrD_qf8=&xsec_source=pc_search&source=web_explore_feed,https://sns-webpic-qc.xhscdn.com/202502262341/543e07f52acd322eaea6e0e9c3c24eca/1040g2sg31e21f140gud05pm4bi3nc57d4ue57t0!nd_dft_wlteh_webp_3,song_kaka,
,普通人美西自驾12天旅行到底要花多少钱💰,"第一次自驾选择了美国西部经典自驾路线，当高速没有加塞，当高速边上是大海、是沙漠、是绿洲、开车也可以是一种享受。除了有点难吃
Day1️⃣
仁川机场✈️旧金山
Day2️⃣
金门大桥-九曲花街-China town-盗梦空间取景地（California st和Powell st交汇处）-联合广场-铛铛车终点站
据说旧金山砸车事件较多，我们出行选择打车跟公交🚌路上确实有很多的homeless，但是没有网上说的那么吓人，有点类似以前国内的流浪汉。
Day3️⃣
sixt租车- Half moon bay半月湾- Pigeon point鸽点灯塔- Carmel by sea卡梅尔小镇- Bixby bridge- Big Sur大苏尔- Pfeiffer Beach- Monterey蒙特雷（住宿）
Day4️⃣
丹麦小镇-圣巴巴拉县- Peseo Nuevo- Santa Barbara Shelfish Company-开车去洛杉矶
Day5️⃣
格里菲斯天文台好莱坞标志-好莱坞星光大道-比佛利山庄-棕榈大道拍照📷-66号公路-格里菲斯天文台
	
Day6️⃣
迪士尼乐园跨年（营业到晚上12点）
车子停迪士尼停车场🅿️
Day7️⃣
大峡谷国家公园- Page住宿
Day8️⃣
下羚羊谷-马蹄湾-鲍威尔湖
Day9️⃣
拉斯维加斯
空气里弥漫着大麻味j加上之前去过澳门，对于不去赌场的我们来说没多少意思，本来定了两晚酒店，浪费一晚房费麻利跑路
Day🔟
死亡谷国家公园🏞️
Death Valley National Park Sign-Dante‘s view-Zabriskie Point-Artist’s Palette-Badwater Basin（需准备一次性雨靴）-Mesquite Flat Sand Dunes
Day🔟+1️⃣
洛杉矶奥特莱斯购物🛍️
Day🔟+2️⃣
还车-去机场
‼️总行程花费4.3W
往返机票：1.7W（官网购买最优惠）
美食花费：5K
住宿花费：8K
租车花费：6.7K（含停车跟油费）
打车花费：1.3K
门票花费：4.9K
#自驾游 #自驾游路线 #美西旅游 #美西旅行 #美西大环线 #美西国家公园 #美西 #美西自驾游 #美国旅行",120,217,67,https://www.xiaohongshu.com/explore/65f710ed0000000012023ddb?xsec_token=AB9Js3qTcJJphkSvg3J6OFvUh0nQjhaNLI3rkpsLZE-Bw=&xsec_source=pc_search&source=web_explore_feed,https://sns-webpic-qc.xhscdn.com/202502262341/56bc70a3338dfb66d14f5ab3523572ee/1040g008310ev1qgcma705o3o5k60bop3bngndk8!nd_dft_wgth_webp_3,杨梅子,
,7天6晚，人均1400🔪美西大环线最强攻略,"Day0⃣️：湾区✈️Vegas
租车：ACE Rent A Car（租金相对划算，四驱mid SUV一周才358🔪）
	
Day1️⃣：
🚗las vegas➡️Zion： 2H
	
🌟锡安国家公园
1⃣️pa‘rus2⃣️Zion canyon overlook
	
🚗Zion ➡️ Bryce city: 2H
🏨：Best western rubby inn
	
Day2️⃣：
🌟Bryce canyon:
1⃣️Bryce point2⃣️Sunset point3⃣️Queens garden + navajo loop trail-4⃣️Sunrise point 5⃣️Natural bridge
🏨：Best western rubby inn
	
Day3️⃣：
🚗Bryce canyon➡️page：3H
	
🌟下羚羊谷：72.8/人
🌟马蹄湾：停车费10🔪/🚗
🏨：Country Inn & Suites by Radisson
	
Day4️⃣：
🚗page➡️纪念碑谷： 2H
	
🌟Monument valley：门票8🔪/人
Scenic loop：全程17mile 2个小时左右，沙石路，建议四驱suv
Forest Gump point：园区外，阿甘跑步场景
🏨: the view hotel Cabin
	
Day5️⃣：
🚗纪念碑谷➡️大峡谷：3H
	
🌟Grand canyon：可用年卡
1⃣️moran view point2⃣️Grandview point3⃣️mather point view4⃣坐shuttle红线逐个点游览
	
🚗大峡谷➡️las vegas： 4H
🏨：Caesar palace
	
Day6⃣️
Vegas溜达+返程（凯撒buffet不错，含税92/人，略贵）
	
字数限制，每一个点的详细信息可以点下方合集-美西大环线，每天的具体行程以及食住都写在每一天的帖子里啦
	
我们这次玩的非常好，每一个点景色都不一样，完全没有审美疲劳，欢迎大家抄作业
#美西大环线 #马蹄湾 #大峡谷 #lasvegas #美西旅游 #春假去哪儿 #锡安国家公园 #BryceCanyon #纪念碑谷 @走走薯",498,951,36,https://www.xiaohongshu.com/explore/660f65b9000000001a012ee0?xsec_token=AB3i6J8sVuZL9SHEYqHnpf_Bcjf8PP3KyTXn0EOstT6s4=&xsec_source=pc_search&source=web_explore_feed,https://sns-webpic-qc.xhscdn.com/202502262341/b32868931a76d12415bec534ed2beedc/1040g0083116ncvph6c0048gubkul5hasun2mj2o!nd_dft_wlteh_webp_3,纯优秀很优秀🌟,
,继续请大家指点一下，两个路线哪个合理,"路线一：图1-4。
路线二：图5-9。
美西这个路线合理吗，怎么修改！急#行程路线安排 #美国 #美西 #一号公路 #美国自驾",1,3,32,https://www.xiaohongshu.com/explore/67bae7350000000029032366?xsec_token=AB1bGgo0aDuhJBGFe3mpgGj1kclnDyet_Bd5xFi9yAqVk=&xsec_source=pc_search&source=web_explore_feed,https://sns-webpic-qc.xhscdn.com/202502262341/328dc66c2eaabda54824884ec0ffa186/notes_pre_post/1040g3k031e86rkph0s2048hbs8ac1a6lanv44b8!nd_dft_wlteh_webp_3,小猫🐙👣🎶🐝,
,设计师做了2个月的美国自驾游攻略长这样！,"10天8晚美西自驾游即将出发，发现这次旅行攻略竟然耗时整整2个月（工作之余），于是乎想分享下做攻略的过程，希望对大家未来的出行，尤其境外游有所帮助～
第一阶段：可行性研究（图2-3）｜2.26-3.2｜完成机票预定
1.查看相关攻略行程；
2.拟定此次行程每天所在的城市/镇；
3.利用地图导航核实驾驶距离及所需时间，保证可达性；
4.根据研究决定多请一天假，具体出行日期确认，订机票；
第二阶段：简易版行程方案（图4）｜3.2-3.5｜确定大目的地
1.拟定每天要去的景点+酒店第一轮筛选（适应美国物价，酒店好贵🤣）；
2.根绝初稿方案，觉得行程太满太赶，决定删除最后一站圣地亚哥的行程，杜绝特种兵！
第三阶段：细化版行程方案（图5-9）｜3.5-3.13｜完成酒店预定
1.在简易版行程方案上进行细化：每天时间段安排、地点A to地点B、交通方式、行李状态、通勤时间、通勤距离、地点事宜、停留时间、景点费用、停车费用、停车地点、补给点、吃饭点、长途休息点（美国高速没有服务区）…
2.制作图文版景点介绍，便于同行人讨论研究（比较直观）
3.酒店筛选逻辑：安全区域〉房间干净〉周边配套〉酒店价格〉交通便捷；
第四阶段：优化行程方案（图10-11）｜3.13-4.24｜订车、门票
1.找有美国经验的朋友亲戚聊天，优化行程；
2.1号公路塌了，部分路段长期封路，调整方案
3.预定环球影城门票+nba门票
4.学习当地交规、准备各种材料…
很多细节文字体现不出来，等回来打算做个视频版本
租车事宜贯穿2个月准备工作的全过程，等回来后会出一期关于租车专题的内容，干货满满
会随机发布旅途中有趣的、窘迫的，攻略翻车的内容，可点个关注看后续，当然也可能很懒啥也没有
结语：不可能100%按照攻略游玩，到了旅途中顺其自然，做攻略目的是为了减少不可控的事发生，祝大家旅途愉快
#美国#美西自驾游 #境外游 #旅游攻略 #设计师思维#设计师思维在日常生活中的运用#旧金山#洛杉矶#租车#1号公路",61,76,82,https://www.xiaohongshu.com/explore/66292dfc000000001c00a43c?xsec_token=ABrNdYYDdDffBr7rFK0kHQaBBAJNhjBD57kU9FkkI80yM=&xsec_source=pc_search&source=web_explore_feed,https://sns-webpic-qc.xhscdn.com/202502262341/634e7792a3defa168d7b2fbfe42c655d/1040g2sg311vsi7brj20g4a5334f6au2uueo8os8!nd_dft_wlteh_webp_3,做自己的设计师-BOWEN,
,美西旅行！一定要体验的西部国家公园大环线,"🚩美西经典除了加州，其次就是在拉斯维加斯周边的西部国家公园了。奇特岩石聚集的布莱斯峡谷、亿万年自然遗迹大峡谷、世界著名摄影天堂羚羊谷、传说中的涉水徒步锡安，📍每一站的停留，都是大环线的经典~
	
✅如果只有4天，推荐你可以玩这条路线：
D1：拉斯维加斯→锡安国家公园→布莱斯峡谷国家公园
D2：布莱斯→拱门国家公园→纪念碑谷
D3：羚羊谷→马蹄湾→鲍威尔湖
D4：大峡谷国家公园→拉斯维加斯
	
#拉斯维加斯旅行  #美西大环线  #美西自驾游攻略  #美国旅行  #美西国家公园环线  #美国西部",145,119,16,https://www.xiaohongshu.com/explore/66e16f44000000001e01a26d?xsec_token=ABztHwE5CnplISQahpOm8brww7l1BvRNBphprafdHXGxk=&xsec_source=pc_search&source=web_explore_feed,,纵游天下-美加行,
,🔥美西大环线：3大城市与5大国家公园,"宝子们！我去年自驾了一圈，终于终于把笔记写好了，现在可以把这条路线狠狠分享给大家啦～～～🎉
去美西不去国家公园等于白来！快收藏，好下次去玩呀！！
驾车时长：10-14天
旅行方式：自驾（全程约4500公里）
✅行程亮点
1️⃣途经 3大城市：洛杉矶、旧金山、拉斯维加斯；
2️⃣探访 5大国家公园：锡安、大峡谷、大提顿、黄石、优胜美地，还有绝美的太浩湖与death谷。
✅行程简述
🎯Day 1-2：洛杉矶
景点：好莱坞、圣莫妮卡海滩、环球影城
🎯Day 3-4：拉斯维加斯
景点：百乐宫喷泉、火焰谷州立公园
夜游拉斯维加斯大道，赌城魅力无限～～
🎯Day 5：锡安国家公园
亮点：徒步The Narrows、拍摄纳瓦霍砂岩美景。
🎯Day 6：大峡谷国家公园
亮点：Hopi Point日落、峡谷远景徒步。
若时间允许，可尝试直升机游览。
🎯Day 7-8：盐湖城 & 大提顿国家公园
盐湖城亮点：摩门教堂、市区休闲
大提顿亮点：珍妮湖、雪山与好多动物。
🎯Day 9-10：黄石国家公园
景点：老忠实喷泉、大棱镜温泉、黄石峡谷。
小贴士：黄石公园内住宿需提前预订。
🎯Day 11：太浩湖
亮点：环湖公路自驾、湖畔野餐或水上活动。
🎯Day 12-13：旧金山
亮点：金门大桥、九曲花街、渔人码头。
小贴士：停车较贵，建议选择步行或公共交通游览。
🎯Day 14：优胜美地 & death谷国家公园
优胜美地亮点：酋长岩、瀑布徒步。
death谷亮点：坏水盆地、沙丘日落。
🎯返回洛杉矶，完成大环线旅行。
👀Tips
国家公园门票：可以买游玩年票（80美元），性价比贼高。
自驾注意：提前规划路线，沿途备足水和食物。
短短两周，真的是好尽兴呀～～
#美西环线
#美西环线自驾
#美西国家公园
#美西旅游
#美西旅行
#美西大环线
#打卡美西国家公园
#美西自驾
#洛杉矶接送机
#春晚",71,105,31,https://www.xiaohongshu.com/explore/67941b25000000001800aa88?xsec_token=ABqopgTeLm9AJYDX9Kp8GlwcZz8cT4Wk03xG9YCGqg9O4=&xsec_source=pc_search&source=web_explore_feed,https://sns-webpic-qc.xhscdn.com/202502262341/1b76834f3e5e30a5328dbc7c8436f32c/1040g00831d2ahguogu004a4r3uvnqc7l8ncjgvg!nd_dft_wlteh_webp_3,凌、👑,
,一张图秒懂美西自驾玩法🌹美国西部自驾攻略,"美国西海岸自驾必备🚙🇺🇸30 多种玩法任你挑‼
	
🌟计划美国西部自驾游，不知道咋安排路线？
我的这张路线图可以给你一些思路～
详细路书厮
红线，美国西部常规自驾游玩法。时间够可以走旧金山或洛杉矶环线（需22天左右），时间不够，黄石结束可以飞一段，或开回盐湖城飞一段，再继续走环线。
	
蓝线小众线路，适合第二次去美西的朋友，亮点是西雅图的波音工厂、雷尼尔山和奥林比克两座国家公园。
	
我们把美国自驾这两条线，拆成了30多种玩法，⬇️
	
覆盖：
加州小环线6-14天，自然风光或亲子游。
一号公路+大峡谷+羚羊谷+黄石14-20天
洛杉矶往返的美国西部大环线，以大峡谷、羚羊谷、纪念碑谷、拱门和锡安等为主5-14天。
	
重点：我们把这些玩法，思路，整理成了专业的
攻略路书，路书都有啥⬇️
	
✅每天去哪儿玩、吃什么、住哪儿（都是过去12年中，我们常用的酒店，都在比较安全的区域）
✅复杂景点的手绘示意图
✅行车轨迹可一键导航到停车场或拍照点
✅路书是小程序版本，支持在我们专业路书上修改，做一本属于自己的路书~！如果喜欢纸质版，还可以全彩打印出来~！
⚠⚠⚠更重要的是，我们还有美国自驾group，有专业领队答疑，队友分享互助~！
	
🗺**路线主题：**
❤旧金山 -> 蒙特雷：参观硅谷，在17英里海岸见证海洋和陆地perfect的结合点
❤蒙特雷 -> 洛杉矶：加州一号公路的精华段，感受山与海的相交，沿途游览丹麦村、圣塔芭芭拉，感受洛杉矶的娱乐氛围。
❤洛杉矶 -> 圣迭戈：打卡中途岛航母、感受墨西哥风情。 ❤拉斯维加斯 -> 盐湖城：探索羚羊谷和大峡谷的壮丽景色
❤盐湖城 -> 黄石 -> ：黄石国家公园的自然奇观无需赘述～
❤波特兰 -> 西雅图->旧金山：寻找暮光之城，走一段更小众的沿海自驾公路。
	
🔖准备好你的行李，带上你的路书，让我们一起出发吧！🚗💨
#自驾游 #美国 #美国西部 #旅行 #旅行攻略 #自驾 #笔记灵感 #旅游 #自由行 #美国签证",184,344,93,https://www.xiaohongshu.com/explore/67585817000000000203608b?xsec_token=ABRLbg27_QKYsQEOQyydGDGZLhqP6M7gp8JLYI1oJCfH4=&xsec_source=pc_search&source=web_explore_feed,https://sns-webpic-qc.xhscdn.com/202502262342/24124f9560cc67feb9d1a724bdb3ab67/1040g00831b7uvqqqng005n0k9ql1fdkifnq2rs8!nd_dft_wlteh_webp_3,汤姆的旅行攻略🚘,