标题,内容,点赞,收藏,评论,笔记链接,图片链接,作者,keyword:南京 自由行 攻略,2025年02月28日 13:46
南京已回 | 四日游经典路线暴走10万步,"1月初，跟我们家宝贝说走就走的一趟南京之旅，四天暴走10万步，累到崩溃😭，幸亏南京景点比较集中地铁方便
.
🚧南京4日游路线：
DAY1：红山动物园🐒👉玄武湖🌲👉鸡鸣寺🔥👉明城墙👉颐和路
DAY2：音乐台👉中山陵👉明孝陵👉梧桐大道（可以不去）👉南京博物院
DAY3:六朝博物馆（可以不去）👉zong 统府👉先锋书店👉老门东👉夫子庙
DAY4:遇 难同胞纪念馆👉牛首山
.
🌈说说我的感受：
1⃣️南京景点确实蛮多的，也很大，一定要带双舒服的鞋，因为真的要走很多路
2⃣️如果体力不够的话，一天2-3个景点就行，我们这种确实狠特种兵
3⃣️花灯真的好美，老门东、夫子庙都是，我觉得没必要花钱去白鹭洲，这些就很好看了
4⃣️南京真的没有淡季，我们工作日还是有好多人，春节去的一定要提前做攻略
.
🏠住宿攻略：
建议还是住在新街口附近，繁华的市中心出行方便，我们选了个提前订的酒店价格也还好
.
🍧美食攻略：
怕👎雷还是去一些BI吃榜或者开了10多年的老店，至少人家开那么久了不会差到哪儿去。我们住在新街口，所以大部分就新街口吃
📍新街口：尚岛私房菜、来虎肉食者、冯三孃跷脚牛肉、川味1号怀旧火锅、塞北烤羊腿
📍牛首山：丈母娘的饭局
📍南京南站：徐家鸭子
#南京美食 #南京 #南京旅游攻略 #南京旅游 #南京美食攻略 #南京攻略 #不为打卡的旅行 #浪漫生活的记录者 #旅游攻略",4442,4819,78,https://www.xiaohongshu.com/explore/678a4db600000000160371b2?xsec_token=AB-okGla_ApI7SC6LPDESYYYfhZauLPEHWht1ewmetJps=&xsec_source=pc_search&source=web_explore_feed,https://sns-webpic-qc.xhscdn.com/202502281346/d3f0f3927f76f1f14bbfa50106691f67/1040g2sg31coo7a8fge7049jhkhbrsbkqf7qiem8!nd_dft_wlteh_webp_3,🌴 天天☀ 快乐👸,,
春季南京旅游别去错地方了❗来看看红黑榜,"🌟春季南京旅游景点攻略🌟
👉2-4月有计划去南京旅游的姐妹们！不做攻略真的很容易踩坑，这份游玩路线和避坑指南可以放心码住！💯全片干货，旅游小白也可以放心冲哦！祝大家都能在南京玩得开心哦~
.
🌈行程安排
DAY1：遇难同胞纪念馆-总统府-老门东-夫子庙-秦淮河
DAY2：南京博物院-明孝陵-美龄宫-中山陵-音乐台
DAY3：红山动物园-鸡鸣寺-玄武湖-新街口-大报恩寺
.
⭕春季来南京吃什么❓
●李百蟹（夫子庙店）
●状元楼· 闻喜中餐厅（夫子庙店）
●晚园江南火锅（夫子庙店）
●三姐酒酿（科巷）
●芮卡（新街口）
●蒋有记（老门东）
●徐家鸭子（秦虹南路）
●草鸡蛋糕（科巷）
.
💡南京注意事项
✔️南京博物院、遇难同胞纪念馆、zong统府、中山陵等景点周一闭馆，不要白跑一趟啦！
✔️想喝下午茶甜品的，可以去少伯茶苑茶馆，里面有好多种茶和小吃甜品，环境也很典雅，拍照很出片，就在夫子庙附近很方便~
✔️南京博物院和遇难同胞纪念馆建议提前7天预约
✔️南京博物院和南京博物馆是两个地方， 博物院是免费的，博物馆是收费的，不要搞错啦！
.
🏡南京住宿
①夫子庙 - 秦淮河区域
距离夫子庙、秦淮河风光带、中华门等景点近在咫尺，出行便利
推荐住宿：花筑· 僖堂民宿，干净卫生、性价比高， 邻近夫子庙、秦淮河，游玩方便
②新街口
地铁1号线和2号线在此交汇，乘坐地铁可快速抵达夫子庙、玄武湖、南京博物院等各大景点
③玄武湖周边
邻近玄武湖、鸡鸣寺等景点，交通便捷，地铁1号线、3号线可直达
﻿#南京﻿ ﻿#旅游﻿ ﻿#旅行﻿ ﻿#美食﻿ ﻿#旅游攻略﻿ ﻿#南京美食﻿ ﻿#南京旅游﻿ ﻿#南京旅游攻略﻿ ﻿#南京吃喝玩乐﻿ ﻿#南京旅行﻿",1559,1428,27,https://www.xiaohongshu.com/explore/67b59cf5000000001203dfff?xsec_token=ABUG3PXM2rkDKZT301D-MHGG2vsyvLQBZo79GoFgr8qf4=&xsec_source=pc_search&source=web_explore_feed,https://sns-webpic-qc.xhscdn.com/202502281347/09c6fe5326d64e7dfb00c7cd37d1b9e4/spectrum/1040g0k031e30fhoggc005pm47pk2u9nu94ut3m0!nd_dft_wlteh_webp_3,旅行日记,,
谁懂啊…去南京玩三天只花了八百块🤣,"说实话，说走就走的旅行虽然很酷⚡️但是做了攻略给我省了不少避免踩了很多坑哈哈！🥳南京很好但每个地方都有想象不到的雷，根据我去了8次南京的经验🙆给大家整理了一篇👍攻略，希望可以帮助到大家！
-
✅南京博物院：gzh南京博物院（提前7天）
✅中山陵：gzh钟山风景区（提前3天）
✅总统府：gzh总统府（提前3天）
✅大报恩寺：gzh大报恩寺（不用提前）
✅遇难同胞纪念馆：qhrj遇难同胞纪念馆（提前7天）
❗️：遇难同胞纪念馆于11.11-12.13修缮闭馆
⚡️大报恩寺：夜游点灯很好玩！灵气充盈适合许愿，本地朋友说许愿池有求必应！不愧是金陵祈福圣地～
-
📍住宿
比较建议：1️⃣新街口2️⃣大行宫3️⃣夫子庙
🚗交通
1️⃣高铁站：南京南站、🚇1/3号线直达市区
2️⃣火车站：南京站、🚇1/3号线直达市区
3️⃣机场：禄口机场、🚇s1号线和机场大巴
4️⃣公交：线路很发达、直达各个景点
5️⃣地铁：线路很发达、优先选择地铁出行
6️⃣单车：共享单车很多但没有共享电车
7️⃣打车：上下班高峰期很堵起步9r/三公里
-
宝藏店铺：
1️⃣口口火山：麻辣烫、板栗南瓜小丸子（其他手工糖水也很好吃）
2️⃣鸿福面馆：皮肚大肉面、老卤大肉面（我个人也很喜欢牛肉干挑）
👍特色美食
1️⃣小厨娘淮扬菜（湖南路）：太祖金陵脆皮烤鸭、松鼠桂鱼（他家27年老品牌了！）
2️⃣泥炉烧肉师：碳烤活鳗鱼、手工酸奶（四年必吃榜谁懂）
3️⃣朱小乐龙虾馆：干煸精品小蓝龙、羊蝎子（明星同款！）
4️⃣米辣（景枫中心）：泰式古法咖喱虎虾、冬阴功海鲜汤（必吃榜他家！主厨做了40年了）
5️⃣火山屋台：奶油咖喱乌冬面、黄油啤酒（常年必吃榜，可有漫画感了）
6️⃣伊兹铁板烧：战斧牛排、爱心炒饭（花小钱装大杯）
7️⃣秋也家：莫奈窗口别忘了拍！香水印章很适合送人！美妆小样可以救急！
#南京 #大声安利本地美食 #南京旅游攻略#南京吃喝玩乐 #南京 #南京美食 #本地人爱吃的店 #南京旅游 #南京新街口美食",6522,6157,39,https://www.xiaohongshu.com/explore/674dcde20000000007024732?xsec_token=ABPuMw323Vfc3v-NDVj7grg7AYXhZmp3v9nixQEGrgBs8=&xsec_source=pc_search&source=web_explore_feed,https://sns-webpic-qc.xhscdn.com/202502281347/973aa084908e9de16d746df337fdffdc/1040g2sg31atlk14b72705oe9noc40t150n8eieg!nd_dft_wlteh_webp_3,阿美,,
去了南京7次的我的建议是……,"🍂欢迎来到“六朝古都，人文荟萃”的南京，这里不仅有历史悠久的名胜古迹，还有风景如画的自然风光和丰富的美食文化
🚝交通指南
🚇地铁：运营时间6:00-22:30，早晚高峰和节假日可能会比较拥挤，1️⃣2️⃣3️⃣号路线覆盖城市主要区域
🚌公交：一般为2r🉑zfb或wx“南京公交乘车🐎
🚗出租车
起步价为9r（含3公里），夜间（23:00-次日5:00）起步价为9.3r（含3公里）
📝我的路线
💗Day1：鸡鸣寺➡️明城墙➡️玄武湖➡️先锋书店➡️南京博物院➡️新街口➡️秦淮河➡️夫子庙
🩵Day2：中山陵➡️梧桐大道➡️音乐台➡️美龄宫➡️明孝陵➡️老门东➡️白鹭洲公园
💜Day3：牛首山➡️南京同胞纪念馆➡️返程
🍲美食推荐
🉑鸭血粉丝（小潘记）🉑牛肉锅贴（李记清真馆）🉑老卤面🉑小煮面（皮肚面）🉑乌饭团🉑梅花糕🉑桂花糖芋苗🉑鸭油酥烧饼🉑南京烤鸭🉑盐水鸭🉑淮扬菜🉑小龙虾🉑汤包🉑茶颜悦色
🥘小吃街推荐
📍夫子庙小吃街📍老门东小吃街📍金陵小吃一条街
🏠住宿
📍新街口：特色小吃多，出行方便，热门景点集中
📍夫子庙：历史文化浓厚，夜景迷人，但住宿价格相对较高
📍大行宫：靠近科巷美食街，交通便利，性价比高
📖来南京要知道的小tips
1️⃣鸡鸣寺是南京zui古老的梵刹之一🉑求姻缘和事业
2️⃣玄武湖公园内可以租借自行车🚲环湖骑行，享受湖光山色
3️⃣南京博物院是🆓开放的，但提前预约，周一闭馆❗️
4️⃣夫子庙和老门东是南京的传统街区，有很多特色小吃和手工艺品，晚上亮灯💡很好看
5️⃣白鹭洲公园是秦淮灯会的主会场之一，夜景非常美丽🉑穿汉服📷出片
6️⃣牛首山是一座耗资40亿打造的绝美宫殿，是南京的网红打卡景点之一
7️⃣带上重要的身份证，学生半价❗
	
#南京旅游   #南京旅行   #南京美食  #牛首山   #南京梧桐大道  #总统府   #美龄宫   #南京攻略   #南京夫子庙  #南京老门东   #秦淮河   #南京游玩攻略   #先锋书店    #我的私藏旅行路线   #南京拍照攻略",5084,5748,178,https://www.xiaohongshu.com/explore/678a04fe000000001d01379b?xsec_token=AB-okGla_ApI7SC6LPDESYYXX-qjw-nlMCb-MOVG3N2-4=&xsec_source=pc_search&source=web_explore_feed,https://sns-webpic-qc.xhscdn.com/202502281347/5f784a989446ceee8a90167a1254fb15/1040g00831cofb9hq0s005prv654i7ncurhvk1jg!nd_dft_wlteh_webp_3,我是potato,,
既然淡季去南京，这些大实话一定要知道,"2到3月的时候是南京淡季，人很少酒店机票价格都很便宜，景点预🈷️也容易很多！！
但是还有很多注意事项需要提前避💣、不然来了之后就是各种采坑，本地人总结了一份超全旅游攻略，来南京之前一定要码住慢慢看！
#本地人做的攻略 #旅游不踩坑 #穷游攻略 #攻略吃喝玩乐 #南京旅游 #南京美食 #大学生旅游特种兵",192,133,8,https://www.xiaohongshu.com/explore/67bb069a000000002901bdd4?xsec_token=ABpIqEzr-y12t7sVl2ojTwxt5OEIiM6KFQ61nb22nQ5nY=&xsec_source=pc_search&source=web_explore_feed,https://sns-webpic-qc.xhscdn.com/202502281347/0cc0fdafa87443dda28ec7e54882d5e0/notes_pre_post/1040g3k831e8ald9cgs705pca7eq83nbg4t7avv8!nd_dft_wlteh_webp_3,喜多Fido,,
第一次去南京的旅游攻略，还好提前刷到了,"南京旅游攻略，1-3月来南京的姐妹们听劝，不要错过这份攻略啦，大家如果寒假有想来南京旅游的姐妹们，可以作一个参考哦！ 希望即将要去南京游玩的姐妹们都能够避坑❗
.
📸必打卡景点
1️⃣夫子庙 - 秦淮风光带
南京最具代表性的历史文化区域，乘坐画舫，沿着秦淮河顺流而下，两岸古建筑灯火辉煌，仿佛穿越回古代金陵，沿途还能欣赏到江南贡院、乌衣巷等著名景点，感受南京的古韵今风
2️⃣南京博物院
中国三大博物馆之一，馆藏丰富，可以领略到从远古时代到近现代的历史变迁
3️⃣中山陵
被誉为 “中国近代建筑史上第一陵”，漫步其中，既能感受庄严肃穆的氛围，又能欣赏到周围壮丽的自然风光，缅怀孙中山先生的伟大功绩
4️⃣遇难同胞纪念馆
来南京一定要去的地方，每个人都要知道的历史
.
🤩南京美食
📍李百蟹
📍状元楼· 闻喜中餐厅
📍晚园江南火锅
📍许阿姨糕团店
📍蒋有记
.
🏘住宿指南：
✔️夫子庙 - 秦淮河风光带附近
交通十分便利，周边景点众多，步行即可游览众多景点，临近地铁3号线夫子庙站、1号线三山街站
✔️新街口附近
地铁1号线和2号线在此交汇，能快速抵达南京各处，周边商场林立，距离南京博物院、朝天宫等景点也不远，便于游览
✔️玄武湖附近
可欣赏到玄武湖的美丽湖景，临近南京站，对于乘坐火车出行的游客极为方便
﻿#南京﻿ ﻿#旅游攻略﻿ ﻿#旅游﻿ ﻿#旅行﻿ ﻿#南京旅游﻿ ﻿#南京旅行﻿ ﻿#南京旅游攻略﻿ ﻿#南京旅行攻略﻿ ﻿#南京吃喝玩乐﻿ ﻿#夫子庙﻿﻿",1.3万,1.1万,154,https://www.xiaohongshu.com/explore/678e17e9000000002903756c?xsec_token=ABhBqjvxPjLaYHtiNZQutPXFJkGTX5AJkci8spodDBK5c=&xsec_source=pc_search&source=web_explore_feed,https://sns-webpic-qc.xhscdn.com/202502281347/757dea382317c02659e4a482da8939c1/spectrum/1040g0k031csee73agc005pm47pk2u9nu2ldhq30!nd_dft_wlteh_webp_3,旅行日记,,
写给12-2月去南京的姐妹👭超全避雷攻略📑,"今年#寒假 #跨年 一定要去一次南京❗️
总结了一些在南京的游玩心得，希望对你们有帮助哦❗️
	
🔥热门景点
📍南京博物院
📍夫子庙
📍遇难同胞纪念馆
📍中山陵
📍牛首山
📍红山动物园
	
#南京美食 #南京 #南京旅游攻略 #南京旅游 #南京美食攻略 #南京攻略 #2024旅行结算 #浪漫生活的记录者
@生活薯 @日常薯 @薯队长 @潮流薯 @吃货薯 @城市情报官",1.7万,2.2万,678,https://www.xiaohongshu.com/explore/6767fe160000000013018d1f?xsec_token=ABqMLUmiqx6M4mSp5JilfTg5TNFj4oJbvCbdTQFWC3ii0=&xsec_source=pc_search&source=web_explore_feed,https://sns-webpic-qc.xhscdn.com/202502281347/a1b7b8497352d25f33d0a8f8c6d0ad91/1040g2sg31bn80atqge0049jhkhbrsbkqurohmsg!nd_dft_wlteh_webp_3,🌴 天天☀ 快乐👸,,
南京旅游攻略 四天三晚 第一天 深度游,"接上一篇 说走就走的旅行 全靠第一张图片 打卡景点
做早上的🚄中午抵达住宿后直接放了行李
第一☝️走路🚶‍➡️去总统府 门票🎫好像三四十 游玩体验一般没啥可看的 有一个禁毒宣传展在里面还挺震撼
	
第二☝️吃了当地比较🈶名的南京大排档当时3.4点去的刚好第一波没怎么排队，味道一般甜汤好吃，价格便宜
正好在秦淮河边，然后夫子庙也在那里，都说里面没啥🉑看的就没有进，整个商圈也还行，
第三☝️直接去了德基广场，适合买买买，见到了千万级别的厕所，整的跟酒吧一样，每层楼都有，没有全看，一天下来直接去盲人按摩🦶了图9图10环境可以，南京的按摩店都是在大厦上面，个人感觉单独行动的女生不要去#南京旅游 #南京四天三晚",542,605,12,https://www.xiaohongshu.com/explore/6773948d000000000b01622b?xsec_token=ABHnkpgbM8ijx4M1AMDLKj_z4I-f1kMdfgb_evMT6A8g0=&xsec_source=pc_search&source=web_explore_feed,https://sns-webpic-qc.xhscdn.com/202502281347/ddd7328bce6b3a234f09ec47a2b0e5fa/notes_pre_post/1040g3k031c2hjbgd0m604a5inkpvpumqbl8ujvo!nd_dft_wlteh_webp_3,娜很美,,
2-3月去南京旅游🔥一定要听劝!!,"2-3🈷想去南京旅游的宝子，别忘了做好攻略再出发✈这份完善好的南京攻略分享给大家‼别再当大冤种啦😣祝大家都玩的开心😃
-
💥提前予约景点：
✔南京博物院 (0r)：记得提前7天约  9:00-17:00
✔遇难同胞纪念馆 (0r)：记得提前7天约  8:30-17:30
✔中山陵 (0r)：记得提前3天约  8:00-17:00
✔总统府 (35r)：记得提前3天约  8:30-17:00
-
💥南京美食建议：
➡芮卡-新街口【法式香草布丁、草莓千层】
➡口口火山-新街口【南瓜板栗小丸子、麻辣烫】
➡小厨娘淮扬菜【太祖金陵脆皮烤鸭、松鼠桂鱼】
➡火山屋台-老门东【奶油咖喱乌冬面、黄油啤酒、屋台苹果糖】
➡第五季大排档-新街口【砂锅油焖大虾、老南京素鸡凤爪煲】
➡松澜烧鸟酒场-新街口【提灯、鸡汤关东煮】
➡竹里馆-老门东【竹里三杯鸡、手工酸菜牛腩】
➡伊兹铁板烧-老门东【火焰战斧牛排、爱心牛肉炒饭】#南京探店 #南京旅游攻略 #南京美食 #南京",1003,1191,7,https://www.xiaohongshu.com/explore/67b84b9c000000002802bbdb?xsec_token=AByms7XnCmbp5uzGbQXsk44pt1UNw7mw0UVn5gHRlWtl0=&xsec_source=pc_search&source=web_explore_feed,https://sns-webpic-qc.xhscdn.com/202502281347/59b62a6a2ab887e353ac764df245638e/1040g2sg31e5lf5nhgu004aes6eimdr5cbij7h28!nd_dft_wlteh_webp_3,葡萄冰乐_o,,
春天来南京，请收下这份CityWalk赏花路线。,"心心念念的春天就要来了
	
那么三月的南京会美成什么样子呢，真的是光看照片就已经心动的程度。
	
在这里整理了一份三月份在南京走花路的攻略，整条线路都在市区，全程公共交通可直达。
	
花期顺序是玉兰，樱花，郁金香，海棠，绣球，黄木香，建议先码住。
	
◽️鸡鸣寺樱花：p12，三月的顶流一定是属于古鸡鸣寺的樱花，说是樱花海洋也不为过，春天来南京赏花必打卡的地方，想避开人流可以看夜樱或者早樱，可以拍到博主同款照片。
	
◽️灵谷寺玉兰：p34，清幽宁静禅意深远的古寺，配上皎洁素雅的白玉兰，皎皎玉兰花，不受緇尘垢，美的就像一幅古画。
	
◽️观音门樱花：p5，这两年南京新晋的一条网红路，在江边的一条樱花大道，蓝调的时候拍照会很好看，可以拍到后面的城楼，比鸡鸣寺开花要晚一周。
	
◽️珍珠河樱花：p67，鸡鸣寺看完樱花之后，可以连着再去逛一下珍珠河，这边的樱花是沿河而栽，开的也好，人会少一些，花坛砖头可以踩，适合拍人像和写真。
	
◽️朝天宫玉兰：p89，朝天宫的这个机位也是玉兰花的必拍机位啦，框架式构图很国风，玉兰树也很大，每年都开的很好，想避开人流可以赶着早上九点开门进去。
	
◽️南林大樱花：p10，林业大学的樱花大道也是决美的，樱花树特别密，也是樱花的海洋，每年都会有开放日，一定要记得提前预约。
	
◽️莫愁湖海棠：p11，如果觉得樱花和玉兰太素的话，南京莫愁湖公园还有娇艳的海棠等着你，粉粉嫩嫩的海棠，真的是让人看的不由得心生欢喜呀。
	
◽️总统府绣球：p12，圆蓬蓬的的绣球花也狠好看啊，总统府的人这颗绣球树更是好看，运气好还可以拍到猫戏绣球，配上中式园林建筑，真的是人在画中游。
	
◽️情侣园郁金香：p13，春天怎么能没有郁金香呢，粉粉嫩嫩的郁金香真的是太米啦，情侣园本身也很美，特别适合拍照。
	
◽️碑亭巷黄木香：p14，当满墙的黄木香瀑布在面前的时候，香气扑鼻，真的是太壮观啦，碑亭巷的这簇黄木香配上复古油画墙，文艺风十足。
	
想必city walk赏花的的一天，时间会过的很快，不过天黑了也不用怕。
	
在南京还有一家晚上还在营业的德基🖼艺术博物馆，p15-18，南京夜生活年轻人聚集地，是全国营业到坠晚的博物馆喔。
他们的展《花花世界》，也是近三十年亚洲坠难得的一个以花卉为主题的画展。
	
希望大家在南京玩的开心，拍的漂亮，有一段难忘的回忆。
	
﻿#带上兴趣出门﻿ ﻿#南京﻿ ﻿#南京旅游﻿ ﻿#南京拍照﻿ ﻿#南京citywalk﻿ ﻿#赏花﻿ ﻿#夜游博物馆﻿ ﻿#樱花﻿ ﻿#鸡鸣寺﻿",1443,1078,119,https://www.xiaohongshu.com/explore/67b9b3ac000000002a00cd74?xsec_token=AB3R2bfnTm5tcyNoKuEe1u-2mu1v3r5VZ4KgEowjes2RI=&xsec_source=pc_search&source=web_explore_feed,https://sns-webpic-qc.xhscdn.com/202502281347/8a9d818d9314789a6fa51e7ea4c875d0/spectrum/1040g34o31e7126500e7g5n4a445kep5u0ftms40!nd_dft_wlteh_webp_3,赵不晚,,
南京景点排行榜，终于🈶人说清楚了,"给寒假春节要去南京的姐妹们整了一份超全南京景点+逛吃避雷攻略！有需要的可以🐎住，真的超详细！
-
👉南京三日游安排
Day1：总统府—南博—夫子庙—老门东
Day2：遇难同胞纪念馆—新街口—颐和路
Day3：红山动物园—鸡鸣寺—玄武湖—钟山风景区
来南京必吃盐水鸭！南京最正宗的盐水鸭之一就是📍聚宝·南京盐水鸭(南京总店)这家是真的好吃😭
虽然在景区附近但是味道很正宗，具有30年老菜场盐水鸭的记忆🤤
盐水鸭、桂花鸭、酱板鸭都是特色😍😍😍
很多本地人都在这里买！！
🦆烤鸭皮脆脆的！每次来都会分盒分装烤鸭包装很干净，携带便捷。
盐水鸭咸香适口，肉质很紧实 鸭子是偏瘦的很好吃😋送人还可以真空打包，十分方便！！！
	
#本地人做的攻略 #南京 #南京旅游 #南京美食 #南京旅行 #大学生 #本地人爱吃的店 #旅游攻略 #旅游不踩坑 #攻略",3264,3026,117,https://www.xiaohongshu.com/explore/67932b74000000002902821b?xsec_token=ABltY5fGRZhW23Uv75h0YII8lHq_wJrrMGh_RgQa4JAQE=&xsec_source=pc_search&source=web_explore_feed,https://sns-webpic-qc.xhscdn.com/202502281347/9fcbcbf69773675f1e2ce6fe5bd5776e/1040g2sg31d1d9hjc0c705o36j2g08qs3afavmcg!nd_dft_wlteh_webp_3,易小名,,
南京旅游超全指南✌️本地人总结,"在南京生活了24年，准备来南京的宝子们千万不要盲目玩！即使是淡季也一定要先知道想去的景点在哪里，p1手绘了张地图🗺️标注了每个景点的位置
	
✔️其中需要提前预🈷️的有
🔘同胞纪念馆（提前7天）8:30-17:00
🔘南京博物院（提前7天）9:00-16:00
🔘中山陵（提前7天）8:30–16:30
🔘zong统府（提前3天）9:00-16:00
	
✔️南京住宿
（一定要靠近地铁站，地铁是蕞优出行工具）
1️⃣选：🚇新街口、🚇大行宫
2️⃣选：🚇张府园、🚇常府街、🚇上海路
	
✔️南京美食
📍新街口
▪️口 口火山、▪️第五季大排档、▪️泥炉烧肉师
📍老门东
▪️火山屋台、▪️竹里馆、▪️鸿福面馆
📍zong统府
▪️梅花颂·金陵小馆
	
✔️南京Citywalk
🚶先锋书店—颐和路—西桥—南大周边
🚶新街口—丰富路—南台巷
🚶万象天地—熙南里—国创园—梦幻城
🚶上海路—青岛路—陶谷新村
	
部分图来源于@一只鹿 已授权，请勿误判#本地人推荐 #本地人做的攻略 #攻略吃喝玩乐 #跟着本地人不踩雷 #南京 #南京旅游 #南京美食 #南京旅行 #南京旅游攻略 #南京景点地图",1408,1295,9,https://www.xiaohongshu.com/explore/67bd2d3f00000000290113f1?xsec_token=AB-v3TANbPQrVj5ry8SScsVwyPrGOnEjUCqa1qaFhlJow=&xsec_source=pc_search&source=web_explore_feed,https://sns-webpic-qc.xhscdn.com/202502281347/c92fac10617b7cf68a9aec37ac84b724/1040g2sg31eae0ifd10005pcbtqj8h5plni6vm60!nd_dft_wlteh_webp_3,各泡泡,,
南京会惩罚每一个不提前预约的懒人😭,"马上寒假了，为了大家不要白跑一趟‼ 出发南京之前一定要预约啊
-
今天给大家总结了南京旅游热门景点的预约方式🔥大家赶快收藏起来⭐以备不时之需，来南京肯定可以用到～
-
南京景点予约
👉中山陵（gzh提前5天）
👉总tong府（gzh提前3天）
👉南京博物院（gzh提前7天）
👉遇难同胞纪念馆（gzh提前7天）⚠️11月11～12月13日闭馆
👉大报恩寺（不用预yue就可以玩的热门景点👏 ）
‼️其余景点都不需要予约
-
南京吃到的好吃的
🌟第五季大排档：羊蝎子火锅、老南京素鸡凤爪煲
🌟芮卡：草莓牛乳芝士卷、抹茶柚子蛋糕
🌟口口火山：麻辣烫糖水、南瓜板栗小丸子
🌟鸿福面馆科巷店：老卤大肉面、皮肚大肉面
🌟竹里馆：竹里小炒、竹里三杯鸡
🌟火山屋台老门东店：奶油咖喱乌冬面、黄油啤酒
🌟小厨娘淮扬菜玄武湖店：太祖金陵脆皮烤鸭、松鼠桂鱼、小笼包
🌟泥炉烧肉师：炭烤活鳗鱼、牛肋条
🌟松澜烧鸟酒场云南北路店：烧鸟、提灯、葱花蛋卷
#南京旅游#南京美食#南京旅游攻略饭搭子 #大学生旅游特种兵 #人文景点分享 #国内旅游日常 #女大学生假期plog",3729,4102,58,https://www.xiaohongshu.com/explore/677f653d00000000010006c7?xsec_token=ABTrh_dhyGifs4PFFy5tWQvXAZsXBKImftbYggYxAEHxc=&xsec_source=pc_search&source=web_explore_feed,https://sns-webpic-qc.xhscdn.com/202502281347/3e0d52166aa927d56a76db843e9c4130/1040g2sg31ce3b91nh06g5p9aledql894pg38748!nd_dft_wlteh_webp_3,TYX,,
我好会玩❗️南京宝藏文艺city walk路线攻略,"最近感觉南京全都在赏花，实在不想去凑热闹。找了一条适合一个人也能走走停停的舒适文艺city walk打卡路线。也适合拍照扫街
	
👭出行人数：1
	
路线：金银街➡️陶谷新村➡️上海路➡️南台巷➡️丰富路
（图2附路线）
	
⌚️耗时：3.5H（约1w步
🚗交通：地铁4号线至云南路站，3号口出。出来会看到一大片樱花🌸，经过南大。
	
🌈【个人感受】
整条路线上有很多文艺小店：咖啡店、文创店居多。很有意思的是，这些街区小店很多都是和居民区融为一体。左边是一群时髦精们很chill的喝着咖啡聊着vintage，隔壁邻居可能是一个小菜场，或是一间极具年代感的外贸服饰店。隔了几百米，还能看见一群大爷大妈，支棱着一张折叠桌，在门口惯蛋。
	
几条街走下来，最大的感触是，时尚、文艺也是市井烟火气的一部分，并没有剥离。喜欢这种不同时代感的节奏穿插，打破次元壁的建筑看似突兀，又莫名融合。真的很爱❗️
	
🌈【推荐店铺】
一条路线上有太多好看的店铺，门头店招各有特色
说几个自己比较喜欢的小店
	
🌲文创店：老宇宙商店、NONO、万物桃喜、二条商店
☕️咖啡店：阿sir、舍喜、凡几等等。。。。这条线咖啡店每个都想进去坐坐
🍴餐厅：strong tutu、丰富路上有好多好吃的 ，这条路线最可怕的，就是消耗了一天的能量，会全部在丰富路上吃回来😭
🍞面包店：啾包海盐卷yyds（每天数量有限，不一定能买到。可以提前一天定）；cherry bomb（朋友推荐的）
	
🌈【打卡小建议】
1⃣️如果你不是很能走路，只想逛逛文艺小店，拍照，直接从南台巷开始➡️丰富路
2⃣️如果你习惯了city walk ，比较能走，这条线路还可以继续延伸🚶‍♀️🚶‍♀️
✅颐和路➡️西桥➡️金银街➡️陶谷新村➡️先锋书店➡️德基➡️王府大街➡️南台巷➡️明瓦廊
	
3⃣️金银街在整个行程里比较一般，但有面打卡墙很精彩
4⃣️一定穿一双舒服的鞋子，注意防晒。我当天穿的大黄靴，走完回家脚后跟疼
6⃣️丰富路上的小吃，外地来的姐妹们真的推荐去吃一下好吗
#南京 #南京citywalk #陶谷新村 #南台巷 #二条商店 #周末去哪儿 #旅游 #旅游攻略 #面包 #咖啡 #金银街 #南秀村 @本地薯",2.5万,2.6万,698,https://www.xiaohongshu.com/explore/65feb947000000000d00c6e9?xsec_token=AB8O8YzKzwrV3z_E8zu72JsWnvosvtnMiFdAA7FntO7LU=&xsec_source=pc_search&source=web_explore_feed,https://sns-webpic-qc.xhscdn.com/202502281347/5e8ff63252ccff72e45447ae9f9d9c58/1040g2sg310mebg9j6i0049ujo3iosia6kdk1rcg!nd_dft_wlteh_webp_3,羊咩咩爱做攻略,,
美食博主南京出差日常，48h逛吃南京美食vlog,#vlog #vlog我的一天 #vlog日常 #南京#工作日常记录 #南京美食,5354,2635,322,https://www.xiaohongshu.com/explore/67b58c380000000029009e50?xsec_token=ABUG3PXM2rkDKZT301D-MHGKLxHuc0Z1PhRwmtype9hHY=&xsec_source=pc_search&source=web_explore_feed,,章鱼哥哥,,
📍2.14南京已回。。😭我都崩溃了,"南京真的好好玩‼家人们～但是我真的气晕了😳好多坑…熬夜给大家整理的西安详细的旅游攻略📖不希望再有姐妹们跟我们一样踩雷了✅
#南京美食#南京#南京旅游攻略#南京旅游#南京美食攻略#南京打卡#南京游玩#南京攻略",892,713,205,https://www.xiaohongshu.com/explore/67b9bcde000000000e004fe3?xsec_token=AB3R2bfnTm5tcyNoKuEe1u-zuYhRPj6t1Xe7VZOX-aG4o=&xsec_source=pc_search&source=web_explore_feed,https://sns-webpic-qc.xhscdn.com/202502281348/fbaea9c5bf9b18b2f821720acf13cb6d/1040g00831e72hcdtgs005nh1nfr08s8qnbg1as0!nd_dft_wlteh_webp_3,土豆小懒懒🥔,,
南京自由行省心攻略【附4天游览地图】,"【去前注意】
①南京博物院、同胞纪念馆、中山陵、总统府都要提前7天预yue！每周一闭馆。‼️（同胞纪念馆今年11月11—12.13期间闭馆）‼️
明孝陵、红山动物园提前一天预yue，总统府提前两天。
②地图上的景区已按区域划分，每个区域可以只选几个，这样玩起来会更轻松，不那么累～
	
【行程安排】
D1天（推jian路线）：梧桐大道（灵谷寺路进入）— 灵古寺35r （上塔顶可俯瞰南京）— 音乐台 10r— 中山陵 免费 — 明孝陵 70r— 美龄宫 30r— 梧桐大道
（这是一条逆行游览路线，适合避开假日大人流，灵谷寺路的梧桐大道人要少很多）
-
D1天（常规路线）：明孝陵5号门进入（6：30前免门票） — 中山陵 免费— 音乐台 10r— 美龄宫30r—梧桐大道
（这里建议做取舍，不用每个景区都去，全走下来非常耗费体力）
-
D2天： 南京墙（悦动新门西18栋）— 大报恩寺90r（提前一天87r）—中华门50r — 老门东 —瞻园30r （金陵D1园）— 夫子庙/秦淮河
-
D3天：南京博物院 免费— 总统府 35r— 先锋书店（五台山总店） — 德基广场（2000w豪华厕所）
-
D4天：红山动物园 40r— 玄武湖 （皇家园林）— 古🐔鸣寺10r — 颐和路（文艺街区）
	
🏠【住宿】住在大行宫地铁站附近，去哪里都比较方便
-
总结
南京是一座景点众多的城市，既蕴含着丰富的历史文化底蕴，也展现了诸多令人赞叹的自然美景，不愧是六朝古都，是一个值得多次探访的地方。小伙伴们对南京有什么特别的印象？或是对于这份攻略有任何疑问，都欢迎在下方交流！
#南京 #南京旅游攻略 #南京旅游 #钟山风景区 #红山动物园 #周末去哪玩  #景区赏花前线 #人文景点分享 #旅行 #旅行记录
@走走薯 @户外薯",320,510,20,https://www.xiaohongshu.com/explore/67349865000000003c018b3c?xsec_token=ABIO-b-h-s7iSwvMMx_vhEHBg8qaJ-ObXk3yFaX-QgajA=&xsec_source=pc_search&source=web_explore_feed,https://sns-webpic-qc.xhscdn.com/202502281348/1aace1c01226a137445ad1090f985a1a/1040g2sg31a51r2h17gdg4bkofoevfg1gthikp2o!nd_dft_wlteh_webp_3,原来,,
南京2-3🈷景点📍建议去🆚不建议去,"📝好多外地朋友和我吐槽南京不好玩，结果听她们描述完发现她们踩了好多坑😢，作为去过南京无数次的半个南京人，熬夜制作了一份南京旅游攻略，虽然花费了些许时间，但是能帮助到各位来南京玩的宝子们就好😘😘
-
💫p1-4南京景点合集（建议去vs不建议去）
💫p5南京美食攻略
💫p6南京旅游注意事项
💫p7-8南京不同旅游时间安排
#南京美食#南京#南京旅游攻略#南京旅游#南京美食攻略 #游玩攻略 #南京吃喝玩乐",412,367,13,https://www.xiaohongshu.com/explore/67a74122000000002900e086?xsec_token=ABOoy-qneVUltTdffph7u3CLYei5iYne4u1XLA_O01z1A=&xsec_source=pc_search&source=web_explore_feed,https://sns-webpic-qc.xhscdn.com/202502281348/c40fe2b2132ff8464ffaa7790d2d6abc/1040g00831dl0u6vrh02g5of0tcek1c244suf1f8!nd_dft_wlteh_webp_3,草莓啵啵好甜💕,,
理工男友的南京旅游攻略，可直接抄作业📝,"🎉 南京旅游路线大推荐 🎉
亲爱的姐妹们，给大家带来一份南京旅游优解路线图！
这份图纸一出，简直是清晰到爆！你们可以根据这份图精准规划你们的南京行了~🗺️✨
-
👣 首次踏入南京，不容错过：
钟山风景区：让你领略南京的山水之美。
南京博物院：深入了解厚重的历史文化。
遇难同胞纪念馆：缅怀历史，珍视和平。
-
🌿 携手夫子庙同游：
老门东：感受老南京的风情。
瞻园：体会古人的雅致生活。
大报恩寺：探访历史的深处。
-
🎨 总统府周边精选：
六朝博物馆、江宁织造博物馆：感受南京的工业美学。
江苏省美术馆：艺术的盛宴。
南京1912历史文化街区、科巷：历史与现代文化的交融。
-
🌃 夜游推荐：
夫子庙、老门东、秦淮河：夜晚的灯火闪烁，别有风情。
新街口、南京长江大桥：城市夜景一览无余。
-
🍲 宝藏小店：
科巷【石锅轩】：石锅饭上滋滋作响，温泉蛋搅拌出的滋味，确实让人难忘，人均30元，性价比超高！
-
🌇 欣赏日落：
南京眼步行桥、鱼嘴湿地公园、玄武湖公园、石臼湖、幕府山公园：在夕阳下，任何地方都能变成最浪漫的相遇。
-
💕 游玩路线推荐💕：
🌞 2天1夜旅游路线：
D1：红山森林动物园 ➡ 鸡鸣寺 ➡ 南京城墙 ➡ 玄武湖 ➡ 夫子庙 ➡ 老门东
D2：明孝陵 ➡ 梧桐大道 ➡ 中山陵 ➡ 南京博物院 ➡ 总统府 ➡ 回家
-
🚀 3天2夜深度游：
D1：梧桐大道 ➡ 明孝陵 ➡ 中山陵 ➡ 夫子庙 ➡ 老门东
D2：南京博物院 ➡ 总统府 ➡ 鸡鸣寺 ➡ 南京城墙 ➡ 玄武湖 ➡ 新街口
D3：遇难同胞纪念馆 ➡ 先锋书店 ➡ 颐和路 ➡ 红山森林动物园 ➡ 回家
-
无论是和朋友还是家人一起，南京这座城定能给你留下难忘的回忆！赶紧拿起这份攻略，开始你的南京之旅吧！🌟📆
#浪漫生活的记录者  #旅游攻略  #南京  #南京旅游  #南京旅游攻略  #旅游  #游玩攻略  #周末去哪玩  #人文景点分享  #南京景点  #懒人旅游攻略  #穷游攻略  #南京吃喝玩乐  #假期去哪玩  #国内旅游日常  #江浙沪周边游  #南京旅游打卡 #我要慢慢玩",44,58,评论,https://www.xiaohongshu.com/explore/67bc37f7000000002901b81e?xsec_token=ABa24pGds3urSNzETqnEqRYRejGlfgTHXXR9uk7ruWWhU=&xsec_source=pc_search&source=web_explore_feed,https://sns-webpic-qc.xhscdn.com/202502281348/9b4f60f30010484ea4774896f2c7063e/spectrum/1040g0k031e9g1rcj0e005pfk20bh97qml201s7g!nd_dft_wlteh_webp_3,猫猫探险家,,
来鸡鸣寺只干一件事👀,"打卡92版《新白娘子传奇》取景地～
	
📅 开放时间：每天 7:00～17:00（16:30停止入场）
🚇 交通信息：地铁3/4号线【鸡鸣寺】站5号口
🎫 门票信息：15r/人
	
🕛 时间参考：
▫️ 13:31 到达【古鸡鸣寺】南门
▫️ 13:45 到达【毗卢宝殿】（图7；⚠️注意殿内佛像禁止拍照）
▫️ 14:05 到达【药师佛塔】（图1～6，此处游客较多，等到人群散去需要较长时间；⚠️注意殿内佛像禁止拍照）
▫️ 15:16 到达【天香炉】，随后上行前往【般若堂】（图8～10）
▫️ 15:40 完成拍摄，若时间充足可前往【玄武湖】和【南京城墙】
	
#新白娘子传奇 #鸡鸣寺 #取景地 #南京旅游 #南京旅行 #鸡鸣寺攻略 #白蛇传",6108,2073,1236,https://www.xiaohongshu.com/explore/67a6498a000000001902d466?xsec_token=ABLbccF-JVHF-PEbPK4BO7Ox5CIZJp-Aqcd5aBClB821A=&xsec_source=pc_search&source=web_explore_feed,https://sns-webpic-qc.xhscdn.com/202502281348/3b9f39e213f45cd86d3cc370170d720b/1040g2sg31dk2muc8h0705npmcgeg8705alg5klo!nd_dft_wlteh_webp_3,黄鸡米,,
南京三天两夜旅游攻略【超全版】,"✅南京景点
［1］南京博物院 建议大家提前7天约
［2］中山陵 感受伟人的永恒魅力
［3］美龄官 🎫30 了解近现代史的发展。
［4］明孝陵 🎫70 艺术精湛的帝王陵寝
［5］夫子庙 夫子庙和老门东在一逛吃
［6］总统府 🎫40 一座总统府半部近代史
［7］南京六朝博物馆 🎫30 了解六朝历史
［8］鸡鸣寺 南京的文化名片
［9］新街口 美食打卡地 汇集了众多特色小吃
［10］南京遇难同胞纪念馆 爱国主义教育示范基地
✅南京美食
📍老门东
1.庙东排骨 马道街店（留香排骨、酥香掌中宝）
📍新街口
1.火山屋台（奶油咖喱乌冬面、黄油啤酒🍻）
2.芮卡（斑斓椰子、提拉米苏、芋泥小笼）
3.橘丽糟粕醋火锅（鲜活对虾、糟粕醋火锅）
📍科巷
K14石锅轩（黑椒鸡柳石锅饭、番茄牛肉石锅饭）
📍钟山风景区
鸿福面馆（皮肚大肉面、老南京牛肉干挑）
✅宝藏店铺
📍新街口
DOGTOWN（潮牌买手店、咖啡、汉堡）
✅6-9月天气情况
6月:平均气温: 21—35℃，晴天和多云天气较多
7月:平均气温: 25—32℃，雨天较多
8月:平均气温: 23—32℃，晴天较多
9月:平均气温: 21—29℃，晴天和多云较多
✅穿搭建议
1.T恤、防太阳外套、连衣裙、辣妹小外套、吊带裙、汉元素等等都可以!
2.不建议穿太长的裙子，上下楼梯可能不方便
3.建议直接穿短袖出去逛，zui好带个防太阳衣，太阳是真的晒#南京旅游 #南京美食 #南京美食推荐 #南京旅游攻略",5.7万,6万,1295,https://www.xiaohongshu.com/explore/667da849000000001c0271fe?xsec_token=ABgdM-GPTLPL0zB84w6ZW95M6YJ2thJe5AuqrZWYRubeg=&xsec_source=pc_search&source=web_explore_feed,https://sns-webpic-qc.xhscdn.com/202502281348/2e56a6ebed1a9e9e0a70ce884a61369b/1040g008314id129f746g5p64jofip8bq27rshbo!nd_dft_wlteh_webp_3,饿饿在南京,,
2-4月来南京的姐妹，赶快码住这份避雷攻略,"2-4月来南京的姐妹们，看看这份不交智商税的南京旅游攻略吧！不要错过这份攻略喔~花了一天时间精心整理的‼️
-
🌠行程推荐
✅Day1：遇难同胞纪念馆—总统府—老门东—夫子庙—秦淮河
✅Day2：南京博物院—明孝陵—美龄宫—中山陵—音乐台
✅Day3：红山动物园—鸡鸣寺—玄武湖—新街口—大报恩寺
-
🤩南京美食
📍李百蟹
📍状元楼· 闻喜中餐厅
📍晚园江南火锅
📍小潘记鸭血粉丝汤
📍章云板鸭
-
🏡住宿选择
👉1. 夫子庙 - 秦淮河风光带附近：周边景点密集，如夫子庙、瞻园、中华门等，夜晚能欣赏到秦淮河的绝美夜景，交通便利
推荐住宿：花筑· 僖堂民宿还不错，干净卫生、性价比高
👉2.新街口附近：交通极为便利，地铁1号线和2号线在此交汇
👉3.玄武湖附近：临近南京站，对于乘坐火车出行的游客来说，交通极为便利
-
😝暖心建议
🔺建议1：想吃南京鸭子的话，不要去景区里买，那边都是包装好的不新鲜的鸭子，应该去街边小店吃那种现做的
🔺建议2：在夫子庙逛累了，可以去少伯茶苑茶馆，点一杯茶和甜品， 喝个下午茶，简直不要太惬意啦~
🔺建议3：南京博物院、遇难同胞纪念馆、zong统府、中山陵等景点周一闭馆，不要白跑一趟啦！
🔺建议4：南京博物院预约不上可以试试早上九点刷一刷，每天早上9点会放票
﻿#南京﻿ ﻿#旅游﻿ ﻿#美食﻿ ﻿#南京旅游﻿ ﻿#旅游攻略﻿ ﻿#旅行﻿ ﻿#南京旅游攻略﻿ ﻿#南京吃喝玩乐﻿ ﻿#南京旅行﻿ ﻿#南京美食攻略﻿",467,446,11,https://www.xiaohongshu.com/explore/67b30889000000001800c1ac?xsec_token=AB7ssgT-_LuacMgURsNqPOmQxGhxVGzfaaMRGlkJjRtkY=&xsec_source=pc_search&source=web_explore_feed,https://sns-webpic-qc.xhscdn.com/202502281348/9eb8093bfa17d1ee6ddca9210c49b010/spectrum/1040g0k031e0g0c5s12005pkckvojuna2muvq088!nd_dft_wlteh_webp_3,章鱼小丸犊子,,
答应我❗来南京旅游一定一定要先看这份攻略❗,"淡季的南京，人少景又美，让我念念不忘
回来后，总结了一份我的新年版南京Citywalk路线给大家参考📚
主打不早起旅行，轻松不累❗精华景点一个也不落
.
1️⃣关于住宿：
建议住新街口、夫子庙、大行宫、总统府等地铁站附近，离景点近、吃饭也方便
_
2️⃣三日游路线安排：
Day①：梧桐大道👉美龄宫👉中山陵👉音乐台👉南京博物院👉秦淮河
Day②：南京大屠杀遇难同胞纪念馆👉总统府👉鸡鸣寺👉明城墙👉玄武湖👉老门东
Day③：南京墙👉朝天宫👉大报恩寺👉牛首山👉颐和路👉先锋书店
_
3️⃣精华景点攻略：
✅梧桐大道：导航明孝陵5号门，可看到网红天桥
✅音乐台：门票10元，鸽子基本每30分钟飞一次，建议上午来，人少好出片
✅南京博物院：想了解一座城市，一定是从博物馆开始，这里藏品丰富，很值得来参观
✅秦淮河：建议晚上去，夜场门票49元
✅南京大屠杀遇难同胞纪念馆：每一个去南京的人都应该去的地方，“前事不忘，后事之师”
✅总统府：门票35，一座总统府，半部民国史
✅鸡鸣寺：门票15，南京必打卡的寺庙
✅南京大字墙：导航悦动新门西18栋
✅朝天宫：门票23，人称“南京小故宫”，拍照很出片
✅大报恩寺：白天门票87，夜场票69，历史与科技的结合，非常吸引人
✅牛首山：门票145，花40亿打造的佛教圣殿，金碧辉煌，拍照很漂亮
_
4️⃣给来南京的友友们一些建议：
①热门景点如南京博物院、总统府等，记得提前预约（周一闭馆），其中南博当天9点后，每个整点和半点的前后十分钟，也会放票，记得蹲点抢票
②在南京想吃更地道的小吃，可选择红庙、南湖一带
③钟山风景区比较费腿，建议选择重点景点游玩➕乘坐景区观光车
④明孝陵12-1月是7点前免门票，2-11月是6：30前免门票
⑤想看灯会的，可去白鹭洲公园，夜景超美，适合穿汉服打卡
_
🍱南京美食打卡：
✅金陵码头会：每次去南京都会吃的一家店，当地人推荐❗上菜速度很快，味道又很nice!尤其是他们家的一级河豚，春天来了，一定要去吃一次河豚🐡非常肥美，肉质嫩滑如绸，吃到根本停不下来
#南京旅游#江浙沪周边游#南京旅行攻略#不早起旅行日记#新年旅行第一站#新年版citywalk#南京牛首山#用一场旅行跨进2025 #南京菜 #淮扬菜#当地人推荐餐厅",2156,1590,35,https://www.xiaohongshu.com/explore/6784ccea000000001703a33d?xsec_token=AB20F8D470Xjn7Rx2zzSNClY1qf3VxHo7xGUc8F3Sgm6A=&xsec_source=pc_search&source=web_explore_feed,https://sns-webpic-qc.xhscdn.com/202502281348/1b325277ee799beecc71df01f4503f1a/1040g00831cjc7q8q0s0049medcspaabejkdgtno!nd_dft_wlteh_webp_3,金鱼旅行札记,,
南京南京！不累版！,"Day 1：钟山风景名胜区
🌅 早上：南京博物院 —— 探索南京的历史密码
从南京博物院开启旅程！这里是南京历史文化的重要窗口，馆内珍藏着众多文物和艺术品，展现了南京从古至今的辉煌历程。您可以细细品味这里的展览，感受这座城市深厚的文化底蕴。
🌆 下午：钟山风景区 —— 自然与人文的完美融合
漫步钟山风景区。
中山陵：这座庄严肃穆的建筑是孙中山先生的陵墓，气势恢宏，象征着民族精神。
音乐台：这里是欣赏自然美景的好地方，尤其是在春秋季节，花开满园，景色宜人。
灵谷寺：千年古刹，古朴宁静，适合静心祈福。
🌃 傍晚：金陵美食 —— 品尝南京的味道结束一天的行程后，在夫子庙或新街口找一家地道的金陵餐馆。推荐尝试：
盐水鸭：南京的招牌美食，肉质鲜嫩，咸香适口。
鸭血粉丝汤：热气腾腾的汤底配上滑嫩的鸭血，风味独特。
桂花糖芋苗： 甜品中的经典，香甜可口。
在品尝美食的同时，还能感受到南京的夜生活氛围，别有一番滋味！
Day 2：老门东 & 小西湖
🌅 早上：总统府 —— 见证历史的变迁
前往总统府，了解南京在中国近代史上的重要地位。这里曾是中华民国临时政府所在地，建筑古朴典雅，展览内容丰富，带您穿越时空，感受那段波澜壮阔的历史。
🌆 下午：老门东 & 小西湖 —— 漫步在传统与文艺之间
老门东：这条充满传统风情的街道，保留了许多明清时期的建筑风格。沿街有许多特色小店和手工艺品店，适合慢慢逛、细细看。
小西湖：作为小众景点中的瑰宝，这里充满了文艺气息和年轻人的活力。湖边的柳树随风轻摆，景色优美，适合拍照打卡。
🌃 傍晚：秦淮河夜景 —— 感受金陵夜色漫步秦淮河畔，欣赏两岸灯火辉煌的夜景。夜晚的乌衣巷更是别有一番风味，“乌衣巷口夕阳斜”的意境跃然眼前。您还可以乘坐画舫游船，感受古代文人的诗意情怀。
Day 3：玄武湖 & 红山动物园
🌅 早上：红山动物园 —— 与动物亲密接触
一大早前往红山动物园，这里不仅是孩子们的乐园，也是大人放松心情的好去处。
🌆 下午：玄武湖公园 & 鸡鸣寺 —— 自然与文化的双重享受
玄武湖公园：作为南京最大的皇家园林湖泊，玄武湖四季景色各异。漫步湖边或骑行环湖道，感受清新的空气和宁静的氛围。#南京 #南京旅游 #南京探店 #南京美食 #南京拍照 #南京约拍",356,381,评论,https://www.xiaohongshu.com/explore/679c894d0000000018009a93?xsec_token=ABN9sZ0jBRDL8mmDUJwOiQD3M_Z_eMSt1PCdvmpTl5-cI=&xsec_source=pc_search&source=web_explore_feed,https://sns-webpic-qc.xhscdn.com/202502281348/a7cee0bc08fa68bbeb5a1cda8e8c1c78/1040g00831dai031m0m005pkojn0gueflqqnm5eg!nd_dft_wlteh_webp_3,今夜吃晚饭,,
南京土著版玩法｜一次说清楚南京旅游攻略！❗,"生活在南京二十几年的土著真的深爱这座城市！南京现在的秋景真的很美！外地好姐妹约好来，熬夜两天专门给她做了一篇南京旅游攻略，正确玩法都已标注！一次说清！
1⃣南京11-12月天气情况
⚡11月：平均温度9℃ ~ 17℃
⚡12月：平均温度是 3℃ ~ 11℃
👚👉穿搭：夹衣、风衣、休闲装、夹克衫、西装、薄毛衣等保暖衣服 （可以带帽子、围巾🧣、羽绒服❗）
2⃣交通——出行建议直接选择地铁，景点基本上都能到达
3⃣必打卡景点：
🔺钟山风景区：chao绝氛围感的梧桐大道，在小说尽头里相遇
🔺大报恩寺：遇见大报恩塔点灯！许愿一举上岸！
4⃣必吃清单
✅小吃甜品：
🔥口口火山：麻辣烫、荔浦芋头大满贯、锅巴土豆
🔥鸿福面馆（苜蓿园）：老卤大肉面、皮肚大肉面
🔥庙东排骨（马道街）：留香排骨、庙东炸肉、黄金地瓜条
✅特色正餐
🔥米辣（景枫）：泰式古法咖喱虎虾、冬阴功海鲜汤、清迈咖喱面
🔥梅花颂金陵小馆(总统府1912）：南京老卤烤鸭、金陵盐水鸭、金陵头道菜
🔥第五季大排档：羊蝎子火锅、素鸡凤爪煲、辣椒炒臭干
🔥辣当家：双椒鸡、山城豆花、古法手工酸梅汤
🔥松澜烧鸟酒场：烧鸟系列、葱花蛋卷、五花肉溏心蛋
🔥伊兹铁板烧：战斧牛排、金鱼气泡水、法式鹅肝
🔥火山屋台：奶油咖喱乌冬、屋台一口饭、黄油啤酒#南京 #南京旅游 #旅游攻略 #大学生旅游 #江浙沪周边游 #南京美食 #南京旅游攻略 #不为打卡的旅行 #旅游 #一个人的旅行",1573,2820,30,https://www.xiaohongshu.com/explore/67597bc90000000002034a7f?xsec_token=AB6nPK_9k0WSCLMIijcGWeuwnupOqXRGhkjZuPiM12yOg=&xsec_source=pc_search&source=web_explore_feed,https://sns-webpic-qc.xhscdn.com/202502281348/3967d34dfc612303c1e9c080339adf90/1040g00831b92jb5a7a005o2tsrrg8h5u7s5nk70!nd_dft_wlteh_webp_3,蛋挞小猪,,
去了南京7次的我的建议是……,"📍𝑵𝒂𝒏𝑱𝒊𝒏𝒈
“初春来感受夏日金陵的浪漫”
3-5月份旅行计划去南京的姐妹们，真求你看这篇，纯干货分享，保姆级攻略千万别错过💖
吃喝玩乐一篇全包，祝大家有个开心的南京之旅~~
·
🚝交通指南
🚇地铁：运营时间6:00-22:30，早晚高峰和节假日可能会比较拥挤，1⃣2⃣3⃣号路线覆盖城市主要区域
🚌公交：一般为2r搜“南京公交乘车🐎
🚗出租车
起步价为9r（含3公里），夜间（23:00-次日5:00）起步价为9.3r（含3公里）
·
📝我的路线
💗Day1：鸡鸣寺➡明城墙➡玄武湖➡先锋书店➡南京博物院➡新街口➡秦淮河➡夫子庙
🩵Day2：中山陵➡梧桐大道➡音乐台➡美龄宫➡明孝陵➡老门东➡白鹭洲公园
💜Day3：牛首山➡南京同胞纪念馆➡返程
·
📍清晨景点：
🕊音乐台：清晨的音乐台格外宁静，可以打车或租小电驴前往，早上的鸽子很容易起飞
🌳梧桐大道：向导航报上“灵谷寺路”，到达这条凉爽的梧桐树荫道，跟着初升的阳光漫步。
玄武湖+鸡鸣寺：先在鸡鸣寺内寻求一份宁静，再到玄武湖边感受晨风的凉爽，拍摄城墙美景。
📍夜晚分享景点（凉夜+夜景）：
⛩夫子庙、秦淮河、老门东、金陵小城：夜晚的古城区别有一番风味，夜市、灯光、文化，让夜晚的南京更加迷人。
·
🥘小吃街分享
📍夫子庙小吃街📍老门东小吃街📍金陵小吃一条街
🏠住宿
📍新街口：特色小吃多，出行方便，热门景点集中
📍夫子庙：历史文化浓厚，夜景迷人，但住宿价格相对较高
📍大行宫：靠近科巷美食街，交通便利，性价比高
·
📖来南京要知道的小tips
1⃣鸡鸣寺是南京zui古老的梵刹之一🉑求姻缘和事业
2⃣玄武湖公园内可以租借自行车🚲环湖骑行，享受湖光山色
3⃣南京博物院是🆓开放的，但提前y，周一闭馆❗
4⃣夫子庙老门东是南京的传统街区，有很多特色小吃和手工艺品，晚上亮灯💡很好看
5⃣白鹭洲公园是秦淮灯会的主会场之一，夜景非常美丽🉑穿汉服📷出片
6⃣牛首山是一座耗资40亿打造的绝美宫殿，是南京的网红打卡景点
·
#南京旅游   #南京旅行   #南京美食  #牛首山   #南京梧桐大道  #总统府   #美龄宫   #南京攻略   #南京夫子庙  #南京老门东   #秦淮河   #南京游玩攻略   #先锋书店    #我的私藏旅行路线   #南京拍照攻略#南京旅游#南京美食#南京避雷#来南京怎么玩",81,72,13,https://www.xiaohongshu.com/explore/67bdc428000000000e005565?xsec_token=AB-v3TANbPQrVj5ry8SScsV5viKViHRDnIwHf_KcWMMEc=&xsec_source=pc_search&source=web_explore_feed,https://sns-webpic-qc.xhscdn.com/202502281348/9c11124037651a314a0449d35d4f9fbb/1040g00831eb0bh5qh06g5pc12snmdpahn0rsv1o!nd_dft_wlteh_webp_3,麦门听我口令,,
写给2-3🈷去南京的姐妹们，快进来听劝,"南京会惩罚每一个不认真做攻略的人…
去南京玩真的又很多注意事项⚠给大家整理了一份攻略！希望能帮大家在南京玩得开心！
-
📖来南京要知道的小tips
1⃣鸡鸣寺是南京zui古老的梵刹之一🉑求姻缘和事业
2⃣玄武湖公园内可以租借自行车🚲环湖骑行，享受湖光山色
3⃣南京博物院是🆓开放的，周一闭馆❗
4⃣夫子庙和老门东是南京的传统街区，有很多特色小吃和手工艺品，晚上亮灯💡很好看
5⃣白鹭洲公园是秦淮灯会的主会场之一，夜景非常美丽🉑穿汉服📷出片
6⃣牛首山是一座耗资40亿打造的绝美宫殿，是南京的网红打卡景点之一
7⃣带上重要的身份证，学生半价❗
-
🚝交通指南
🚇地铁：运营时间6:00-22:30，早晚高峰和节假日可能会比较拥挤，1⃣2⃣3⃣号路线主要区域
🚌公交：一般为2r🉑南京公交乘车🐎
🚗出租车 起步价为9r（含3公里），夜间（23:00-次日5:00）起步价为9.3r（含3公里）
-
图文已授权@给你一下zi 真诚分享请不要误判谢谢🙏
#南京 #南京攻略 #南京旅游 #南京美食 #南京旅游攻略 #南京吃喝玩乐 #夫子庙 #亲子游 #大学生 #旅游 #新街口",1788,1871,59,https://www.xiaohongshu.com/explore/67a88d43000000002901a111?xsec_token=ABXjKjMT2IoFj1Pi0MV9ckNu3lJ5UYnrN7Ir7s12jO7SI=&xsec_source=pc_search&source=web_explore_feed,https://sns-webpic-qc.xhscdn.com/202502281349/91816a7966e587fe5d367cbd33b64f54/1040g2sg31dm9f59rge8g5pru67qi32thggfl6to!nd_dft_wlteh_webp_3,窝系小福包,,
第👆次来南京，一定要看这张图✅✅,"没来过南京，一定要看这张图，可以轻松畅玩南京城！
🗺地图背景为南京地铁运营线路图！
❤红底为热门景区
💛黄底为小众景区
🩵蓝底为冷门景区
	
✅南京的超多景区都集中在地铁2号线、3号线沿线，热门的景区可以参考～
景区超级多，建议大家做取舍，把想玩的地方做好攻略，希望大家都能有一趟满意的南京之旅🌟
	
✅参考路线：
🔸Day1：南京博物院—老门东—大报恩寺遗址博物馆—夫子庙
（Tips1：老门东的★秋也家超好逛，很好拍的香水博物馆～
Tips2：大报恩寺不用提前约非常方便～）
	
🔸Day2：钟山风景区—总统府—新街口
（Tips：梧桐大道上午8点左右会有丁达尔效应～）
	
🔸Day3：红山森林动物园—鸡鸣寺—玄武湖
（Tips：从鸡鸣寺出来走5分钟就可以到玄武湖的解放门～有空的也可以打卡南京城墙，都在一起～）
	
✅南京本土特色美食
小厨娘淮扬菜、大明王朝、鸿福面馆、朱小乐龙虾
✅南京热门美食
火山屋台、伊兹铁板烧、松澜烧鸟酒场、口口火山
#南京旅游攻略 #南京旅游打卡#南京旅游分享 #南京旅游美食攻略 #南京旅游必打卡景点 #南京旅游推荐
@生活薯 @小红书体验站 @小红书创作助手",1184,1160,4,https://www.xiaohongshu.com/explore/6755709d00000000020156bd?xsec_token=AB5vwjbGt5yasb7XEesv6NaqJ_uCt7xNfrJcCHvv8DPH8=&xsec_source=pc_search&source=web_explore_feed,https://sns-webpic-qc.xhscdn.com/202502281349/f6cfc9d57b92426ab6bc609be706feda/1040g2sg31b547aam7mc05ol1tt6oc6po47o2v7g!nd_dft_wlteh_webp_3,橙子,,
南京citywalk路线 | 3天2晚超全攻略来了✅,"从南京旅游回来了！南京真的好吃又好玩🥹🥹整理了一份攻略给大家 希望可以帮到姐妹们👭
——
🔹路线安排
Day1️⃣： 遇难同胞纪念馆➡️总统府➡️老门东➡️夫子庙➡️秦淮河
Day2️⃣： 南京博物院➡️明孝陵➡️美龄宫➡️中山陵➡️音乐台
Day3️⃣： 红山动物园➡️鸡鸣寺➡️玄武湖➡️新街口➡️大报恩寺
——
✅南京吃喝玩乐
✔️李百蟹
有名的南京面馆，他们家的蟹黄面很好吃，蟹黄面不腥，满满的蟹黄、蟹膏和蟹腿肉，甜品糯叽叽也好吃
✔️状元楼· 闻喜中餐厅
来南京旅游，想尝一尝正宗南京菜的，可以试试，东坡肉、红烧肉和金陵烤鸭！
✔️晚园江南火锅
很有江南风格的一家火锅店， 番茄锅底很好喝， 酸酸甜甜的， 搭配九宫格菜品很好吃！
✔️三姐酒酿
招牌酒酿口感醇厚，酒香与米香完美融合，甜度适中，入口爽滑
✔️草鸡蛋糕
草鸡蛋糕口感细腻，蛋香浓郁，松软香甜，入口即化，糯糯香香的，可以买点尝尝
✔️蒋有记
他们家的牛肉锅贴好吃，馅料好吃，外皮酥脆
——
✅南京住宿建议
📍夫子庙 - 秦淮河风光带附近
周边景点密集，如夫子庙、瞻园、中华门等，夜晚还能欣赏秦淮河的绝美夜景，感受南京的古韵，交通便利，住宿类型丰富
推荐住宿：花筑· 僖堂民宿还不错，干净卫生、性价比高
📍新街口
交通极为便利，地铁1号线和2号线在此交汇，可轻松抵达南京各处景点，周边商场、餐厅、小吃街林立
📍玄武湖附近
自然风光优美，能欣赏到玄武湖的秀丽湖景，临近南京站，对于乘坐火车出行的游客来说，交通极为便利
——
✅南京避坑指南
建议1️⃣：南京博物院、遇难同胞纪念馆、zong统府、中山陵等景点周一闭馆，不要白跑一趟啦！
建议2️⃣：南京博物院和遇难同胞纪念馆建议提前7天预yue
建议3️⃣：在夫子庙逛累了，可以去少伯茶苑茶馆，点一杯茶和甜品， 喝个下午茶，简直不要太惬意啦~
建议4️⃣：想吃南京鸭子的话，不要去景区里买，那边都是包装好的不新鲜的鸭子，应该去街边小店吃那种现做的
﻿#南京﻿ ﻿#旅游﻿ ﻿#美食﻿ ﻿#旅游攻略﻿ ﻿#旅行﻿ ﻿#南京美食﻿ ﻿#南京旅游﻿ ﻿#南京美食﻿ ﻿#南京旅游攻略﻿ ﻿#南京吃喝玩乐﻿",1988,1838,20,https://www.xiaohongshu.com/explore/67af1400000000001800778a?xsec_token=ABfiKflVnmRIw5OEvAx38tVIocS7JxRa712iv09dbSX_E=&xsec_source=pc_search&source=web_explore_feed,https://sns-webpic-qc.xhscdn.com/202502281349/d305586deea85dc7e714f5fc93be36f2/spectrum/1040g34o31dsl11nlgc405pm47pk2u9nuatolk48!nd_dft_wlteh_webp_3,旅行日记,,
不绕路玩南京⁉️一篇地图就够了👆👆,"南京去过了才知道！太无语了！好多景点没预🈷根本进不去，可能说说走就走的旅行很酷！但南京不做攻略千万别来！每一个景点都有预想不到的雷点！整理了一些建议！
⭕⭕⭕
✅南京虽然在南方，但是真的冷🥶，大家一定要带好保暖的衣服，还有围巾手套！
✅第👆次来南京：大报恩寺、钟山风景区，南京博物院、遇难同胞纪念馆、夫子庙、老门东一定要去！
✅与夫子庙顺路玩：大报恩寺（许愿超灵的🙏）、老门东、瞻园！
✅总统府（大行宫站）附近：六朝博物馆、江宁织造博物馆、江苏省美术馆、毗卢寺、1912历史文化街区、科巷小吃街！
✅来南京一定要吃的的鸭子🦆：小厨娘家的太祖金陵脆皮烤鸭，真的太香了，吃的我恋恋不忘！
✅适合夜游：夫子庙、老门东、秦淮河、新街口、白鹭洲公园、南京1912历史文化街区！
#南京旅游攻略 #本地人做的攻略 #穷游攻略 #旅游攻略 #逛吃全攻略 #攻略吃喝玩乐 #南京美食",187,205,4,https://www.xiaohongshu.com/explore/67b5e135000000000b0143e7?xsec_token=ABUG3PXM2rkDKZT301D-MHGGciPtnx6VuR-fdum1kmLKo=&xsec_source=pc_search&source=web_explore_feed,https://sns-webpic-qc.xhscdn.com/202502281349/45311350387628b2f91509cfcc90a657/1040g00831e39vg9l10005pco1uh8iuj20doej78!nd_dft_wlteh_webp_3,哈利啵啵,,
南京下个月樱花盛开｜这❺个赏樱地别错过,"三月，樱花盛开
想和你一起去南京
看一场浪漫的樱花雨
	
🌸樱花花期：三月中旬至四月初左右
	
1️⃣鸡鸣寺路：古鸡鸣寺外面一条浪漫的樱花大道，樱花如云似霞。记得尽量避开周末来，人太多！（P1-4）
🎫门票：免费
✔️交通：地铁4号线、3号线鸡鸣寺站下5号口出，出站后步行1分钟左右到
✔️周边景点：古鸡鸣寺、台城、玄武湖公园
	
2️⃣玄武湖公园：解放门进来左手边靠近城墙边的环湖路樱花也很多，边走边逛很舒服，另外还有樱洲的樱花也值得一逛（P5-7）
🎫门票：免费
✔️交通：地铁1号线玄武门站下3号口出，进玄武门后往右走，直到解放门
✔️周边景点：古鸡鸣寺、台城
	
3️⃣珍珠河：沿河两边都是樱花，夜樱更美（P8）
🎫门票：免费
✔️交通：地铁3号线鸡鸣寺站下1号口出
✔️周边景点：古鸡鸣寺
	
4️⃣明孝陵樱花园：这里知道人不多，樱花也很出片，适合人像摄影 （P9-11）
🎫门票：70元，清晨6：30前进免费
✔️交通：地铁2号线苜蓿园站下1号口出，步行5分钟左右到明孝陵5号门进
✔️周边景点：石象路、梅花山、梧桐大道等
	
5️⃣四方当代美术馆：因为离市区较远，人不多，樱花好看（P12）
🎫门票：80元
✔️交通：更适合自驾
✔️周边景点：珍珠泉风景区、老山森林公园
	
#南京旅行攻略 #南京旅游攻略 #极美南京 #鸡鸣寺樱花 #明孝陵樱花 #钟山风景区 #四方美术馆樱花 #玄武湖公园 #樱花 #我在南京走花路",2466,1667,305,https://www.xiaohongshu.com/explore/67b29f7a00000000290134d4?xsec_token=ABYQR-RgbC9569ACIuYIW6pQ2FVVa-fupQIb5qnYNGmiI=&xsec_source=pc_search&source=web_explore_feed,https://sns-webpic-qc.xhscdn.com/202502281349/7028c19bdb5e3de87b5fc96abd49c4a6/1040g2sg31e0eap5o0kd049ebn90dtmifvbolljg!nd_dft_wlteh_webp_3,我的闪光点你懂,,
南京省时省力旅行安排攻略‼️自用路线总结！,"交通🚙🚙🚙
高铁到南京站🚄更方便，距离玄武湖、鸡鸣寺近；到南京南站🚄距离夫子庙、秦淮河近，地铁15min左右；飞机✈️到禄口机场，快线转地铁1h左右到夫子庙，打车40min左右；
—————————
路线规划🧵🧵🧵
第一天：南京博物院（全国三大博物院之一）梧桐大道（超美梧桐树）明孝陵（世界文化遗产）美龄宫（梧桐项链核心）音乐台（白鸽浪漫）中山陵（孙中山先生寝室陵）灵谷寺 （东方美学）
第二天：总统府（代表民国建筑）夫子庙（南京地标夜游秦淮）小西湖（南京记忆）中华门（城墙翁城）遇难同胞纪念馆（铭记历史）秦淮河（历史文化）
第三天：红山森林动物园（热门的动物园）玄武湖（皇家园林湖泊）鸡鸣寺（《新白娘子传奇》取景地）颐和路（民国风情）先锋书店（拍照打卡）新街口（美食聚集地）
🔥🔥🔥【热门景点】
玄武湖、鸡鸣寺、南京博物院、夫子庙、秦淮河、中山风景区
—————————
🔔🔔🔔
小伙伴们儿来南京玩带着行李不方便怎么办‼️
可以🔍【寄存鸭】寄存行李🛅，很多寄存门店，安全方便！热门景点附近基本都有寄存点🧭～
部分寄存点如下⬇️⬇️⬇️
✅新街口寄存点
⏰时间：6点-23点
📍位置：距离新街口地铁站7号口大概200米
✅夫子庙/秦淮河寄存点
⏰时间：8:30-22点
📍位置：夫子庙地铁站2号口步行100米
✅鸡鸣寺寄存点
⏰时间：7:50-19:30
📍位置：距离鸡鸣寺地铁站1号出口300米
✅南京博物院寄存点
⏰时间：7点-20点
📍位置：距离南京博物院东南门约100米
—————————
美食建议🍛🍛🍛
盐水鸭：肉质细嫩、独特卤香的盐水鸭，美食招牌！
石锅轩：有灵魂的拌饭真是很香，一口下去真的很满足，锅巴绝绝子，人均3️⃣0️⃣；
鸭血粉丝汤：高汤配粉丝、鸭血、鸭肠、鸭肝，鲜香美味；
南京烤鸭：历史悠久，南京街头常见美食；
牛肉锅贴：外皮酥脆、牛肉馅流汁，美滋滋！
金陵汤包：皮薄馅多，早餐标配！
鸭油酥烧饼：秦淮八绝之一，南京传统面点；
什锦豆汤捞：南京豆腐花，可与多种食材搭配！
#南京旅游 #南京攻略 #南京行李寄存 #南京美食 #南京打卡 #鸡鸣寺 #南京博物院拍照 #南京行李寄存攻略 #南京游玩 #南京吃喝玩乐",6127,5799,91,https://www.xiaohongshu.com/explore/6760ff5100000000140265e7?xsec_token=AB6W3qPFz30ftY2bIOAvMvZfyuOqaVxAwSwYVjwqSG1UY=&xsec_source=pc_search&source=web_explore_feed,https://sns-webpic-qc.xhscdn.com/202502281349/48dcf2a9356d9303a7b3a35674bf40f0/1040g00831bgdd17bgm004a4s5105egrs16c7e6g!nd_dft_wlteh_webp_3,一杯冰美式,,
南京秋天被问爆的13个机位，发朋友圈赢麻‼️,"总有一个秋天留给南京吧🍂
古城里梧桐叶落，玄武湖畔秋风似绵
紫荆山巅一眼望去秋色斑斓🍁
-
🗺️南京秋天2日游路线：
DAY1：梧桐大道➠朝天宫➠莫愁湖公园➠南京大字墙➠晨光1865创意产业园➠老门东➠东园桥
DAY2：达摩古洞➠颐和路11号➠西桥➠古鸡鸣寺➠南京城墙台城景区➠玄武湖公园爱神广场
-
📸️南京秋天值得去的地方：
✅梧桐大道：📍明孝陵5号门，推荐早上去避开人流，还能看见丁达尔光，梧桐树最佳观赏时间11月中-12月中
✅朝天宫：拍照出片的红墙寺庙，人称南京小故宫
✅莫愁湖公园：收集了四季色彩的乌桕树，一直渐变到12月🎨
✅南京大字墙：📍悦动新西门18栋，拍全身照最好看的大字墙
✅晨光1865创意产业园：之前是金陵制造局，如今充满了文艺气息，还有震撼的佛头
✅老门东：多彩的乌桕树与白墙黛瓦同框，一副江南画卷🍵
✅东园桥：拍秦淮河超惊艳机位，“夜泊秦淮近酒家”之美，推荐傍晚去🌛
✅达摩古洞：震撼的巨物古建，仿佛进入了黑神话
✅颐和路11号民国建筑：有历史感的黄墙与蜿蜒的树枝，文艺又有韵味
✅西桥：南京citywalk顶流机位，纵深的尽头是紫峰大厦🚶
✅南京城墙台城景区：可拍到鸡鸣寺+紫峰大厦古今同框
✅玄武湖公园爱神广场：南京人自己的lalaland，看夕阳与蓝调最佳机位🏙️
-
📒南京秋冬旅游tips：
🧥衣：今年是暖冬，气温不如往年低，但风大，11-12月月建议穿着毛衣、大衣，1月怕冷穿羽绒服
🏠住：建议住在新街口，交通枢纽，周围吃喝玩乐都齐全
🚇行：南京出行，以地铁为主，步行+共享为辅
🍜食：除了著名的南京三件套必吃，可以去科巷美食一条街看看，二号线大行宫3号口出可达。科巷的石锅轩强推，好吃平价，不雷可冲
	
#总有一个秋天留给南京 #秋游记 #留下我的赏秋机位 #冬日旅行收藏夹 #藏在小城里的冬天 #不辜负每一个周末 #不为打卡的旅行 #南京旅游 #南京秋天 #南京攻略 #南京citywalk #南京地标 #江浙沪周边游 #被低估的宝藏小城 #跨年出行番乐搭档#双旦心愿派对#给2025开个甜头",3.9万,3.3万,1065,https://www.xiaohongshu.com/explore/6737344a000000003c01bc37?xsec_token=ABgQQ8GzlI6oCBFrhX04KJkhqmBtBOC2ryr7YUXA5A8MU=&xsec_source=pc_search&source=web_explore_feed,https://sns-webpic-qc.xhscdn.com/202502281349/d5861a1e47459f7650a0004ef6c09900/1040g2sg31a7jbtfk72704a72khup045lt99ithg!nd_dft_wlteh_webp_3,大白兔,,
第一次去南京的旅游攻略，还好提前刷到了,"南京旅游攻略，2-3月来南京的姐妹们听劝，不要错过这份攻略啦，最近刚从南京玩过回来，整理了这份攻略，如果有想来南京旅游的姐妹们，这个可以作一个参考哦！ 希望即将要去南京游玩的姐妹们都能够避坑❗
.
📸必打卡景点
1⃣夫子庙 - 秦淮风光带
南京最具代表性的历史文化区域，能欣赏到江南贡院、乌衣巷等著名景点，感受南京的古韵今风
2⃣南京博物院
中国三大博物馆之一，馆藏丰富
3⃣中山陵
被誉为 “中国近代建筑史上第一陵”，漫步其中，既能感受庄严肃穆的氛围，又能欣赏到周围壮丽的自然风光，缅怀孙中山先生的伟大功绩
4⃣遇难同胞纪念馆
来南京一定要去的地方，每个人都要知道的历史
.
🤩南京美食
📍李百蟹
地道的南京面馆，招牌蟹黄面好吃，蟹黄、蟹膏还有蟹腿肉很多超级满足，还有甜品糯叽叽也好吃
📍状元楼· 闻喜中餐厅
想尝一尝南京菜的，可以试试，味道很正宗，推荐红烧肉和东坡肉挺好吃的！
📍晚园江南火锅
独具江南风格的火锅店，番茄锅底好吃，汤底浓郁，酸酸甜甜的很好喝！
📍许阿姨糕团店
青团用料扎实，蛋黄肉松味是很多人的最爱，马蹄糕、糯米糍也值得一试
📍蒋有记
牛肉锅贴脆香多汁，牛肉馄饨和牛肉粉丝很好吃！
📍小潘记鸭血粉丝
鸭血粉丝汤底浓郁，配料丰富
.
🏘住宿指南
✔夫子庙 - 秦淮河风光带附近
交通十分便利，周边景点众多，步行即可游览众多景点，临近地铁3号线夫子庙站、1号线三山街站
推荐住宿：花筑· 僖堂民宿，干净卫生、性价比高， 邻近夫子庙、秦淮河，游玩方便
✔新街口附近
地铁1号线和2号线在此交汇，能快速抵达南京各处
✔玄武湖附近
可欣赏到玄武湖的美丽湖景，临近南京站，对于乘坐火车出行的游客很方便
.
✅南京游玩指南
🌟想喝下午茶甜品的，可以去少伯茶苑茶馆，里面有好多种茶和小吃甜品，环境也很典雅，拍照很出片，就在夫子庙附近很方便🥰
🌟去南京博物院、同胞纪念馆、中山陵、总统府，这四个要提前7天预yue！
🌟注意南京博物院、遇难同胞纪念馆、zong统府、中山陵等景点周一不开放，不要白跑一趟啦！
🌟南京博物院预约不上可以试试早上九点刷一刷，每天早上9点会放票
感谢@旅行日记 的分享和授权，请不要误判！
#南京 #旅游 #旅行 #旅游攻略 #南京旅游 #美食 #南京美食 #南京旅游攻略 #南京吃喝玩乐 #南京美食攻略",493,422,13,https://www.xiaohongshu.com/explore/679366f7000000002803c12a?xsec_token=ABltY5fGRZhW23Uv75h0YIIwi6qI77giH0nn5gZeRauyU=&xsec_source=pc_search&source=web_explore_feed,https://sns-webpic-qc.xhscdn.com/202502281349/ececeaf5ff015f1f466b7d61cdbd17d5/1040g00831d1khvv40e6g5prsju5l8m1fs44j108!nd_dft_wlteh_webp_3,橘子味的猫,,
来南京不踩坑攻略｜三天两晚人均只需500+,"最近刚从南京旅游回来，因为事先没有好好做攻略，踩了不少坑，游玩体验感很不好❗️
在此提醒各位d一次来南京的姐妹们，一定要耐心看完，带你们避坑，希望即将来南京旅游的姐妹们，都可以玩的开心🤩～
——
🙌三天两夜
DAY1：遇难同胞纪念馆 - 总统府 - 夫子庙/秦淮河
Day2：南京博物院 - 明孝陵 -美龄宫 - 中山陵
Day3：红山动物园 - 鸡鸣寺 - 玄武湖
——
👇这些是我亲测好吃的菜品
✅李百蟹（夫子庙）：蟹黄面、甜品糯叽叽、蟹黄捞饭、醉蟹
✅状元楼· 闻喜中餐厅（夫子庙）：红烧肉、东坡肉、金陵烤鸭
✅晚园江南火锅（夫子庙）：番茄锅底、九宫格、糯叽叽
✅芮卡（新街口）：斑斓椰子、芋泥小笼、提拉米苏、榴莲小笼
✅叶新鸭血粉丝汤（科巷）：鸭血粉丝汤
✅陶记正宗德州扒鸡（科巷）：香酥藕饼、萝卜丸子
✅陆氏梅花糕（老门东）：豆沙馅梅花糕
✅蒋有记（老门东）：牛肉锅贴
——
📱附上一些发朋友⭕️文案
1.📍 Nanjing
总要来趟南京吧，逛逛夫子庙，走走玄武湖，感受这座城的烟火与浪漫
2.📍 Nanjing
于金陵古都的岁月长卷里，书写属于自己的故事
3.📍 Nanjing
来赴一场秋日南京的邀约🍁，看栖霞山枫叶似火，银杏大道金黄灿烂
4.📍 Nanjing
踏入南京城，心就被这千年古都的风华迷得挪不开步
5.📍 中山陵
在中山陵的庄严肃穆间，感悟历史的厚重与先辈的伟大
﻿#南京﻿ ﻿#旅游﻿ ﻿#美食﻿ ﻿#旅行﻿ ﻿#旅游攻略﻿ ﻿#南京美食﻿ ﻿#南京旅游﻿ ﻿#南京旅游攻略﻿ ﻿#南京旅行﻿ ﻿#南京吃喝玩乐﻿",535,491,14,https://www.xiaohongshu.com/explore/67a32eb4000000002903d36c?xsec_token=ABg1G-GnLsdK--RDFG2-wYEghCiKfk1nQrDfVFUkE3Gmc=&xsec_source=pc_search&source=web_explore_feed,https://sns-webpic-qc.xhscdn.com/202502281349/cf683ae68a9efee6e137e32ba671320f/spectrum/1040g0k031dh0uo660c005pm47pk2u9nujv3ln2g!nd_dft_wlteh_webp_3,旅行日记,,
第一次来「南京」听劝❕❕种草避雷（7月实时修改,"来南京玩的uu在👉👉评论区种草避雷下呀
.
第一次来南京，肯定还是要玩最具代表性的！P1️⃣—5️⃣
5-6月南京花季过去，迎来的是炎炎夏日的暑期🔥🔥
7-9月推荐：✅人流量少✅季节不影响的景点✅交通方便
.
暑假真的人都会很多⚠️，尽可能避开一些网红小吃店！
科巷尽量就别去了❌，张府园附近更多美食
.
至于带特产（天气太热不建议）
🌟 推荐：金陵烤鸭✅（推荐的鸭子店基本都可真空包装）
❌不要在夫子庙大冤种排队
.
#暑假去哪玩  #南京旅游攻略 #南京旅游 #南京旅游避雷 #被低估的宝藏小城 #有国风小城  @吃货薯 @日常薯 @生活薯 @薯队长 @本地薯 #美食分享 #南京特色小吃 #南京本地人推荐 #大声安利本地美食 @城市情报官",6267,7255,213,https://www.xiaohongshu.com/explore/6628d237000000000401b3c6?xsec_token=ABem9lYJpZ6b47GM2gf-9RABnHyMFuJ0erMuu_YfrE-Hg=&xsec_source=pc_search&source=web_explore_feed,https://sns-webpic-qc.xhscdn.com/202502281349/80a60966c8df8cde0c7bc88eac559c7f/1040g008315tlmccphe005nim6cb0979ofrko1p0!nd_dft_wlteh_webp_3,蛋蛋先生,,
既然决定去南京✅那这些大坑就别碰,"说句实在话，南京景点又多，消费也不高，蛮适合旅游的。但是，不适合说走就走。第☝️次去南京，没咋做攻略，差点气晕😠。总结了我的一些经验教训，希望给寒假、春节去的宝子们做个参考吧。
#南京美食#南京#南京旅游攻略#南京旅游#南京美食攻略#南京攻略",5014,5746,144,https://www.xiaohongshu.com/explore/67790517000000000900d795?xsec_token=ABL6cnrUNgl0fy0TsQzq6cU2F8eWVmS3xa6JFiN1cHVnY=&xsec_source=pc_search&source=web_explore_feed,https://sns-webpic-qc.xhscdn.com/202502281349/bd371e0fa365882750aaf6c2cad35c08/1040g2sg31c7s3kk2gs704a16p837vq5bsqoaqh8!nd_dft_wlteh_webp_3,你吃我的薯片干嘛,,
南京懒人版路线3天行程安排！,"来南京玩三天不知道该玩什么，快看这里懒人版3天行程安排，也能玩的很开心！
#南京  #旅游  #美食  #南京旅游  #南京美食  #酒店  #汉服  #旅游攻略  #南京旅游攻略  #南京打卡拍照  #汉服体验  #南京汉服  #南京酒店",2870,2975,26,https://www.xiaohongshu.com/explore/671237530000000026035762?xsec_token=ABqmxye7BW3YUkDN6g3ciTuAp9ig8ep_t0RQZnW7gKRIA=&xsec_source=pc_search&source=web_explore_feed,https://sns-webpic-qc.xhscdn.com/202502281349/fba9e16eeb681c9127eaf139d41afef5/spectrum/1040g0k03193fad74kg005pkckvojuna2tmlu2do!nd_dft_wlteh_webp_3,章鱼小丸犊子,,
人生建议，去过这些小众景点再离开南京……,"如果南京的热门景点你都已经去过了，
并且，你还想再来南京玩，
那么，你的南京之旅就进入下一个阶段，
去挖掘南京的一些本地人才知道的小众景点
而今天，作为一个土生土长的南京博主，我整理了12个南京小众宝藏景点，注意查收
-
1️⃣幕燕滨江·达摩古洞
金陵四十八景之一，整座佛崖依山而建，有101尊神态各异的达摩雕像，走在下面，有种来到敦煌莫高窟的感觉
沿着山路往上走，能爬上幕府山俯瞰全南京，幕府山顶也是南京的中轴线，壮阔完整的南京城市全景就在这里
	
2️⃣长江大桥南桥头堡
导航“玻璃栈桥”能到，低头是长江在脚下流过，抬头是长江大桥，天气好的时候，江水蓝得和海一样
	
3️⃣下关火车遗址公园
江风，夕阳，火车，站台，还有废弃的轮渡旧址，就像回到上世纪的南京，夕阳时，更是绝美，私认为是南京日落最美的地方
	
4️⃣中山码头
花两块钱，就能在南京坐船的地方，他本来是南京人的交通工具，在四五点上船看日落，回来还能赶上蓝调时刻，非常绝
	
5️⃣毗卢寺
市中心新街口的一处小众寺庙，整体是唐风建筑，最出彩的，是寺中心的观自在菩萨，求财很灵
	
6️⃣颐和路
说实话，这里可能不小众了，但我还是想把他放进去，他是南京最大的洋楼公馆建筑群，两百多座洋楼公馆散落在十二个街区，随便走走就能看到足够的惊喜
	
7️⃣上海路
每座城市都有个文艺街区，南京就是上海路，建在防空洞的先锋书店，大量的网红店，咖啡店，古着店
	
8️⃣白鹭洲公园
秦淮灯会的主会场所在，今年的灯会简直在这里杀疯了，很值得来逛，就在夫子庙旁
	
9️⃣中山植物园
在钟山风景区里，分南园北园，月牙堤，热带植物园，尤其春天时各种花都开了，真的美到让人窒息
	
🔟灵谷寺
在紫金山深处的一座寺庙，山野古刹，很好拍，记得十一点前去排队，他们家的斋饭真的很好吃，重点！灵谷寺旁的梧桐大道！基本没人！随便拍！
	
1️⃣1️⃣美龄宫
曾经的远东第一别墅，进去看真的很奢华，他是南京的项链，也是浪漫的代名词
	
1️⃣2️⃣牛首山
佛顶宫的镜花水月，千佛殿华贵富丽，牛首山这座地上天阙后，是所有来南京的人必去的地方
-
‼️Tips：
❶1，2，3，4这四个景点是一条线路
❷5，6，7这三个景点为一条路线
❸9，10，11为一条路
	
@走走薯 @圆周旅迹 @城市情报官
#新年旅行第一站 #南京 #南京攻略 #出发就是最好的计划",530,643,61,https://www.xiaohongshu.com/explore/67b46f480000000029032e27?xsec_token=ABhiswYb3YhfFnHY5gA2_McZgi8CleozRE4hx-o9p7C6E=&xsec_source=pc_search&source=web_explore_feed,https://sns-webpic-qc.xhscdn.com/202502281350/2a4eb9a2dcf7cf0c4d68e09c9e70aec5/notes_pre_post/1040g3k831e1sqf580s705nh5qn4g8jhh34nm968!nd_dft_wlteh_webp_3,王政屿的日记薄,,
红山动物园，能劝一个是一个,"临时起意的一次快乐回春小旅行！#逛动物园就是正经事
🔆.高铁直达南京南站🚄
⭕️一个小提示：南京站虽然地铁离动物园很近，但是高铁车次太少，间隔时间太长。如果时间合适南京站也可以哦，但我还是推荐南京南站，一个是车次多，地铁时间也不长，比时间相对相邻的南京站会早一点到。地铁都是乘坐1号线噢！
🔆到达红山动物园地铁站出口，离地铁站近的是北门，请你们打车至动物园东门‼️
❣️理由如下：
🔹️第一：首当其冲必须的是便宜‼️软件打车💰10元以内，但是园内的摆渡车💰15元一个人‼️如果结束还是地铁出行的话，除非你暴走或者是结束不坐地铁，不然建议采纳我的小办法噢！💯
🔹️第二：不走回头路，东门开始一路向北游玩，几乎每个网红点都可以打卡。
🔸️但是网红打卡的拍照点📸都需要排队，请各位集美们提前想好打卡动作✌🏻👋🏻👈🏻👍🏻🫶🏻，节省时间，方便你我他噢～
🔆现在说说动物园几个让大家关心的点❤️
🔹️一个让我最大的误解就是男明星杜杜🐵的体型，不认真找还真找不到他，以为是很大只一个，结果是只小卡拉米，小伙伴们得仔细寻找噢～
🔹️想看大熊猫🐼的一定要在四点半之前到，不然他就下班啦！
🔹️网红咖啡店，上面的图案可以自选，但是需要另外收费，饮品也有局限性～ 但是来都来了，对吧！
🔹️然后说说集章，好看的彩色章是消费章，我买了一个曲奇冰箱贴，挺可爱的～ 🙃，喜欢集章的小伙伴可以冲，提前带好盖章本噢，图里我的是地铁站门口发的明信片🙊
🔹️消费趴趴圈没有集章噢！说到趴趴圈像我这种选择困难症真的很纠结，挑的眼花缭乱～ 趴趴和外面的圈是分开买的噢，可以自由搭配！
🔆逛完出园北门会有很多小摊贩，看见可爱的可以入手，但请必须还价！！我买了一个会转尾巴的卡皮巴拉，简直太搞笑了！抽绳挂件和里面正品还是有些微区别的噢，介意就买园内的！
❣️本次旅行意外收获，看了两部动物爱情动作片，羞煞人
还有啥想知道的尽管来问！🪑",923,768,101,https://www.xiaohongshu.com/explore/67a2f896000000001701fecd?xsec_token=ABe5yDrHE0IlZbbrvQs7Zd-ea67zGYjYQd4UXOkuy_heo=&xsec_source=pc_search&source=web_explore_feed,https://sns-webpic-qc.xhscdn.com/202502281350/f2bc01e0dc802a82c0079e76e224b50f/1040g2sg31dgr2r4ggsag41j1okb9dt48fudldc0!nd_dft_wlteh_webp_3,🐡,,
南京不绕路 | 3天2晚超全攻略来了✅,"南京真的很好玩 而且很适合穷游🥹🥹整理了一份攻略给大家 希望可以帮到姐妹们👭
☁️南京天气
2～3月：10℃左右，比较冷，天气多变，要注意保暖！
🚘交通指南
✈机场：南京禄口国际机场 可乘坐地铁到市区
🚄火车高铁站
南京站在市区 离景点都很近！
南京南站在 比较偏远，但地铁也很方便!
🚌公交/🚇地铁：刷码乘车
#本地人做的攻略 #游玩攻略 #攻略吃喝玩乐 #无滤镜旅行攻略 #城市的一百种玩法 #跟着本地人玩就就对了 #逛吃全攻略 #南京 #南京旅游 #南京美食",293,252,评论,https://www.xiaohongshu.com/explore/67ac6c37000000002900a3da?xsec_token=ABCQHmElveJ9I-9wv4Le4f3U2pz9Dd3PJhdYbw-7s8xm0=&xsec_source=pc_search&source=web_explore_feed,https://sns-webpic-qc.xhscdn.com/202502281350/162d974b7b398f1b287dbd4a8d95d8df/notes_pre_post/1040g3k031dq2due00c005o0eg4pg859tou4vf3g!nd_dft_wlteh_webp_3,金也野,,
纠结❗带家人去扬州+南京自由行还是跟团❓,"🌈作为一个专注扬州+南京旅游十多年的本地导游，在这里告诉大家，去扬州+南京旅游，不要随便找一个团，或者啥都不管，来一场说走就走的自由行，这样操作的话👉旅游体验直线下降
.
🌈提前做好充分的准备，才能玩的开心，真的不是在开玩笑，对扬州➕南京旅游感兴趣的宝子们可以看一下我准备的公共略和建议
.
🌈扬州/南京家庭游报团攻略
⌚时间：3天2晚【品质游】
📍地点：扬州+南京
花费：800➕💰（吃住行一价全含）
🎟包含：门票+导游+餐食+酒店+交通
-
🌈扬州/南京家庭游3天2晚行程安排
✅第一天：抵达扬州——中午接站/接机——瘦西湖——东关街——住宿扬州/周边
✅第二天：牛首山——中山陵——夫子庙
✅第三天：大报恩寺——雨花台——返程
-
🌈去扬州/南京为什么更多人选择跟团❓
⭐带家人出门，还是拖家带口，又在扬州/南京玩三天，如果是自由行的话，真的要做很多事情，要自己预约门票，要自己预定酒店，由于头次来，超容易踩坑
⭐找一个当地团，真的很靠谱，比自己玩更省心，光是两晚上的住宿费就省了不少
⭐在两座城市周转交通，真的很麻烦，旅行团则方便的很，专车专司机，全程接送，省去了家人不少烦恼
⭐有导游的带领，景点+住宿+行程可以做到全程不踩坑，玩的都是精华景点，吃的都是当地美食
.
🌈旅游费用包含
🔥出行：24小时管家专车接送🚌本地老司机开车，您放心
🔥住宿：精选市区舒适酒店🏯伴江而眠超舒适
🔥导游：五星级导游贴心服务💖江南妹子超热心
🔥服务：旅游管家全程在线🎀随时为您解决问题
.
🌈汉服租赁指南
⭐夫子庙汉服店：国风佳人汉服旗袍写真摄影体验馆+华芸阁汉服旅拍(夫子庙景区店)+
玉瑶空照国风汉服妆造旅拍
⭐瘦西湖汉服店：四月佳汉服体验馆+颜如玉国风馆+与君梳汉服体验馆+云舒汉服馆
.
🌈姐妹们，上面这个行程，本人亲测，全程超好玩，三天下来人均只要800+💰想要去扬州+南京的姐妹们，可以点击下方👉【立即咨询】尽情打卡
#南京 #南京旅游 #扬州旅游 #南京跟团游 #夫子庙 #中山陵 #家庭游 #亲子游",9,9,17,https://www.xiaohongshu.com/explore/67c071da0000000007034dbe?xsec_token=ABvBv43RBC_8Rd1DLWPauI77AQsb35pCu2kP_B9wd9ks0=&xsec_source=pc_search&source=web_explore_feed,https://sns-webpic-qc.xhscdn.com/202502281350/4d21945f3e199f29c8839f790941ecd2/1040g2sg31edk4goi0m705ptvql7jjubvnhr9rl8!nd_dft_wlteh_webp_3,甄好玩旅游,,
【南京红山动物园】游玩指南+实用攻略,"出行方式：
南京红山森林动物园。离南京站特别近，打车过去只需10元。如果你坐地铁更方便，可以搭乘一号线到红山动物园站（1号口），步行400米就能到达北门入口。
	
【门票购买】
门票价格：成人票40元，学生票20元。
园区开放时间：8:30到18:00，16:30后停止入园
	
【网红拍照打卡】：
涂鸦大蘑菇：热带雨林山坡上找到
红猩猩热吻女士：动物星球店铺门口
考拉抱树墩：考拉馆门口的可爱造型
比心白面杜杜：Zoo Coffee门口
两只胖虎：老虎馆门口
大熊貓雕塑：北门的大熊猫馆外面
	
【红山动物园动物活动时间表】
大熊猫喂食：8:30，12:30, 14:30, 16:30
考拉称重：9:00-9:30（东门进）
老虎跑道跑酷：8:30
大象美甲：15:00-16:00
细尾獴喂食：14:00
	
【美食打卡点】
园区内有两个美食广场，分别在考拉馆和猫科星球。200 Coffee 位于火烈鸟馆旁边，有很火的动物印花咖啡，味道一般，拍照还可以。
	
#红山动物园攻略 #一张图证明你去过南京红山动物园  #动物园里的他们 #去动物园散步才是正经事 #游玩攻略 #旅游攻略 #逛动物园就是正经事 #动物园里的他们 #游玩攻略 #南京旅游#南京红山动物园",226,267,1,https://www.xiaohongshu.com/explore/6785e61f000000000203feac?xsec_token=ABFPHHnpqvwuRor6ZWzKND8wjCx8KmkfZY6mPCWo_fFI4=&xsec_source=pc_search&source=web_explore_feed,https://sns-webpic-qc.xhscdn.com/202502281351/4c1a6362706c9340d0a8e0be47ad1baa/1040g2sg31ckeinov0m705pdrcinmbgftittfb7g!nd_dft_wlteh_webp_3,一只小熊😋,,
🚶南京Citywalk｜超好逛文艺路线,"📝推荐先导航到先锋书店（颐和路店）
从这一端的颐和路开始Citywalk不用走回头路！
	
🚶路线：颐和路—西桥—金银街—南秀村—陶谷新村—先锋书店（五台山店）
	
👣一路的风景都很好看，还有很多咖啡店、古着店、文创店、特色餐厅等等，拍照打卡，闲逛聊天都很适合～
	
🍛逛完后去吃了科巷的石锅轩，锅巴很香，温泉蛋嫩滑，拌饭好吃！
	
📍颐和路：
一条颐和路，半部民国史
晴天阳光透过树叶缝隙，斑驳的光影洒在黄墙上，歪脖子树依然浪漫。很多人在网红歪脖子树前打卡，可以提前规划好时间
	
📍西桥：
抬头是时代，低头是市井
沿着颐和路走经过颐和公馆就可以到网红机位打卡
	
📍金银街：
南大旁边的小街，有一些小摊、店铺和涂鸦墙
可以打卡“我们如此热爱南京”的涂鸦！
	
📍南秀村、陶谷新村：
咖啡店、古着店、文创店和特色餐厅聚集区，走累了可以停下来休息休息，小店和居民区完美融合，既年轻又充满生活气息
真的很羡慕南大的同学，学校周围有那么多有意思的小店和舒适的社区🥹
	
推荐👍
-朱氏梅花糕：陶谷新村巷口上过电视的梅花糕！尝了豆沙味道很好吃，外皮脆脆的，内馅香甜但有点烫
	
-学人书店：在陶谷新村里面。很多旧书，唱片，各种国内外旧物件，中古装饰品，很有氛围，可以慢慢看，慢慢淘
	
📍先锋书店（五台山店）：
书店的风格、陈列都很有特色，拍照出片所以人比较多。可以静下心来阅读，看看明信片墙上别人的故事，也写下自己的故事，感受文字的温度
	
#南京 #南京Citywalk #南京拍照#南京旅游 #citywalk #低头捡个秋天 #颐和路 #先锋书店 #南京大学 #我的随手拍",1.2万,1万,125,https://www.xiaohongshu.com/explore/6729eca8000000001b02b8be?xsec_token=ABKETsEToxRx-D8nDqCHnGSsIp6NfEdSSRMi6JLctQ-x8=&xsec_source=pc_search&source=web_explore_feed,https://sns-webpic-qc.xhscdn.com/202502281351/38b869716ff90ea0d9b61e7ae77d1153/1040g2sg319qrkm037g005n4lkk5kna66b1ela20!nd_dft_wlteh_webp_3,小橙小橙,,
告诉我朋友！不做攻略别来南京😭！,"作为一个在南京生活了二十几年的本地人！每次有朋友要来南京都要问我很多！在南京攻略这方面我真的已经next level 了！
给大家总结了很多！还手绘了美食地图和游玩攻略！！真的做了很久很久！希望可以帮助到准备来南京玩的朋友们！
另外文案还补充了一点！
交通🚴
南京站：火车站、🚇1.3号线直达市区
南京南站：高铁站、🚇1.3号线直达市区
禄口机场：机场、s1号线直达市区
地铁和公交都很便利！直达各大景点！
没有共享电车、只有共享自行车！
‼️不建议自驾游！因为停车比较贵、市区比较堵！
-
住宿🏠
地铁站旁边都很方便！可以根据自己的预算选择！建议：新街口、夫子庙、大行宫
这里也给大家推荐一家新开的洗浴中心-九号汤泉生活馆。他们家地铁直达，环境宽敞舒适，设施一应俱全，温泉水质清澈，泡完保你身心舒畅。饮食区的大闸蟹和哈根达斯冰淇淋都不错，服务热情，可随地大小躺。1.22-2.13，mei团🔍【欢洗节】能用8️⃣8️⃣⭕️包，别错过。
南京的秋天也到了！有很多捡秋的地方！
📍中山植物园📍老山森林公园📍玄武湖
天气秋高气爽！这个时候很适合来玩！！
-
包括图中出现的各种美食！都是我自己吃过觉得真的很不错的！把点单攻略放在下面👇希望大家吃的开心！
🌟大明王朝：大明洪武鸭、嘉靖猪颈肉
🌟米辣：古法咖喱虎虾、冬阴功海鲜汤
🌟松澜·烧鸟酒场：烧鸟、葱花蛋卷
🌟泥炉烧肉师：碳烤活鳗鱼、手工酸奶
🌟朱小乐龙虾馆：十八香龙虾、香辣蟹
🌟竹里馆：手工酸菜牛腩、竹里三杯鸡
🌟口口火山：麻辣烫、榴莲老椰清补凉
🌟鸿福面馆：老卤大肉面、老南京牛肉干挑
🌟庙东排骨：留香排骨、孜然小排
🌟芮卡：榛子拿破仑、斑斓椰子
-
南京好玩资讯！！
大报恩寺奶龙活动超可爱！还有常设展览！很值得去！都不需要预🈷️
老门东秋也家的独特香水印章很适合当伴手礼带回家！
中华门的心印游园会有时间的也可以去看看！
#人文景点分享 #本地人去哪玩 #我的小众旅行攻略 #穷游攻略 #游玩攻略 #一日游 #南京旅游攻略",6775,5324,66,https://www.xiaohongshu.com/explore/6715cae50000000024018272?xsec_token=ABBqk51t69mMCGRefgXn_BnkcMoQhV5gqzNmAchMJJ4Gc=&xsec_source=pc_search&source=web_explore_feed,https://sns-webpic-qc.xhscdn.com/202502281351/436524a52a57acf15c72c45c93739025/1040g0083196v87lq56005npa5d40823s25d9aho!nd_dft_wlteh_webp_3,雪糕涂本画册,,
南京特种兵一日游,"杭州周边一日游之南京
07:19-08:39杭州西🚅南京南  💰112r/人
住在余杭的很方便！基本不用排队临近十分钟检票到就行，早上有很多趟车可自行选择
侵华日军南京大屠杀遇难同胞纪念馆太难约了没去成
	
🚇P1 P2游玩顺序是从东北方的中山陵然后逆时针回到起点南京南站。可全程地铁所以不用担心堵车问题！
	
📍P3中山陵 需预约💰免费
地铁出站有景区观光大巴直接到中山陵脚下💰10r/人
钟山景区很大附近还可以去美龄宫，明孝陵，音乐台，灵谷景区（国民革命军阵亡将士公墓）。
	
📍 P4古鸡鸣寺  香火钱💰10r/人
观光车回来地铁2号转3号鸡鸣寺站下走600米。
	
📍 P5 玄武湖
从鸡鸣寺后门出来就能看到城墙了，上城墙需收门票，再往前走就可以看到玄武湖。
	
📍 P6总统府 需预约💰35r/人
总统府很大房间很多需要注意的是每周一闭馆，冬季四点后就不能入内了！
	
📍 P7 古秦淮夫子庙步行街
步行街人从众！这里主要就是当地美食和历史文化街。夫子庙展览馆💰30r/人 也可以去秦淮河欣赏两岸夜景还有江南贡院，中国科举博物馆等游览地点。
	
🥘P8 美食
特色应该就是鸭血粉丝汤金陵汤包啥的，步行街还可以买点盐水鸭，当然还有很多好吃的茶颜悦色好喝！
	
南京南高铁🚅回杭20:17-21:47 💰104r/人
⭐️以上时间是只玩了标记主要景点的情况下❗️
#南京#南京一日游#杭州周边游 #中山陵#总统府#玄武湖#特种兵旅游 #古鸡鸣寺#夫子庙#古秦淮",904,863,27,https://www.xiaohongshu.com/explore/676d1a27000000000b00f7ee?xsec_token=AB5S4ThkqHl9pD5n5oLFTS6Xs3oupGqtF2a3qDfqzwrE8=&xsec_source=pc_search&source=web_explore_feed,https://sns-webpic-qc.xhscdn.com/202502281351/a6c865c86c8d832f3023dc3632312d48/1040g2sg31bs7lv850u705n3opablmjhegefhfsg!nd_dft_wlteh_webp_3,旋风宝,,
2月去南京这些错误不要犯,"给大家整理的避坑指南，老人带新人去南京玩！！不要再踩坑啦！！！
	
这些景点别去❌❌❌❌
	
1. 夫子庙商业街：这里小吃又贵又不好吃， 纯纯智商税，千万别踩雷！❌
2. 悦动新门西：就一面写着“南京”俩字的墙，拍照的人排老长队了，真不值当，别浪费时间！🕙
3. 德基网红厕所：说是网红厕所，其实就是装修得豪华点的卫生间，专门跑一趟去看个厕所，真没必要，别折腾了🙅‍♀️
4. 先锋书店：人超多，能随便翻看的书却没几本，也就一面留言墙能看看，实在没啥可逛的，别去凑热闹啦👋
5. 梧桐大道：好多人去打卡，挤得不行。而且现在叶子都掉光光，光秃秃的拍照一点都不好看，真没必要去！🙅‍♂️
6. 南京眼步行街：确实拍照出片，但位置太偏，冬天晚上风跟刀子似的，能把人吹傻。❄️
-
这些景点放心去✔️✔️✔️✔️
南京博物院、遇难同胞纪念馆、中山陵、红山动物园、牛首山、鸡呜寺、明孝陵、玄武湖
-
放心吃的美食😋😋😋
徐家鸭子（秦虹南路/双塘街）、尚岛私房菜、阿生鱼捞、丈母娘的饭局、川味1号怀旧火锅
#南京美食#南京#南京旅游攻略#南京旅游#南京美食攻略#南京打卡#南京游玩#南京攻略",186,158,1,https://www.xiaohongshu.com/explore/67b9ada3000000002901fa1c?xsec_token=AB3R2bfnTm5tcyNoKuEe1u-zUiFqW_YPCqGQmqXGmyaEk=&xsec_source=pc_search&source=web_explore_feed,https://sns-webpic-qc.xhscdn.com/202502281351/19af5f97f7453e083ea7c73477f89dcd/1040g2sg31e70m2e112dg5pjkq860uaaj8inoujg!nd_dft_wlteh_webp_3,芒着可爱,,
淡季来南京❗️听听本地人的大实话吧🥹,"谢谢我的南京好朋友，知道我要去南京，二话不说给我整理了这份南京攻略给我！太感动了吧😭😭😭😭😭
#攻略 #南京旅游攻略 #南京 #南京吃喝玩乐 #旅行推荐官 #本地人做的攻略 #本地人推荐",50,35,评论,https://www.xiaohongshu.com/explore/67b85b43000000000602abe1?xsec_token=AByms7XnCmbp5uzGbQXsk44pms0us7IuIw22w4T8iamHA=&xsec_source=pc_search&source=web_explore_feed,https://sns-webpic-qc.xhscdn.com/202502281351/74e74192e36243b96945d9dfa85257c4/notes_pre_post/1040g3k831e5n87ce0m705p69u252os180gilns0!nd_dft_wlteh_webp_3,吃喝玩乐和躺平,,
懒人必看｜舒适版南京3日游攻略,"来南京真的要听劝～超详细的3日游行程规划快来看看吧！一点不绕路，懒人必看！
➡参考路线
Day1.南京博物院→总统府→鸡鸣寺→玄武湖→新街口
Day2.钟山风景区→大报恩寺→老门东→夫子庙
Day3.红山动物园→颐和路→先锋书店→陶谷新村
➡南京天气
11月：4℃～21℃（带一些保暖的衣服哦，早晚还是挺冷的，白天很舒服，不冷不热～）
➡南京住宿建议
1.不怎么喜欢民宿，感觉大部分不是很干净
2.节假日人很多，一定要提前定好住的地方🏨
3.预算足够建议住在大行宫、新街口附近，去哪里都比较方便，附近吃的多，很好点外卖😏
4.穷游党住宿建议住在较偏远的地铁站附近（1、2、3号线），性价比高，学生党可以😃
➡南京小吃
1.芮卡（斑斓椰子蛋糕、榛子拿破仑、芋泥小笼）
2.庙东排骨（留香排骨、庙东炸肉、椒盐掌中宝）
3.口口火山（麻辣烫、荔浦芋头大满贯、凉拌土鸡）
4.鸿福面馆（皮肚大肉面、老卤大肉面、鸿福面）
➡南京正餐
1.辣当家（山城豆花、双椒鸡、麻辣风情鸭下巴）
2.米辣（泰式古法咖喱虎虾、冬阴功海鲜汤、米辣大虾饼）
3.竹里馆（竹里三杯鸡、竹里小炒、手工酸菜牛腩）
4.松澜烧鸟酒场（提灯、寿喜锅、五花肉溏心蛋）
5.泥炉烧肉师（炭烤活鳗鱼、牛肋条、手作酸奶）
6.伊兹铁板烧（战斧牛排、火焰冰淇淋、法式鹅肝）
#周末去哪儿 #特种兵大学生旅游 #南京 #南京旅游 #南京旅游攻略 #南京旅行 #南京旅行攻略 #南京景点 #南京路线 #南京路线攻略 @薯队长 @小红书成长笔记",1135,1426,8,https://www.xiaohongshu.com/explore/6731e46a000000001d0396a7?xsec_token=AB4QONDeiZJ9SQNaZxRNtOwreV3RzA4Yx8M-xDVVq0n6Q=&xsec_source=pc_search&source=web_explore_feed,https://sns-webpic-qc.xhscdn.com/202502281351/546bf6aa07fc5d0dc3058bfd1274d5bf/1040g2sg31a2dc0h1ne005pdd28mk3p3kshqgv10!nd_dft_wlteh_webp_3,不吃芹菜,,
听劝👂2-3月来南京的姐妹请🐴住,"第一次去南京的旅游攻略，还好提前刷到了
南京旅游攻略，2-3月来南京的姐妹们听劝，不要错过这份攻略啦，大家如果寒假有想来南京旅游的姐妹们，可以作一个参考哦！ 希望即将要去南京游玩的姐妹们都能够避坑❗
-
📍清晨景点：
🕊音乐台：清晨的音乐台格外宁静，推荐打车或租小电驴前往，迎接第一缕阳光。
🌳梧桐大道：向导航报上“灵谷寺路”，到达这条凉爽的梧桐树荫道，跟着初升的阳光漫步。
玄武湖+鸡鸣寺：先在鸡鸣寺内寻求一份宁静，再到玄武湖边感受晨风的凉爽，拍摄城墙美景。
📍白日适合游玩的室内景点：
南京博物院、遇难同胞纪念馆、六朝博物馆：这些地方不仅暖和还能了解南京丰富的历史文化。
先锋书店、牛首山、德基广场：在有空调的环境下，享受阅读、艺术与购物的乐趣。
📍夜晚推荐景点（凉夜+夜景）：
⛩夫子庙、秦淮河、老门东、金陵小城：夜晚的古城区别有一番风味，夜市、灯光、文化，让夜晚的南京更加迷人。
-
🏘住宿指南：
✔夫子庙 - 秦淮河风光带附近
交通十分便利，周边景点众多，步行即可游览众多景点，临近地铁3号线夫子庙站、1号线三山街站
✔新街口附近
地铁1号线和2号线在此交汇，能快速抵达南京各处，周边商场林立，距离南京博物院、朝天宫等景点也不远，便于游览
✔玄武湖附近
-
🍲关于美食： 小厨娘淮扬菜 红公馆 南京大排档 这三家味道都很好 鸭血粉丝、赤豆元宵、梅花糕、牛肉锅贴、烤鸭也可以尝尝哦～
-
图文已收权@睡睡平安兔 请不要误判
可欣赏到玄武湖的美丽湖景，临近南京站，对于乘坐火车出行的游客极为方便
﻿#南京﻿ ﻿#旅游攻略﻿ ﻿#旅游﻿ ﻿#旅行﻿ ﻿#南京旅游﻿ ﻿#南京旅行﻿ ﻿#南京旅游攻略﻿ ﻿#南京旅行攻略﻿ ﻿#南京吃喝玩乐﻿ ﻿#夫子庙﻿﻿",72,104,7,https://www.xiaohongshu.com/explore/67ab26f1000000002a00f3dc?xsec_token=AByoy7kmRUoj4QIKNW1fUny7EKXYgORCR6_TMRcU-rKE0=&xsec_source=pc_search&source=web_explore_feed,https://sns-webpic-qc.xhscdn.com/202502281351/04ad5de0065d289b2509473f499ec116/1040g00831doqnm7sh2005p6i3aln57v1iqrjiio!nd_dft_wlteh_webp_3,樱桃小丸子🍒,,
本地土著对南京的一些避雷踩坑建议（住宿篇）,"如果你是第一次来南京，不知道该住在哪里，选择住什么样的酒店
作为一个南京土著酒店博主，这些年南京大大小小好坏的酒店都睡过
今天就用这篇笔记，详细的告诉你该住哪个区方便，不同预算，适合住什么样的酒店
-
南京旅游，住宿就分为这四大商圈
新街口（河西），玄武湖，夫子庙，钟山风景区
以这四个商圈方圆五公里范围的地铁站附近，基本都不会犯错
-
🗺总结几个适合的地铁站给你们参考：
新街口：新街口，莫愁湖，云锦路，元通
玄武湖：玄武门，福建路，五塘广场，岗子村
夫子庙：武定门，常府街，雨花门
钟山风景区：苜蓿园，明故宫，马群
-
酒店推荐：
1️⃣新街口&河西
南京无可争议的宇宙中心，交通便利，四通八达，吃喝玩乐一应俱全，各个景区基本都半小时车程
高预算：丽思卡尔顿，金陵饭店，卓美亚，安达仕，涵碧楼
预算中档：莫愁湖水西门大街亚朵X酒店，奥体国际博览中心轻居酒店（强烈推荐）
-
2️⃣玄武湖
以玄武湖为核心，离新街口不远，配套也完善，周围基本是南京的老城区
高预算：颐和公馆，香格里拉，紫峰洲际
预算中档：玄武门亚朵酒店，中山北路亚朵酒店
-
3️⃣夫子庙
南京的老城南，以一条秦淮河为中轴，十里秦淮说的就是这里
高预算：颐和芥子园，凯宾斯基
预算中档：夫子庙亚朵
-
4️⃣钟山风景区
明孝陵，中山陵，音乐台……南京50%的景点都在这了
高预算：钟山高尔夫，东郊国宾馆，紫金山庄
预算中档：马群亚朵，博物院轻居酒店
-
Tips：
❶在这里，我真的要强烈推荐一家酒店，不是奢华酒店，而是奥体国际博览中心轻居酒店
这家酒店真的给了我太大太大惊喜！无论独特的像欧式城堡的外观，工作日才两三百的价格，内部公区的视觉设计，功能区的巧妙排列，房间细节的处理，简直是酒店的教科书式案例（图片40%都是这家酒店）
这个价格，这个硬件，堪称越级体验
	
❷不一定要住景区旁，住市区地铁站就足够了
	
@走走薯 @生活薯 @城市情报官@圆周旅迹
#南京酒店 #南京住宿 #亚朵酒店 #轻居酒店 #跟着亚朵去旅行 #南京 #南京旅游 #出发就是最好的计划",35,39,15,https://www.xiaohongshu.com/explore/67bf0ad200000000290096a4?xsec_token=ABbmTOgt9j5qDYMaIFMFh1pXvTx3VJ41zAFS85TENZMxk=&xsec_source=pc_search&source=web_explore_feed,https://sns-webpic-qc.xhscdn.com/202502281351/447298bd072bf93682e1784c907dc96c/1040g00831edn75ec0u005nh5qn4g8jhhrmd78jg!nd_dft_wlteh_webp_3,王政屿的日记薄,,
2.3月份初次去南京的姐妹👭一定要听劝‼️,"计划来南京旅游的姐妹们，1️⃣定要提前打算🏮关于景点yu约、门票、美食、交通、住宿各个方面都要提前攻略好，不然来了就只能在酒店睡大觉‼️
这份攻略一定要存下‼️
-
🔔需要提前预约的景点：
中山陵：提前3天
总tong府：至少提前1天、每日0点放票
南京博物院：提前7天、每日18:00放票
遇难同胞纪念馆：gzh提前7天、每日7:00放票
‼️其余景点都不需要予约
-
来南京吃什么
🍜家庭聚餐选：
竹里馆：竹里小炒、竹里三杯鸡
泥炉烧肉师：炭烤活鳗鱼、牛肋条
小厨娘淮扬菜：太祖金陵脆皮烤鸭、松鼠桂鱼
第五季大排档：羊蝎子火锅、老南京素鸡凤爪煲
💖漂亮饭打卡选：
伊兹铁板烧：战斧牛排、小金鱼气泡水
火山屋台（老门东）：奶油咖喱乌冬面、黄油啤酒
🍡小吃甜品选：
芮卡：草莓牛乳芝士卷、椰子斑斓蛋糕
口口火山：麻辣烫糖水、南瓜板栗小丸子
松澜·烧鸟酒场（百家湖）：五花肉溏心蛋、葱花蛋卷
-
🚖出行小建议
👉出行尽量地铁，公交和自驾容易堵车
👉玩钟山风景区一定要坐景区的小火车，30不限次数坐！景区很大包含好几个景点，只走路根本不可能！
👉晚上去比较热闹的景点：夫子庙、老门东、大报恩寺，花灯拍属于自己的夜景照片
#本地人做的攻略 #南京 #南京旅游 #南京美食 #南京探店 #旅游 #春节旅游 #旅游 #大学生 #攻略",295,344,3,https://www.xiaohongshu.com/explore/67ab0c28000000002902b915?xsec_token=AByoy7kmRUoj4QIKNW1fUny99esphmslEtlR10YfRz1IQ=&xsec_source=pc_search&source=web_explore_feed,https://sns-webpic-qc.xhscdn.com/202502281351/e3b74ee5c14e5260c28c3e7d8b211109/1040g2sg31donf2ph0c705o36j2g08qs3vrn4ib8!nd_dft_wlteh_webp_3,易小名,,
南京旅游地图✅附超详细南京行程攻略,#南京旅游攻略 #本地人做的攻略 #出行攻略 #跟着本地人玩就就对了 #小众游玩路线 #南京景点预约,41,32,评论,https://www.xiaohongshu.com/explore/67b966ae00000000070346e7?xsec_token=AB3R2bfnTm5tcyNoKuEe1u-98cNLh9PaDjeQMZzBkDFIk=&xsec_source=pc_search&source=web_explore_feed,https://sns-webpic-qc.xhscdn.com/202502281351/2367aee77fc5e662dae21fff117c2ba9/1040g2sg31e6o0o1lh0705pco1uh8iuj2ri2ne30!nd_dft_wlteh_webp_3,哈利啵啵,,
