标题,内容,点赞,收藏,评论,笔记链接,图片链接,作者,keyword:长沙 自由行 攻略,2025年02月28日 13:36
听劝👂1-3月长沙的姐妹请🐴住,"长沙会惩罚每一个不认真做攻略的人… 去长沙玩真的又很多注意事项⚠给大家整理了一份攻略！希望能帮大家在长沙玩得开心！
-
📮来长沙应该注意点什么？
✅最好自带充电宝!五一广场这边租充电宝比较贵
✅在长沙除了逛景点建议来体验一下湖南红星相声社的相声！本地老口子很爱来，场景中式复古很接地气 ✅在长沙骑共享电动需要戴头盔，不戴抓到会罚款
✅来长沙需要注意天气！！一会下雨一会天晴是常态
#长沙 #长沙旅游 #长沙旅游攻略 #长沙拍照打卡 #长沙美食 #长沙美食攻略 #长沙周边游 #长沙旅行 #长沙旅行攻略
@创作者小助手@吃货薯 @薯队长",1572,1681,47,https://www.xiaohongshu.com/explore/677f5496000000002001bea3?xsec_token=ABTrh_dhyGifs4PFFy5tWQvVwZ5VFXets6BpgbY0zXLMs=&xsec_source=pc_search&source=web_explore_feed,https://sns-webpic-qc.xhscdn.com/202502281337/44b7ea2736e625931428204e9fe321e1/notes_pre_post/1040g3k031ce182r2ge005oabc7ugjrbs7f8vgv8!nd_dft_wlteh_webp_3,Karry,,
2.12两人长沙穷游已回，我们真心建议大家…,"和男朋友刚从长沙穷游回来，不得不说长沙景点有的坑真的不少，不做攻略就去容易踩坑哦😭
下面根据我俩的游玩经验整理了一些长沙旅游攻略，希望能帮助后面想去长沙的姐妹们玩的更开心🥳
#长沙旅游 #周末去哪儿 #长沙 #长沙吃喝玩乐 #长沙旅游攻略 #长沙旅行 #旅游攻略 #穷游攻略 #情侣出游 #情侣约会",254,298,6,https://www.xiaohongshu.com/explore/67aca71c000000001801a445?xsec_token=ABCQHmElveJ9I-9wv4Le4f3Roc8Rp5FT4A5JbmzBBSYjM=&xsec_source=pc_search&source=web_explore_feed,https://sns-webpic-qc.xhscdn.com/202502281337/d9b54173d046a54b7a777c93cc0f0f5c/1040g00831dq9kh0u0k005p3ute14mmoqpchs680!nd_dft_wlteh_webp_3,泡芙不能掉队,,
先出发再说|没时间旅游❓3天也能游长沙❕,"👉如果你还没有来过长沙，又只有3、4天的时间
👌你要认真地看完这个笔记+收藏！⭐
理解很多人想旅游但是又没有太多时间的苦恼
身边很多人都会利用一个周末再请个年假飞一趟旅游城市
如果想打卡长沙，三天实在是不够用
所以今天整理了一份长沙3日游精华路线
（⚠望山很多攻略都是不走心的👊告诉你的那些不去的景点都是根本没想去的）
这篇笔记会按照时间，给你筛选掉一些“第二选择”
长沙实际是太能逛了，能去的地方也太多了
如果时间不够的话，还是可以再来一次长沙的！
毕竟，遗憾也是旅行的一部分😉
#长沙 #长沙旅游 #值得N刷的宝藏出游地 #湖南红星相声社 #打工人旅游 #假期去哪玩 #城市的一百种玩法 #出行攻略 #学生党旅游  #出行好去处",144,149,1,https://www.xiaohongshu.com/explore/67b84009000000000302ab11?xsec_token=AByms7XnCmbp5uzGbQXsk44gkKl7TckfNRF8-d0qLPjf4=&xsec_source=pc_search&source=web_explore_feed,https://sns-webpic-qc.xhscdn.com/202502281337/7693b152e77ef1e7cf6b7c12118f4604/1040g00831e5k1r2f0s4g5pl2958necvtnqjnp80!nd_dft_wlteh_webp_3,goodbye,,
去长沙前，听点不一样的大实话吧⋯,"承认吧！觉得长沙不好玩是你们不会玩。。。
做好攻略真的玩得很开心。。。安排好路线后全程不走回头路不绕路。。
	
#长沙旅游攻略 #长沙美食 #长沙吃喝玩乐",2517,3332,55,https://www.xiaohongshu.com/explore/67a37f780000000017038c77?xsec_token=ABg1G-GnLsdK--RDFG2-wYEiCYEqo387qcyN5p--xXlNs=&xsec_source=pc_search&source=web_explore_feed,https://sns-webpic-qc.xhscdn.com/202502281337/79591f6d56adc9ead431f27a53d1264f/1040g00831dhbhn4b0s0g5n5gk765puvns2vtlt0!nd_dft_wlteh_webp_3,一只稀奶油,,
刚从长沙玩了3天回来，我的建议是。。。,"来长沙不做攻略真的玩不好！！！这几个月有计划来长沙的可以看我总结的🥹玩了三天亲测实用！！！
#长沙 #长沙旅游 #避开高峰期旅游 #长沙美食 #长沙旅游 #长沙旅游攻略 #长沙旅行 #长沙街头 #长沙美食攻略 #寒假去哪玩",311,317,17,https://www.xiaohongshu.com/explore/67a224bb000000001800aaa1?xsec_token=ABe5yDrHE0IlZbbrvQs7Zd-d9NpPoq9xiNnlrJiqZ-I20=&xsec_source=pc_search&source=web_explore_feed,https://sns-webpic-qc.xhscdn.com/202502281337/4ffed0915a77c8d62a20072a028c133b/1040g00831dg175ls0k005p5gjuin5596ee9sil8!nd_dft_wlteh_webp_3,苹果大鸭梨,,
谁懂啊⋯被自己做的长沙攻略满意的睡不着！,"长沙三日游路线规划，以及各景点需要注意避多的！！宝子们直接抄作业
.#旅游攻略 #长沙 #长沙美食 #长沙旅游 #长沙打卡 #橘子洲头 #湖南博物馆 #攻略吃喝玩乐 #出行攻略
@小红书创作助手 @小红书创作学院 creator academy @吃货薯",136,188,1,https://www.xiaohongshu.com/explore/67b58124000000002902f3bf?xsec_token=ABUG3PXM2rkDKZT301D-MHGEfloWsfsz_7pcDo_7Rt5nw=&xsec_source=pc_search&source=web_explore_feed,https://sns-webpic-qc.xhscdn.com/202502281337/cf16cb9cf9abb98161c40d611ebcb85a/1040g00831e2u88n80e605p8rl14ghsua465omh0!nd_dft_wlteh_webp_3,阳阳的花花1888,,
听劝👂2 - 3 月来长沙的姐妹请🐴住❗,"2 月 - 3 月计划来长沙的姐妹👭🏻们，看看这份不交智商税的长沙旅游攻略吧！超用心整理的❤，去长沙前一定要看看❗
～
	
🗺行程安排
📍DAY - 1：南门口早市 — 湖南米粉街 — 五一广场 — 太平街 — 坡子街
📍DAY - 2：岳麓山 — 爱晚亭 — 湖南大学 — 橘子洲 — 杜甫江阁
📍DAY - 3：谢子龙影像艺术馆 — 李自健美术馆 — 洋湖湿地 — 文和友
～
	
🔷长沙旅游 tips
▪1、租汉服要选口碑好的店，避免踩雷，自己有汉服可自带
▪2、部分景点有优惠政策，学生、军人等记得带相关证件
▪3、长沙自由行很方便，提前规划好路线和景点预约即可
▪4、在热闹景区要保管好随身财物，防止丢失
▪5、准备舒适的鞋子，长沙景点多，步行量较大
▪6、一些热门餐厅可能需要排队，可提前在网上取号
	
#本地人做的攻略 #旅游不踩坑 #星城长沙 #春节旅游 #必去的地方 #适合春天去旅游的城市 #长沙  #长沙旅游攻略 #长沙美食攻略 #学生党旅游",6,6,评论,https://www.xiaohongshu.com/explore/67b45460000000002503d383?xsec_token=ABhiswYb3YhfFnHY5gA2_Mce24TUzX2Pfye55O27GQ5no=&xsec_source=pc_search&source=web_explore_feed,https://sns-webpic-qc.xhscdn.com/202502281337/d8d448423631c594824090be93c230e6/1040g00831e1phd8p126g5p4tbfq2k13fm4jkreo!nd_dft_wlteh_webp_3,青青草地,,
📍长沙已回。。。😰😰四人都奔溃了！！！,"3-4🈷️打算去长沙旅游的姐妹们，一定要听劝‼️我们四个刚结束长沙3日游，出发前攻略做得超详细，结果到了长沙才发现，现实和网传有出入😔。为帮大家避雷，我整理了这份长沙旅游攻略⬇️
#长沙旅游 #长沙 #长沙旅游攻略 #长沙旅行 #长沙旅行攻略 #长沙旅游推荐 #长沙旅游推荐 #长沙旅游必看 #长沙旅行推荐 #长沙景点",686,708,45,https://www.xiaohongshu.com/explore/67b881fb000000000602bd60?xsec_token=AByms7XnCmbp5uzGbQXsk44q_seiQkaMYawrhR0Ib2ozw=&xsec_source=pc_search&source=web_explore_feed,https://sns-webpic-qc.xhscdn.com/202502281337/f2bec32b6c0e360d46e40029582bb871/1040g2sg31e5s3hcpgm7g5phs7lo1opvivut0ur0!nd_dft_wlteh_webp_3,一个张张包,,
长沙旅游攻略|3天2晚不绕路包线路➕避坑指南,"❄️长沙即将迎来寒假高峰旅游期啦！想来长沙的宝子们记得提前预约哈📆
～
📍岳麓山
🎫门票：免费
🕐时间: 6:00-22:00
📆预约：提前3天在“岳麓山 橘子洲旅游区”预约
🚇交通：地铁2号线溁湾镇站（东门）
地铁4号线湖南大学站（南门）
～
📍 橘子洲
🎫门票：免费
🕐时间: 7:00-22:00（21:00停止入内）
📆预约：提前3天在“岳麓山 橘子洲旅游区”预约
🚇交通：地铁2号线橘子洲·青莲站
～
📍 湖南博物院
🎫门票：免费
🕐时间: 9:00-17:00（16:00停止入馆）
📆预约：提前7天在“湖南博物院”预约，周一闭馆法定节假日除外
🚇交通：地铁6号线湘雅医院站
～
📍 岳麓书院
🎫门票：40r
🕐时间: 7:50-17:00
📆预约：提前1天在“岳麓书院”预约
🚇交通：地铁4号线湖南大学站
～
📍 谢子龙影像艺术馆
🎫门票：L1免费
🕐时间: 10:00-18:00
📆预约：一楼不需要预约，2楼及以上需要购票
🚇交通：地铁3号线洋湖湿地站
～
📍 李自健美术馆
🎫门票：免费
🕐时间: 9:30-17:30（17:00停止入馆）
📆预约：提前1天在“李自健美术馆”预约，周一闭馆，法定节假日除外
🚇交通：地铁3号线洋湖湿地站
～
📍 古开福寺
🎫门票：10r
🕐时间: 6:30-17:30
📆预约：提前1天在“长沙市开福寺”预约
🚇交通：地铁1号线开福寺站
～
📍 湖南省美术馆
🎫门票：免费
🕐时间: 9:00-17:00（16:30停止入馆）
📆预约：提前5天在“湖南美术馆”预约
🚇交通：地铁3号线中南大学站
～
📍 长沙博物馆
🎫门票：免费
🕐时间: 9:00-17:00（16:30停止入馆）
📆预约：提前1天在“长沙博物馆”预约，周一闭馆，法定节假日除外
🚇交通：地铁1号线北辰三角洲站
～
大家来长沙这些景点记得提前预约哦 最后希望大家来长沙玩的开心🥳 有任何问题都可以在评论区留言 我知道的都会为大家解答！！
#长沙 #长沙旅游 #长沙旅游攻略 #长沙旅行 #长沙旅行攻略 #长沙美食 #长沙美食攻略 #长沙吃喝玩乐 #长沙打卡 #长沙攻略",2876,2630,21,https://www.xiaohongshu.com/explore/677bddac000000001703fdfd?xsec_token=ABfeWLZ-adXKRH1BO2G7J4qlOuOET8Rzi9syxsgbwN1kk=&xsec_source=pc_search&source=web_explore_feed,https://sns-webpic-qc.xhscdn.com/202502281337/0894fe5c83d9e0cadfe70cc5c0080fa5/1040g00831cak07lg0k6g5nhae4c09028gs1e0d0!nd_dft_wlteh_webp_3,一瓶冰可乐🥤,,
长沙张家界自由行打卡推荐，记得收藏,"第一天：抵达长沙，初识橘子洲
下午：抵达长沙后，直接前往【橘子洲头】，漫步在青年艺术雕塑前，欣赏湘江两岸的美丽风光。如果时间允许，还可以乘坐游船游览湘江，感受长沙的水城魅力。
晚上：入住酒店，稍作休息后，可前往附近的小吃街品尝长沙特色美食，为第二天的行程储备能量。
第二天：长沙文化之旅，夜赴张家界
上午：前往【岳麓山】，游览岳麓书院，感受千年学府的文化底蕴。随后可乘坐缆车至山顶，俯瞰长沙城市风光。
下午：参观【湖南省博物馆】，欣赏马王堆汉墓出土的珍贵文物，深入了解湖湘文化的历史与魅力。
晚上：乘坐高铁前往张家界，入住酒店后休息，为第二天的森林公园之旅养精蓄锐。
第三天：张家界国家森林公园探险
全天：深入【张家界国家森林公园】，游览袁家界、杨家界等自然景观，乘坐百龙天梯上山，感受大自然的鬼斧神工。晚上可选择在周边的特色客栈住宿，体验土家族风情。
第四天：天门山挑战，夜宿凤凰
上午至下午：前往【天门山国家森林公园】，挑战世界最长的玻璃栈道——天门山玻璃栈道，俯瞰群山峻岭的壮丽景色。随后乘坐缆车下山，结束天门山的游览。
傍晚：乘坐汽车前往凤凰古城，途中可欣赏湘西的田园风光。抵达凤凰后，入住古城内的客栈，感受古城的韵味。
第五天：凤凰古城游，返程归途
上午至下午：在凤凰古城内自由活动，漫步在沱江边，参观沈从文故居、东门城楼等历史遗迹。品尝苗家酸汤鱼等特色美食，并购买一些手信带回家。
傍晚：根据返程时间安排，前往机场或车站
	
#张家界旅行  #张家界  #张家界天门山  #包车  #定制游  #在小红书种出好生意",点赞,1,5,https://www.xiaohongshu.com/explore/66b975f1000000001e01f487?xsec_token=ABLXAQ_wRXhk9uxhxIosag8iCEvgHMgDMqjj_WDUTC1d4=&xsec_source=pc_search&source=web_explore_feed,https://sns-webpic-qc.xhscdn.com/202502281337/0a4ed6ffce63b85f9ac6f2a89f57540d/spectrum/1040g34o316cpmkuq0k0g5npea8k08bp6l0gqvlo!nd_dft_wlteh_webp_3,湖南叁六零商务租车队,,
长沙实用旅行指南‼️认真看完少踩95%的坑,"说点只有真正来长沙玩过或者真正本地人才知道的大实话！
#长沙 #长沙旅游攻略 #长沙旅游 #长沙美食攻略 #长沙旅游推荐 #长沙旅游路线 #长沙旅游打卡 #长沙旅游拍照 #长沙旅游冬天 #长沙游玩",1.2万,1.1万,500,https://www.xiaohongshu.com/explore/678f220100000000290388cb?xsec_token=ABzu21OQQhL-niaeOUqZ5UB-JhZN1xJG-x0PGbCMseV7A=&xsec_source=pc_search&source=web_explore_feed,https://sns-webpic-qc.xhscdn.com/202502281337/0509cebe5c6804f99408ee636fbdb669/1040g00831ctf4k2qge004a3a7mv03kl52fhaa9g!nd_dft_wlteh_webp_3,一个肉琳子,,
为了这9️⃣张照片，我特意飞了趟长沙😭,"长沙真的是一座很浪漫很好看的城市
来过三次长沙旅游，整理了❾个打卡机位给你
希望能帮到来长沙旅游的你～
-
1️⃣湘江江滩公园
落日余晖洒满江面，橘子洲的美景在这里悄然绽放。这里人少又静谧，绝对是拍大片的隐秘角落！
📍地铁3号线阜埠河站3号口，步行八百米
.
2️⃣橘子洲望江亭
俯瞰湘江，另一个独特的视角，避开人流，轻松拍到属于你的安静画面！
.
3️⃣白沙路
长沙必打卡地之一，这里有一面巨大的长沙墙，无论怎么拍都自带潮酷滤镜！
📍导航白沙路207号
.
4️⃣长沙春天
纯白长沙墙自带科技感滤镜，随手一拍都是高级感！
📍导航：长沙春天kkv二楼
.
5️⃣红辣椒广场
想避开人群又能拍到橘子洲全景？这个点超推荐！在江对岸的绝佳位置，视野开阔、风景独好
📍地铁4号线碧沙湖站五号口
.
6️⃣橘子洲夜景
每晚19:30，橘子洲准时亮灯，沿江漫步，灯光和夜色让人移不开眼！
.
7️⃣文和友
长沙文艺地标，这里的复古街区和室内缆车太出片了！每一个角落都是老长沙的灵魂写照
.
8️⃣五一广场
“长沙”彩虹墙简直是拍照神器！色彩明亮，氛围感拉满，随手一拍就是朋友圈点赞收割机。
.
9️⃣岳麓山爱晚亭
来长沙必打卡的经典景点！站在爱晚亭，看湖水倒映满山的红叶，这场景美得不真实！
📍地铁4号线湖大站2号出口比较近，导航爱晚亭
-
🚶‍♂️适合周末的长沙2天1夜游攻略
𝘿𝙖𝙮𝟭：白沙路➠苏家巷➠五一广场➠潮宗街➠黄兴南路
𝘿𝙖𝙮𝟮：橘子洲➠红辣椒广场➠湘江江滩公园
﻿#冬日旅行收藏夹﻿    ﻿#2024旅行结算﻿    ﻿#后劲很大的旅行地﻿    ﻿#藏在小城里的冬天﻿    ﻿#长沙拍照打卡﻿    ﻿#不为打卡的旅行﻿    ﻿#先出发再说﻿    ﻿#长沙﻿   ﻿#长沙旅游﻿  ﻿#出发就是最好的计划﻿",7060,7157,272,https://www.xiaohongshu.com/explore/6763c25c0000000014021040?xsec_token=AB9OwRGWvwhryycy6Kidi8DppQyywJNtT0N27mkfFm7Sc=&xsec_source=pc_search&source=web_explore_feed,https://sns-webpic-qc.xhscdn.com/202502281337/280a67ebcedaa46025e82bb22c3079d7/1040g00831bhr792nh0405pbeh1rfde6p5vos7t0!nd_dft_wlteh_webp_3,去野,,
2-3月长沙最新攻略，建议去🆚不建议去,"2-3月份来长沙旅游的姐妹，不要错过这份攻略喔，给大家作为参考！希望即将去长沙游玩的姐妹能够避坑！
-
长沙三天两晚路线🉑直接抄作业
🔸Day1：五一广场→IFS国金中心→郝富贵小炒肉→黄兴步行街→南门口
🔸Day2：橘子洲→岳麓山→岳麓书院→湖南大学→麓山南路
🔸Day3：湖南博物院→古开福寺→潮宗街→太平老街→文和友
图片来源于@小红薯6478BF50
#旅游攻略 #长沙白天变黑夜 #学生党旅游 #旅游不踩坑 #攻略吃喝玩乐 #游玩攻略 #长沙
@小红书创作助手 @薯队长 @吃货薯",221,172,评论,https://www.xiaohongshu.com/explore/67ab5994000000002902d600?xsec_token=AByoy7kmRUoj4QIKNW1fUnywkINypqENWDFWcwsA6QXlE=&xsec_source=pc_search&source=web_explore_feed,https://sns-webpic-qc.xhscdn.com/202502281337/1e7689a8eb044005cc4c926f5b685cba/1040g2sg31dp0tmvh12jg5nrr4ko0bqlnjfq36l0!nd_dft_wlteh_webp_3,豆可,,
,第一次来湖南，到底先去长沙还是张家界?	有的朋友说我想去张家界，又想去长沙玩，应该先去哪里呢？今天这个视频一次性给大家讲清楚#张家界旅游攻略#旅行推 #长沙 #张家界天门山#凤凰古城,2684,3337,1102,https://www.xiaohongshu.com/explore/676de41a000000001301905d?xsec_token=AB5S4ThkqHl9pD5n5oLFTS6d4TmmQFDZFJHTbW0wJKNLQ=&xsec_source=pc_search&source=web_explore_feed,,肖肖的旅行,,
避开人群，一天打卡岳麓山＋橘子洲,"🚗交通方式：地铁出行，乘坐地铁4号线【湖南大学】站点2号口出
可以先打开岳麓山南门小吃一条街
	
选择岳麓山南门上山
🎫门票预约：搜索公众号【岳麓山风景名胜区】提前3天预约好景区门票，免费进行预约
	
🚌岳麓山观光车：可以选择在【岳麓山观光车】小程序上进行购买，20米上山，40米包含上下山
🎢岳麓山滑道：现场购买，成人35米，12周岁以下的儿童30米，3岁以下不能玩，未满12周岁小朋友需要1位成人陪同
	
下山选择【岳麓山东门】，东门出来步行几百米抵达【岳麓山旅游码头】登船进橘子洲
	
岳麓山旅游码头登船时间：山水洲城日游10:00、11:30、14:00、15：30、17：00
需要提前15分钟抵达码头进行检票登船
	
航线围绕橘子洲一圈，会途径：杜甫江阁，橘子洲大桥，岳麓山风光带，爷爷头像，万达广场，渔人码头  最后在【橘子洲码头】下船
	
【橘子洲码头】下船，你就已经是在橘子洲景区里面了，游轮还包含了景区内的橘子洲小火车，小火车包含一次往返，每个站点可以各上下一次，去到小火车乘车点前往橘子洲头进行打卡拍照
	
返程也是乘坐小火车，会送到【橘子洲地铁站】出站之后就可以去到五一广场，黄兴广场那边打卡游玩啦#长沙 #长沙旅游攻略 #湘江游轮 #岳麓山码头 #橘子洲 #岳麓山 #避开人群 #不走回头路",104,122,3,https://www.xiaohongshu.com/explore/6709e3e10000000016022735?xsec_token=ABiaAgYkoTOGPJUx81FPaXryPu5PMkgFtlBR6AhE8miNo=&xsec_source=pc_search&source=web_explore_feed,https://sns-webpic-qc.xhscdn.com/202502281338/5d4ecccad6cf641e9e1f928aa87d5e27/1040g008318rb9t2jkc2g5oik8bt410empjoe9v8!nd_dft_wlteh_webp_3,湘约麦乐,,
湖南！五天四晚自由行攻略！真的很详细,#湖南 #湖南旅游 #长沙 #长沙旅游 #长沙旅游攻略 #张家界 #张家界旅行 #张家界旅游攻略 #凤凰古城 #旅游推荐,996,1460,95,https://www.xiaohongshu.com/explore/668a52a5000000001e011416?xsec_token=ABUSApwNIE_4lLpvSh-NUxXW7mmDPbsSB6QVRyz_nNkNU=&xsec_source=pc_search&source=web_explore_feed,https://sns-webpic-qc.xhscdn.com/202502281338/823f9c667c9d163e9fb2e18e7d25204b/1040g2sg314uoqkbah46g5o6tt5bg93choqja6so!nd_dft_wlteh_webp_3,谌陈湖南旅游攻略,,
长沙已去，个人感受,"仅个人感受：
1、湖南省博：我买的98的生命艺术的票，因为没抢到免费的基础陈列票。收费的彼美人兮（50元）、生命艺术（98元）都可以看基础陈列。我以为98的可以看基础陈列＋彼美人兮＋生命艺术，其实只能看基础陈列＋生命艺术。个人觉得，能抢基础陈列不要花钱买别的票，起码生命艺术不值得（彼美人兮没看到不知道值不值）因为生命艺术展馆是纯数字影像，说白了就是看看银幕，虽然画面挺好看、也挺震撼，但是98元就觉得没意思了，而且也没啥内容。
	
2、岳麓山、岳麓书院：因为本人身体原因，不能太过劳累，跟着小红书上攻略的懒人玩法，到岳麓山南门，可以很快到岳麓书院，然后出口不远就能到爱晚亭，最后从南门出。岳麓书院里，刚进门那个书院博物馆（好像是叫这个）有些意思，可以看看各朝各代的书院啥样的。
	
3、五一广场：说实话，作为市中心，逛下来，感觉长沙城市建设和环境卫生不太行（个人感受，本地人请不要喷我）国金中心比较高档些，但是没啥好吃的，好吃的都在旁边的黄兴路步行街，很有烟火气。
	
4、橘子洲头：作为长沙地标，肯定要去的，相比省博和岳麓书院人明显多了很多。门票免费，观光车往返票40元。如果地铁站口不远的观光车售票处人很多，可以进去再买票坐车（当然最好能在手机上提前预约到票）可以节省很多时间。具体可以在小红书上搜攻略。
	
……………………………………
关于饮食：
1、省博附近大众点评好评很多的醉清风，点了辣椒炒肉，孜然牛肉，金钱蛋，手撕包菜。味道还行，价格不算特别便宜的那种（但肯定不属于贵的）。但个人感觉一般吧。
3、费大厨：点了辣椒炒肉、清炒奶白菜、芋头排骨、海带排骨汤、柠檬茶。辣椒炒肉是他家招牌菜，个人感觉刚吃还行，越吃越咸……然后柠檬茶蛮清爽的，整体中规中矩吧。
4、黑色经典臭豆腐：看小红书评论区推荐的，确实不错，吃的是现炸的，外脆里嫩，萝卜干很好吃，有点辣。推荐。
5、矮子粉店：不少明星去吃过，刚好连吃几顿湘菜想换换口味，特意去吃，老公一开始不是特别感兴趣，吃了以后说确实还不错。我也觉得蛮好吃。P2是我点的原汤牛肉粉＋酸豆角肉末。
PS：因为去的时间短，玩的吃的都不算多，也有些零星的东西没有记录，还有很多没有来得及细细品尝和感受的美景美食
#长沙旅行 #长沙旅游攻略 #长沙 #长沙美食",3510,3253,357,https://www.xiaohongshu.com/explore/66e701b80000000027001a8b?xsec_token=AB8Qs_6mPrCd94mLPDGmty2QyI4piQlia-qpVzbRf1zdI=&xsec_source=pc_search&source=web_explore_feed,https://sns-webpic-qc.xhscdn.com/202502281338/39e215a89da460d0c772e2602b814cf7/1040g2sg317p96afgjq705ofp3478d25a8drqbr8!nd_dft_wgth_webp_3,拖延症患者,,
✅终于有人把长沙景点讲清楚了！放心冲🫡,"长沙虽然有不少旅游景点，但不是每个景点都是值得去的，来看看长沙本地人对长沙景点的印象🎖️（仅个人观点）
一定要仔细看👀全是干货📝真的不允许还有姐妹来长沙不知道怎么玩😡😡😡
-
#旅游攻略 #人文景点分享 #长沙 #长沙吃喝玩乐 #周末去哪儿 #长沙旅游攻略 #长沙旅游推荐 #长沙旅游 #长沙景点 #长沙美食",3662,3686,83,https://www.xiaohongshu.com/explore/670540e7000000002c015acc?xsec_token=ABwpv-uFwOkBjGRCb_v9RtE9Bc-PQdjPc2dm6SAJ1A940=&xsec_source=pc_search&source=web_explore_feed,https://sns-webpic-qc.xhscdn.com/202502281338/08f36fe7107a16e9e35a5e754f711b63/1040g2sg318mqcvgo4c705o5o88908aau3bug95o!nd_dft_wlteh_webp_3,半颗葡萄,,
好恐怖的J人啊😱被朋友做的旅游攻略震惊到,"J人闺蜜做的长沙旅游攻略也太🐮了吧！本P人无脑跟随都不带踩坑绕路的🔥把它也分享给大家！还未出行的姐妹可得仔细看👀哟！！！
-
#长沙 #长沙吃喝玩乐 #长沙旅游 #长沙旅游攻略 #旅游攻略 #行程路线安排 #长沙旅游推荐 #长沙攻略 #长沙旅游必看 #长沙旅行",2526,3720,43,https://www.xiaohongshu.com/explore/6772a6fe000000000800ca42?xsec_token=ABxI78CzDKswCcWH3DomquW9idEU8-XsgDApZFzblig_I=&xsec_source=pc_search&source=web_explore_feed,https://sns-webpic-qc.xhscdn.com/202502281338/d4bf931ffefd4cc7b0b2a647f48032a9/1040g00831c1l3o31gs005o5o88908aauv2shkm0!nd_dft_wlteh_webp_3,半颗葡萄,,
超详细长沙攻略 🔥 本地人一次都告诉你💗,"适合这个冬天，看完就出发！
1️⃣ 社区嗦粉
2️⃣ 市井湘菜
3️⃣ 本地小吃
4️⃣ 旅游景点
5️⃣ 酒店避坑
6️⃣ 伴手礼
#长沙旅游  #长沙美食  #长沙小吃 #景点前方发来报道 #长沙旅行  #旅行记忆放映计划 #1分钟搞定旅行计划 #吃下这一口烟火气 #花小钱吃大餐
@小红书创作助手  @薯队长  @走走薯",2730,2974,105,https://www.xiaohongshu.com/explore/673711d0000000001a03426d?xsec_token=ABgQQ8GzlI6oCBFrhX04KJkvGJG1xIZGI_bHahcxwBzKo=&xsec_source=pc_search&source=web_explore_feed,,吃吃逛逛的丸子,,
湖南不绕路行程路线！真的很实用！,"初次去湖南旅游的，真的不要不做攻略就去，很容易踩坑的！这份详细行程路线先看看👀，真的很有用
~
⚠旅行小tips
✅高铁下车别坐黑车、出租车，要自己打滴滴，有些会多加钱，有些会说上车就走的不要信
✅长沙美食打卡店很多，不要为了去几个网红店排队一两个小时！
✅景区里面及周边，不要与穿着异装的人合影，要收米米的
✅车站、景区门口不要相信，能买到优惠门票的人，都是拖
✅张家界国家森林公园游玩时，不要逗猴子，以防被咬伤，抢东西
🚖交通建议
来湖南首选城市，可以选择长沙，长沙的交通比较方便，再从长沙去往其它城市游玩
	
★湖南出行指南★
🔺落地长沙黄花机场，地铁6号线转2号线到五一广场6💰，方便快捷
🔺长沙→张家界：动车150💰左右，约2小时
🔺长沙→凤凰古城：动车180💰左右，约2小时
🔺长沙→郴州：高铁150💰左右，约1.2小时
🔺长沙→衡山：动车65💰左右，约0.4小时
🔺长沙→岳阳：动车70💰左右，约0.35小时
🔺长沙→韶山：高铁51💰左右，约0.24小时
🔺长沙→芙蓉镇：高铁230💰左右，约2.3小时
🔺凤凰古城→张家界：动车60💰左右，约1小时
	
#长沙#湖南旅游推荐#湖南#张家界#凤凰古城#湖南旅游攻略#郴州#湖南旅游#长沙旅游#张家界旅游攻略#湖南自驾#湖南旅行#长沙旅行#张家界旅行#湖南跟团游#张家界跟团游",973,1440,10,https://www.xiaohongshu.com/explore/67862172000000002002f512?xsec_token=ABRfaeQObtaoHg-4te3WhKM0CNuSOGUKAbw-OaNduBa40=&xsec_source=pc_search&source=web_explore_feed,https://sns-webpic-qc.xhscdn.com/202502281338/56c911185cad836ea17e24ae229a152a/1040g00831cklqfjcgm605o6tt5bg93ch1b6r9r0!nd_dft_wlteh_webp_3,谌陈湖南旅游攻略,,
【攻略】长沙+张家界（3到4日自由行）,"赶在国庆节前整理给你们
如果你跟我一样：请假很费劲，也不想离家太久
那我这份攻略很适合你
需要早起，但是下午可以回酒店补眠
只要错峰安排好，一点都不特种兵
	
你对长沙和张家界哪些其他建议
欢迎分享给更多朋友～
	
补充：从长沙到张家界最省钱的方式之一就是17点10分那班铁皮火车（详见最后那张图），价格比动车便宜太多，硬卧可坐，三个半小时也还好（比其他班次慢1小时左右），但票价比其他班次的动车便宜100到200左右，性价比超高！！！
	
#旅游攻略 #旅游推荐 #旅游 #湖南 #长沙 #长沙旅游 #张家界 #张家界旅行 #张家界天门山 #张家界国家森林公园",2361,3317,127,https://www.xiaohongshu.com/explore/66f1207b000000002c01454d?xsec_token=ABj4yebmUsyNqSBdV2l-G2v-BTKmgTX6Jd14gE9pK8WXU=&xsec_source=pc_search&source=web_explore_feed,https://sns-webpic-qc.xhscdn.com/202502281338/d3c1c1971798aec5004506d704447145/1040g2sg31835em5i3q7041kc06htfh4t2ejjt8g!nd_dft_wlteh_webp_3,🎀小羽的部落,,
湖南长沙！不是每个人都会喜欢它…,"但我们很喜欢！
每次来都会有不同的惊喜！
是我们一定会反反复复去的城市！
#吃下这口烟火气 #吃遍一座城市的烟火气
#旅游记忆放映计划 #不辜负每个周末
#藏在小城里的冬天 #冬日旅行收藏夹
#在20度的海边过冬天 #我的赏味宝藏集
#长沙 #长沙美食攻略 @吃货薯",3.1万,2.1万,875,https://www.xiaohongshu.com/explore/676f76fa00000000130021e7?xsec_token=ABF1HT2Er6I_QvSLBv43wlEYMlwZwFKogSXADqpIK68Qs=&xsec_source=pc_search&source=web_explore_feed,,记得按时吃饭,,
为了这18张照片专门飞了趟长沙❗️附排雷攻略,"🙆‍♂️如果你来长沙
希望下面这份攻略能帮到完美避坑🌚
·
🚗交通
▶️去景点都是地铁和公交，广东的同学可以直接刷岭南通（羊城通），或者直接用交通马
▶️长沙站&长沙南站均有地铁直达，到长沙优选长沙站~就在市区
.
🏨住宿
不一定要在五一广场，因为那里晚上其实很吵。建议只要在地铁2号线的都可以，而且在酒店的时间很少，性价比优先！
.
📍路线规划
Day1：五一广场->IFS国金中心->太平街->解放西->黄兴步行街
Day2：岳麓山->岳麓书院->湖南大学->超级文和友
Day3：橘子洲头->湖南省博物院->烈士公园->开福寺->万家丽广场
.
📷景点攻略📷
1⃣️橘子洲头，和伟人合影，估计过年还有烟花
2⃣️IFS国金中心，KAWS地标打卡，在七楼雕塑花园
3⃣️黄兴路步行街，一整条的美食街，而且还有很多长沙地标大屏打卡
4⃣️岳麓山，超级舒服的园林设计，爱晚亭在半山腰
5⃣️湖南大学，总要来参观一下伟人的足迹，而且红墙在阳光下极为出片
6⃣️湖南省博物馆，记得提前预约！周一闭馆，门口能寄存行李
.
🍎美食安利
▶️肠胃不好的姐妹要带上肠胃药，因为长沙美食比较重口味，不能吃辣的话要慎重点菜!
▶️一些风头很大的网红餐厅看看就行，想吃正宗长沙菜的还得去不起眼的苍蝇馆子
·
🌚黑榜
🌚火宫殿和超级文和友一样，适合拍照不适合吃喝
🌚长沙大香肠不好吃而且很贵
🌚长沙的美食城里面是宰客的别去千万别去
.
✅红榜
▶️九牛一串烧烤龙虾馆
▶️天宝兄弟
▶️黑色经典
▶️茶颜悦色
▶️鲁哥饭店
·
❗️其他tips❗️
▶️想喝茶颜悦色的姐妹真的不用排长队，真的十米就有一家!市中心的店密密麻麻
▶️主动过来搭讪或者来合影的玩偶不要搭理!!一般来说都是骗你消费的!
.
🙆‍♂欢迎继续关注卡卡的旅行日记
✅每周推荐3~4篇小众景点和保姆级攻略
#令人难忘的景点 #长沙 #长沙周边游 #橘子洲头
#小众旅行地 #世界慢慢游 #国庆划得来逛吃指南 #国庆我要慢慢玩",4174,2512,272,https://www.xiaohongshu.com/explore/66d31d0d000000001f01a2fd?xsec_token=ABk4JaYnoZwwmRzKCddMYU2ezOg5FL4-Igee2TVV73X6o=&xsec_source=pc_search&source=web_explore_feed,https://sns-webpic-qc.xhscdn.com/202502281339/64fb2aec13b8a5c7191e46d0ef5b7ee8/1040g0083175rh1a3440049oh26ak69ps5j7ovp8!nd_dft_wlteh_webp_3,卡卡的旅行日记,,
长沙会惩罚每一个不提前预约的P人💔,"💔2-3月期间，想来长沙的宝子们快收好这份景点预约攻略吧🚫不花冤枉钱不扑空！！！去过长沙5次，熬夜整理，安心🐴住！
.
📞景点预约
🗞岳麓山免费（需提前3天预约，6:00-23:30）
🗞橘子洲免费（需提前3天预约，7:00-22:00）
🗞岳麓书院40r（7:30-18:00）
🗞湖南省博物馆免费（需提前7天预约，9:00-17:00）
🗞谢子龙影像艺术馆免费（10:00-18:00）
🗞李自健美术馆免费（需预约，9:30-17:30）
🗞长沙世界之窗200r起（9:00-18:30）
.
🌈长沙2-3月天气情况
🌞2月天气：0℃-10℃之间，湿冷多雨
🌞3月天气：2℃-12℃之间，同样湿冷
🧣穿搭：羽绒服、厚外套、保暖内衣、毛衣、加绒长裤、防水鞋、围巾、手套
.
💚长沙旅游注意事项
❌岳麓山索道维修ing，不要跑空
❌橘子洲头建议乘坐小火车游览
❌不要只盯着网红店，很多小巷子里藏着地道美食
❌湖南省博物馆非常火爆，一定要提前预约
❌谢子龙影像艺术馆和李自健美术馆适合文艺青年，别忘了安排在一起，离得很近
❌黄兴路步行街的水果捞哒咩！！
住宿推荐：岳麓区诚悦假日酒店 均价200 离地铁口只有300米 4号线可以直通岳麓山 橘子洲 换乘2号也可到达五一广场 何必要去又贵又吵的五一商圈呢 对面凯德壹商场就有茶颜悦色哦",286,231,6,https://www.xiaohongshu.com/explore/67b89afd00000000280297a1?xsec_token=AByms7XnCmbp5uzGbQXsk44urQ_Oxil31BguUSFQBgV9E=&xsec_source=pc_search&source=web_explore_feed,https://sns-webpic-qc.xhscdn.com/202502281339/29bd88c1df660f10e3c7d2f21bbf9f7f/1040g2sg31e5v582g16705pjf1dhholriopvftjo!nd_dft_wlteh_webp_3,愿愿,,
N刷长沙！朋友都夸我做的攻略已经next level,"J人朋友被我做的长沙攻略震撼到了！3、4月来长沙，跟着这份攻略走，真的完全不踩雷，时间超有条理和规划，分享给近期来长沙有需要的宝！
-
#长沙   #长沙citywalk   #长沙旅行   #长沙旅游   #长沙旅游攻略   #长沙美食   #长沙打卡   #长沙攻略   #长沙吃喝玩乐 #周末去哪儿",28,40,3,https://www.xiaohongshu.com/explore/67bedd90000000002901e5ad?xsec_token=ABH-d8CWts8BUdFEXkDr7litdrWcz9Sg6RpkijDNtGL2o=&xsec_source=pc_search&source=web_explore_feed,https://sns-webpic-qc.xhscdn.com/202502281339/f91ad1cc1bc9e97bebe013f494788e1f/notes_pre_post/1040g3k831ec2o91r12005ofnqtp418qfuel7990!nd_dft_wlteh_webp_3,金盆岭干饭王,,
如果在长沙只玩一天，直接复制这条路线❗❗,"如果在长沙只玩一天，直接复制这条路线❗❗
感谢杨迪、娜扎推荐!跟着《旅行任意门》打卡的长沙真不错!
总要去趟长沙吧[!][!]
一个充满文化底蕴和现代化的城市🏙️
如果在长沙只有一天时间请直接复制这条路线包含了热门景点➕经典拍照打卡机位和长沙特色美食打卡[Joyful]不走回头路~好逛好吃又好拍📸
长沙经典一日游路线安排:🚶🏻‍♀️
岳麓山—橘子洲湘江游轮—潮宗街—五一广场—黄兴广场—杜甫江阁看夜景一南门口吃小吃
如果你在长沙只有一天时间这条路线既能游玩到
热门景区又能感受老长沙的氛围🔥还能吃到各种
长沙特色的小吃真心推荐
丶
关于景点
1️⃣岳麓山
地铁4号线到湖南大学2号出口出来走到南门进去往右走大概7-8分钟就能到岳麓书院和爱晚亭
2️⃣橘子洲
从湖南大学地铁4号线坐到荣湾镇转2号线一个站就到橘子洲了建议在里面购买小火车这样可以节省时间和体力~
3️⃣潮宗街一定要逛的一条老街!很有长沙特色!既保留了老式建筑又充满潮流化的地方~有很多咖啡店 饰品店 服饰店真的太好逛了!超多拍照📸打卡点都很出片
4️⃣五一广场
长沙的市中心!也是整个长沙最热闹的地方!别忘记尝尝黑色经典现炸的臭豆腐[!]很绝
5️⃣黄兴广场
和五一广场挨在一起首图机位就在黄兴广场地铁1号口出来的栏杆处拍的超出片!!
6️⃣杜甫江阁
来长沙不看杜甫江阁夜景等于白来!晚上七点半准时开灯!建议提前去蹲好机位~
7️⃣南门口
学校门口的一条小吃街!如果你想吃到老长沙的特色小吃 那一定是这里!跟着综艺打卡的杨嗲甜酒真不错
关于长沙美食[MealCover]
除了好吃的湘菜还不要错过黑色经典家的臭豆腐[!]一定要吃现炸的🔥他家的酱板鸭和香辣酱也是必买作为伴手礼🎁带回去给亲戚朋友真的是个不错的选择
#长沙一日游 #长沙旅游攻略 #长沙旅行 #长沙酒店 #长沙拍照 #长沙打卡 #长沙 #长沙美食 #橘子洲 #岳麓山",87,68,2,https://www.xiaohongshu.com/explore/67b585b00000000029031ecf?xsec_token=ABUG3PXM2rkDKZT301D-MHGJ_jt6I_p_zToDgS3wLcqaw=&xsec_source=pc_search&source=web_explore_feed,https://sns-webpic-qc.xhscdn.com/202502281339/781cc836f1e3c4468a50df6f55757d57/1040g2sg31e2uq1fg0ud05ps8i05i31rnkpn3qm8!nd_dft_wlteh_webp_3,小猪爱吃草,,
长沙旅行｜普适性很高的两日CityWalk路线,"长沙爆火这么多年，才来是我的不对☹️，米粉、小炒、臭豆腐很好吃😍，不重样的去吃就好啦。长沙的景点可玩性不高，但是每个人都有适合自己的玩法，总结一份普适性很高的两日CityWalk路线：
第1️⃣天：橘子洲头-岳麓山-湘江江滩-文和友-杜甫江阁
第2️⃣天：潮宗街-五一广场-坡子街-丰盈西里-都正街-天心阁-黄兴路步行街
-
‼️TIPS：
1️⃣湖南博物院周末的门票特别紧张，建议提前7天预约，我就是吃了不知道的亏😭。
2️⃣橘子洲景区入口和伟人雕塑距离很远，小火车性价比很高。
3️⃣岳麓山景区的下行观光车，非暑假期间是17点结束，体力不好一定要注意下山时间。
4️⃣长沙的文创街区很多，同质化严重，真的没必要所有街区都去。
-
‼️关于景点打卡：
✅橘子洲：推荐⭐️⭐️⭐️⭐️⭐️
门票🎫：免费。
交通：地铁2号线
注意事项：出站后黄牛非常多，勿听勿信，景区内的观光火车往返40元（！！！往返！！！）
✅岳麓山：推荐⭐️⭐️⭐️⭐️
门票🎫：免费。
交通：地铁4号线
注意事项：景交下行观光车17点结束
✅湘江江滩：推荐⭐️⭐️⭐️⭐️⭐️
门票🎫：免费。
交通：地铁4号线
注意事项：下午16点后很出片，Blue Hour更出片
✅超级文和友：推荐⭐️⭐️⭐️⭐️
门票🎫：免费。
交通：地铁2号线
注意事项：白天、晚上室内拍照效果没差别
✅杜甫江阁：推荐⭐️⭐️⭐️
门票🎫：18元。
交通：文和友步行400米即可
注意事项：没必要进去，马路对面拍拍也不错
✅天心阁：推荐⭐️⭐️⭐️⭐️
门票🎫：30元。
交通：地铁1号线
注意事项：马路对面可以拍到国金中心同框
------------------------------------------------
#长沙  #长沙拍照 #长沙旅行 #长沙旅游攻略  #橘子洲头 #长沙打卡 #不起早旅行日记 #新年旅行第一站 #新年版citywalk #夜游的快乐我知道",475,411,35,https://www.xiaohongshu.com/explore/6788eb1e000000001803d98d?xsec_token=AB-yhaFrjS7kSqohFD1wBzpWrfSF5khVE6sDDrNs70UQQ=&xsec_source=pc_search&source=web_explore_feed,https://sns-webpic-qc.xhscdn.com/202502281339/3d90f1c22c8a14541abe738f5c06ccd0/1040g00831cnctu1ogc6g4a74pc8u7rmos0c1o5g!nd_dft_wlteh_webp_3,Pzyar,,
人生建议3-4🈷去长沙，不做攻略劝你别来,"如果你是第一次来长沙，真的可以保存下来，不说100%避雷，但真的可以帮你省去80-90%的麻烦，希望对没来过长沙的你们有所帮助！
-
✅长沙交通🚴‌
长沙站：火车站、🚇2号线直达市区
长沙南站：高铁站、🚇2、4号线直达市区
黄花机场：机场、磁浮快线直达市区，可换乘地铁
-
✅‌长沙住宿🏠‌ 地铁站旁边都很方便！可以根据自己的预算选择！
建议：五一广场、黄兴路、岳麓山周边
	
#长沙 #长沙旅游攻略 #长沙交通 #长沙住宿攻略 #长沙景点 #长沙美食 #长沙打卡 #旅游攻略
@创作者小助手 @吃货薯 @薯队长",68,84,评论,https://www.xiaohongshu.com/explore/67b83cd4000000000b017fb4?xsec_token=AByms7XnCmbp5uzGbQXsk44gnVocOq9GJMWBdyQl9py-0=&xsec_source=pc_search&source=web_explore_feed,https://sns-webpic-qc.xhscdn.com/202502281339/cb89b87ba1f23d9899236ebc3d4d04e4/1040g00831e5jldl1gs6g5p71mv409vt4ka299io!nd_dft_wlteh_webp_3,浅陌初心,,
想去长沙 这个靠谱吗 长沙当地有推荐吗,Deep Seek 说长沙两日游攻略#长沙旅游 #长沙橘子洲 #deepseek #旅游攻略 #旅游,1,收藏,4,https://www.xiaohongshu.com/explore/67bb3ad300000000090383df?xsec_token=ABpIqEzr-y12t7sVl2ojTwxuhAQYhDZ-C1L4uEwv78JWo=&xsec_source=pc_search&source=web_explore_feed,https://sns-webpic-qc.xhscdn.com/202502281339/c5af20868cf284836cf28342e3fdebcd/1040g2sg31e8h5iv00m704as9eltaca77sf4cp98!nd_dft_wlteh_webp_3,深度探索小美美,,
长沙一日游详细攻略,长沙一日游详细攻略﻿#长沙旅游攻略﻿ ﻿#长沙自由行﻿ ﻿#湖南长沙﻿ ﻿#岳麓山﻿,1338,1596,50,https://www.xiaohongshu.com/explore/6792069a00000000290395b4?xsec_token=AB1TJgcaZGoWjZTjcQ2gcPInPY-5DtShhE57PWYyzVvk4=&xsec_source=pc_search&source=web_explore_feed,,湖南旅行导游小赵,,
长沙旅游打卡“怎么吃”😍攻略秘籍💯,"今天给大家整理了第一次来长沙不要吃什么 必须吃什么‼️刷到这篇攻略，你就算是赚到啦!🥳如果喜欢的话，别忘了点赞收藏，避免在美食之路上踩雷哦✔️
	
❌不要吃
▪️黄兴路水果捞（价格昂贵，分量少）
▪️路边红果子（染se制品，不健kang）
▪️景区现榨果汁（并非鲜榨，且价格高）
▪️竹筒网红奶茶（排队久，味道一般）
▪️网红大香肠（部分过油且味道一般）
▪️冒烟冰激凌（华而不实，容易踩雷）
▪️开福寺素面（三口以后 就很腻人）
▪️文和友、火宫殿美食（都不好吃）
.
✅值得吃
🔹茶颜悦色（幽兰拿铁）
🔹黑色经典臭豆腐
🔹南门口金记糖油粑粑
🔹湖南米粉（刘百味面粉馆、李易面馆）
🔹炒黑猪肉（郝富贵小炒肉）
🔹王嗲刮凉粉
🔹杨嗲甜酒
🔹麻油捆鸡
🔹荷香鸡(南门口店)
🔹天马牛肉饼
🔹阳记紫苏桃子
🔹胡记炸炸炸
.
#旅游攻略 #长沙美食 #美食攻略 #我的宝藏美食合集 #长沙美食探店 #长沙美食街 #城市探寻计划 #湘菜 #旅游推荐 #长沙臭豆腐 #长沙本地人推荐 #糖油粑粑 #长沙吃喝玩乐 #本地人推荐美食
@薯队长 @生活薯 @美食薯 @小红书创作助手 @小红书成长助手",2235,2366,36,https://www.xiaohongshu.com/explore/6770f405000000001301ba6c?xsec_token=AB9bzP181yiNpYQPsODDGzrMA-YS-5Zq_fkceoUaSEc0E=&xsec_source=pc_search&source=web_explore_feed,https://sns-webpic-qc.xhscdn.com/202502281340/9bcdf0445e433475e4311f9d64703fd7/1040g2sg31c000v9u0cd05nvj7kk09ad1heg4rdg!nd_dft_wlteh_webp_3,一拳打死一头野猪,,
终于有人把长沙三日游说清楚了…不绕路行程,"长沙本地人熬夜做的！长沙三天两夜旅游攻略超全版！包括但不限于各大热门景点预约、出行准备、住宿和美食餐厅推荐！全是干货，建议收藏！！
#长沙旅游攻略#长沙美食#长沙吃喝玩乐#长沙打卡#长沙拍照",1984,1752,24,https://www.xiaohongshu.com/explore/66e7c0d300000000120105be?xsec_token=AB8Qs_6mPrCd94mLPDGmty2UQpKkrlBerPHASp7843zYA=&xsec_source=pc_search&source=web_explore_feed,https://sns-webpic-qc.xhscdn.com/202502281340/86f5f4d51f1ce89251f48e2a66acb827/1040g008317q0gv19go004a0bo0av5l3s2irfc48!nd_dft_wlteh_webp_3,迷人的pink,,
长沙张家界五天四夜超松弛版攻略,"超松弛 非特种兵版出行
Day1️⃣
✈️：厦门——长沙 贫穷女大为了省点💰赶的6:40早班飞机 甚至还能到酒店睡个回笼觉💤
🏨：酒店我们就住在长沙站 出行方便
橘子洲——太平街——岳麓山（岳麓书院 爱晚亭 湖南大学）——五一广场
睡完回笼觉 直接上地铁到橘子洲🍊
为了省腿 我们下了地铁直接坐小火车
拍照打卡完地铁🚇黄兴广场 周边的小巷子吃午饭
吃完饭逛逛太平街 又坐地铁去了岳麓山
可惜🚡维修所以我们坐观光车上山 如果想坐滑道一定要早点去
五一广场晚上拍大屏更好看
Day2️⃣
烈士公园——湖南博物院——马栏山——超级文和友——坡子街
省博真的好大 建筑设计很棒 结果差点走断腿 一定要穿双好走的鞋 楼上就有餐饮和茶颜 直接上楼吃午饭
打车🚗去了马栏山 打卡了芒果台 湖南广电
超级文和友和ccd适配度真的很高 结果逛完拍完还早 外面就是坡子街 打卡了👮🏻‍♀️ 就随机找了家足浴店按摩 拯救双腿
Day3️⃣
长沙——张家界西——天门山
赶的早班动车🚅去的张家界 还好住得近 步行就能到锦泰广场候车室
酒店🏨在天门山旁边 到酒店化个妆吃个麦当劳十一点多才准备坐缆车 周末人还是多点 排队排了快一个小时才上的缆车
我们走的A线 能坐缆车电梯的我们都坐了 以至于非常的省时省力 不到六点我们就下山回酒店了 甚至还能小睡一会儿 八点多才出门吃酒店附近的晚饭
Day4️⃣
武陵源国家森林公园——七十二奇楼
吸取前一天的教训 我们早早出门了 九点就到了 从天子山开始反方向游览 确实省了很多排队时间
大概四点就结束游览了 又回酒店休息
八点打车到七十二奇楼 就在门口拍照 吃饭 没有买票进去
Day5️⃣
张家界西——长沙——丰盈西里——五一广场——杜甫江阁——厦门
早上睡得饱饱后 买的10：40动车票到长沙站直接把行李寄存了 地铁直接到丰盈西里 打卡乐乐言同款夏记粉店 citywalk丰盈西里 各种小店都好好逛 走着走着又走到了五一广场 顺便逛了ifs国金
地铁到杜甫江阁 结果六点才亮灯 坐在臭豆腐路边摊等亮灯
22:16 买的晚班机回厦门
#长沙 #张家界 #长沙张家界旅游 #新年版citywalk #长沙白天变黑夜 #长沙旅游攻略 #张家界旅游攻略",164,192,18,https://www.xiaohongshu.com/explore/679355980000000029018c6a?xsec_token=ABltY5fGRZhW23Uv75h0YIIwfuRwQH0Z_iIf5ALb9sfao=&xsec_source=pc_search&source=web_explore_feed,https://sns-webpic-qc.xhscdn.com/202502281340/53a26bc109c3c571da5eb9420c1eb584/notes_pre_post/1040g3k031d1ia9blgu004afg0edqsnig773lst8!nd_dft_wlteh_webp_3,杰西不卡,,
湖南｜六天五晚自由行攻略,"❤️第1️⃣天：长沙市区
✈️交通：抵达长沙机场，坐地铁到市区入住酒店。
★路线：五一广场→IFS国金中心→黄兴路步行街→坡子街→南门口→杜甫江阁→文和友→太平老街
★长沙景点需预约，可提前三天通过微信小程序预约（见图二），杜甫江阁（💰11）、橘子洲（免费）、岳麓山（免费）、岳麓书院（💰40）。湖南博物院很火， 最早提前一周预约，我没约上所以没去。
🏠住宿：五一广场/地铁附近
🧡第2️⃣天：长沙市区
★路线：橘子洲→岳麓山→爱晚亭→岳麓书院→湖南大学
★橘子洲地铁口出来需步行3公里到毛主席雕像，体力不好的建议坐小火车。
🏠住宿：五一广场/地铁附近
💛第3️⃣天：凤凰古城
🚅交通：长沙南🚅凤凰古城，出高铁站坐凤凰古城直达专线车，下车步行至古城。
★路线：南华桥→雪桥→北门城楼→跳岩→凤凰古城墙→虹桥→南华桥
🏠住宿：古城内客栈
💚第4️⃣天：芙蓉镇
🚅交通：凤凰古城🚅芙蓉镇，车程40分钟，出站💰20直接打车到芙蓉镇，门票💰108。
★ 路线：摆手堂→土王桥→听涛路古街→芙蓉镇大瀑布→祈福廊桥→五里石板街
★晚上高铁芙蓉镇🚅张家界西，站前乘公交到天门山。
🏠住宿：天门山景区附近
💙第5️⃣天：天门山国家森林公园
★天门山国家森林公园和张家界国家森林公园（又称武陵源风景区）是两个景点，开车一小时。我们第一天去天门山，第二天去武陵源。
★推荐买A线套票💰278【A线：天门山索道上山——天门洞快线索道下山】
流程：天门山索道下站上山→游览山顶→穿山扶梯下至天门洞→天门洞快线索道下山→景区摆渡车返城
★晚上去七十二奇楼，有美食城夜景很美。因为明天要去张家界国家森林公园，所以晚上换到武陵源附近的酒店，方便第二天直接进山。
🏠住宿：武陵源（标志门附近）
💜第6️⃣天：张家界国家森林公园
★景区很大，一天时间建议游玩袁家界、天子山和金鞭溪，不用买多程联票，最省心的方式是百龙天梯（💰65）上山，天子山索道（💰72）下山， 门票总计：227+65+72=364
★路线：东门（标志门）→百龙天梯上山→袁家界→天子山→天子山索道下山→十里画廊→东门
★天子山索道下来就逛完山上的景点了，时间够可再去金鞭溪或十里画廊。可多玩两天森林公园，门票4天有效。（张家界详细攻略见我上篇笔记）晚上✈️返程
#湖南旅游 #湖南旅游攻略 #长沙旅游攻略 #凤凰古城 #芙蓉镇 #张家界 #张家界旅游",333,469,29,https://www.xiaohongshu.com/explore/66c019e0000000001e01c960?xsec_token=ABfGdogsVpcLYcqnJrCt9lk2EWYJRgD54s6VE_6shDhWM=&xsec_source=pc_search&source=web_explore_feed,https://sns-webpic-qc.xhscdn.com/202502281340/4efa7120e07a6e6718354c60510065f1/1040g2sg316j6ba41go4g48ti5q8jvpkv8trdjro!nd_dft_wlteh_webp_3,露丝春秋🍃🍂,,
长沙本地人花6⃣️h整理的敲全攻略📝速抄‼️,"打算要来长沙旅游的姐妹们看过来啦🎉
敲实用的长沙游玩秘籍来咯✅包含了景点信息、预约指南、交通、住宿、美食、避坑指南等要点💯真的不允许还有姐妹来长沙玩不知道怎么玩😭快来抄作业✍️很难找全了！！！
-
🗺️长沙地铁沿线景点
1⃣️号线沿线景点：长沙市博物馆、北辰三角洲、古开福寺、潮宗街、五一广场、国金中心、黄兴步行街、南门口、杜甫江阁、湖南省科学技术馆、湖南省地质博物馆
2⃣️号线沿线景点：梅溪湖、岳麓山、橘子洲、太平老街、文和友、湖南米粉街、万家丽广场、扬帆夜市
3⃣️号线沿线景点：洋湖湿地公园、李自健美术馆、谢子龙影像艺术馆
4⃣️号线沿线景点：湖南大学、岳麓书院、麓山南路美食街、后湖国际艺术园
5⃣️号线沿线景点：世界之窗、湖南广电、长沙海底世界
6⃣️线沿线景点：湖南博物院、烈士公园、隆平水稻博物馆
-
#长沙 #本地人做的攻略 #长沙吃喝玩乐 #旅游攻略 #长沙旅游 #长沙旅游攻略 #长沙旅游推荐 #长沙旅游必看 #长沙攻略 #长沙旅行",3678,3896,76,https://www.xiaohongshu.com/explore/676d57d2000000000b00f60d?xsec_token=AB5S4ThkqHl9pD5n5oLFTS6XxtbI9F3NNAnOs0ECqQ4m4=&xsec_source=pc_search&source=web_explore_feed,https://sns-webpic-qc.xhscdn.com/202502281340/04e251ab948ac76e4922bd0287dd77f1/1040g00831bsf6qa10s005o5o88908aau8s3mug0!nd_dft_wlteh_webp_3,半颗葡萄,,
📍长沙玩了3天‼️忍不住说点大实话😥,"在长沙玩了3天回去🙏
真心觉得长沙的雷点还是挺多的，虽然说来之前有过好攻略✅...某些方面还是有被长沙背刺到‼️‼️呜呜呜呜整理了这份攻略📃总结给有需要的朋友们，速来看看👀
	
#长沙 #长沙旅游 #长沙旅行 #出行攻略 #长沙旅游攻略 #旅游攻略 #Living长沙 #长沙橘呆呆 #长沙橘呆呆手串#长沙美食",38,37,评论,https://www.xiaohongshu.com/explore/67b819ac000000002a001389?xsec_token=AByms7XnCmbp5uzGbQXsk44maXP5lmj_SpF-hsWTGsRe0=&xsec_source=pc_search&source=web_explore_feed,https://sns-webpic-qc.xhscdn.com/202502281340/31a277a2cf28104b0822d22c6c08763d/1040g00831e4f8k82h2105oca2go40s0n696fkcg!nd_dft_wlteh_webp_3,吃不吃烧烤,,
本地人附长沙各区域💥超全景点攻略🫧,"全是干货，长沙各区域景点推荐超全攻略‼️
🌟住宿篇🏨
1️⃣订酒店追求便利就选择五一广场附近
2️⃣追求好看的夜景就选湘江边
3️⃣追求民宿就选河西大学城附近
景点推荐【烈士公园】想放松悠闲一下子的可来这。长沙版洱海也在里面【岳麓书院】🎫40r 【橘子洲】🆓【古开福寺】🎫10r 【杜甫江阁】夜游更好
😋美食推荐🍱
🔥陆幺陆家菜馆🔥甜老虎辣酱🔥刘百味粉馆🔥白沙虎辣酱鸭🔥榕记糖水🔥湘在光脑壳
#旅游攻略 #长沙 #长沙旅游 #长沙旅游攻略 #1分钟搞定旅行规划 #人文景点分享 #国内旅游日常 #国庆逛吃日记 #长沙打卡 #长沙旅游推荐 @薯队长 @圆周旅迹 @薯条小助手 @小红书创作助手",235,219,8,https://www.xiaohongshu.com/explore/670a4e62000000001b011e52?xsec_token=ABe-jvIijCmUhdcQJ5p7H2G_CItxpPxsof983O6P3ZjLI=&xsec_source=pc_search&source=web_explore_feed,https://sns-webpic-qc.xhscdn.com/202502281340/0ce453dec7185674e1055d46d88f86f5/1040g008318ro9va6k4005pi1hcb1ouri716g420!nd_dft_wlteh_webp_3,今天吃饭了嘛,,
旅游 ｜一个人的长沙行,"长沙非常让人惊喜，也适合独自旅行，因为每一个景点都有很多摄影师，不用担心没人拍照记录。分享我这次出行去的地方和吃的美食～
1️⃣橘子洲头：不只是看看毛爷爷的雕像，在湘江边看日落也非常舒服。我是骑行去的，不过不建议，因为我绕了很长一截路，还是坐地铁直接到橘子洲站下更方便。但是骑行过程中看到了很多涂鸦，会发现一些自己喜欢的东西。
2️⃣文和友：定位到海信广场上五楼就是，我完全没做攻略，一搜出来好多文和友，转了半天才找到，有种探险的感觉。外面是现代商场，里面是老长沙。
3️⃣潮宗街：有很多潮牌店，去逛了长沙本土潮牌burning、bang和bipolar，但是没看到很喜欢的。
4️⃣轩辕殿巷：离潮宗街很近，有很多古着店和可爱的小店。
5️⃣湘江江滩公园：就是首图，在橘子洲头的对岸，这里人没有橘子洲头那么多，拍出来的照片也不会那么像游客打卡照。
6️⃣后湖：就挨着江滩公园，去看了日落，天气好会更美。
7️⃣橘子洲岸边：晚上去看了夜景
8️⃣五一广场：去看了爱心大屏幕
9️⃣黄兴广场地铁2号口处：很cyberpunk的设计
	
接下来就是令人激动的吃吃吃！
1️⃣古德摸宁：喝了爱老虎油和争渡争渡，争渡争渡的奶盖是青柠味的，都很好喝！
2️⃣笨罗卜：可惜一个人只能点两个菜，也没吃完，但是确实好吃，好辣🥵
3️⃣公交新村粉店：很爱吃粉所以觉得不错
4️⃣黑色经典：爆汁口感好爽
5️⃣金红小吃：想体验长沙老牌早餐，葱油粑粑、大春卷、糖饺子、油炸烧卖都不错，不过吃了有点吃不下午饭了hh
6️⃣鸳央咖啡：猛虎撒娇可以
7️⃣正宗桂林卤粉：吃了两次，好辣但是也很好吃，辣的我肚皮痛。
8️⃣胖伢子：这家离江滩公园很近，点了一个小炒黄牛肉，还不错。
9️⃣茶颜悦色：机场随机点了一杯没喝过的栀晓，半糖感觉味道很淡，不推荐。
	
独自旅行虽然没有跟朋友在一起那么快乐，但是很轻松舒适，感觉离自己更近了。走路的时候听了很多遍窦靖童的“我”。很喜欢的一句歌词：没想到你以后会有八个博士学位，而我像缸里的金鱼一样无畏 愚昧。
	
长大之后跟朋友的人生路径都很不一样，身边的朋友们都很优秀，而我就像只有七秒记忆的金鱼，永远对世界保持好奇，也永远想游到海里。
#一个人的旅行 #摄影 #分享我眼中的世界 #长沙白天变黑夜 #长沙旅游 #长沙拍照",535,287,44,https://www.xiaohongshu.com/explore/677a6ef30000000009014f56?xsec_token=AB1Fr0gfN9vWQ7Xe2lNW73I5zgP3q0adJik2XzMWS1GF4=&xsec_source=pc_search&source=web_explore_feed,https://sns-webpic-qc.xhscdn.com/202502281340/454cc506b20bad67ed56935143a90922/1040g00831c987vj2h6004a7krsdggakbiilm2u0!nd_dft_wlteh_webp_3,cuteriri,,
长沙景点｜橘子洲🆚岳麓山‼️打卡要听劝呀😭,"第一次来长沙的姐妹们，千万不要错过长沙两大🔥景点——橘子洲和岳麓山。不知道怎么正确打卡📸的，这篇攻略可以让姐妹们少走很多弯路！！
-
岳麓山
❎错误玩法：不建议从东门进！夏季爬山真的又累又热🥵，想打卡岳麓书院和爱晚亭的，还没到造型就整个乱掉，拍照都不好看😂
✅正确玩法：从南门进，坐观光车先打卡岳麓书院和爱晚亭，到了山顶再坐滑道从东门出，省时还省力🚶‍♀️！
-
橘子洲
主要给大家整理了几个打卡机位和橘子洲的其他拍照打卡地📸，主打一个即出片又拒绝人挤人！！
-
#人文景点分享 #城市探寻计划 #长沙 #长沙旅游攻略 #长沙旅游 #长沙景点 #长沙旅行 #长沙景点打卡 #橘子洲头 #岳麓山 #岳麓山滑道 #长沙网红景点 #一日游",2万,2.3万,186,https://www.xiaohongshu.com/explore/66630e4c000000000f00eebe?xsec_token=ABARqZoqasVfHBsOfHSKP9MRje_k9IIkFDtCh7itVWBkE=&xsec_source=pc_search&source=web_explore_feed,https://sns-webpic-qc.xhscdn.com/202502281340/cfc77b3829545e134757769ee3cff235/1040g008313odniaaho005p3mrkm48c5u0u1ug9g!nd_dft_wlteh_webp_3,辣的跺jio,,
从北京出发5h到长沙，玩了两天说下真实感受,"✅橘子洲头没必要去，远远隔江拍照打卡一下伟大领袖就够了👌
拍照地点：望江公园江边有围栏遮挡不好拍，一直往前/南走600m左右，有一段没有围栏的地方很适合拍照📷
	
✅湖南省博物馆值得一去👌
✅住的话【芙蓉中路桔子水晶酒店】服务很好，环境居住安静👌
✅【都市风采影院足道】按摩还不错，在桔子水晶酒店五层
✅盟重烧烤值得尝一下
	
❌茶颜悦色满大街都是，没必要死磕排队许久的店
更重要的是没有网上宣传的那么好喝
❌网上爆火的五一广场、坡子街（小吃街）、黄兴街、文和友、太平老街不值得去就是商业街+过度商业开发的小吃街
❌茶颜悦色的小零食不要买太多，网上吹捧的面包丁和薯条香精味道很重
❌都正街里的【扶记小吃】别去，服务态度很差。点了¥198招牌龙虾，不仅个头小而且很不新鲜。
❌城南中路这家【全得力1988】不建议吃，鸡肉排骨肉很像僵尸肉，很不新鲜
❌壹品龙虾🦞价格不便宜，龙虾个头小肉质松散
	
#我的宝藏美食集 #必吃榜 #宝藏餐厅分享 #湘菜 #江湖菜 #湖南菜 #旅游 #旅行日记 #说走就走 #长沙 #长沙橘子洲头 #长沙酒店 #北京周末去哪儿 #北京周边游 #旅游 #小吃",1242,1282,453,https://www.xiaohongshu.com/explore/660cda49000000001a012265?xsec_token=ABs85pjQqUFQtGZRQU5cNpr61T65JpTVwHHvkHnnT56k8=&xsec_source=pc_search&source=web_explore_feed,https://sns-webpic-qc.xhscdn.com/202502281340/479cd9cdc8f63de693e363415d1ba999/1040g2sg31147sfbrmm0049a2t7d0g32isgube0o!nd_dft_wlteh_webp_3,西子,,
写给1-2月去长沙的姐妹们，快进来听劝🥹,#长沙#长沙旅游#长沙旅游攻略 #岳麓山#橘子洲头 #长沙拍照打卡 #长沙旅游必看 #周末去哪玩 #长沙吃喝玩乐,1.4万,1.7万,909,https://www.xiaohongshu.com/explore/677d0e12000000001800d22b?xsec_token=ABk3L6ioGmdjxeek5SCJ-wjcm3rI3KRROa7MbCJO-FViE=&xsec_source=pc_search&source=web_explore_feed,https://sns-webpic-qc.xhscdn.com/202502281340/3d15f47bf5c22a9f2512ec7bc5d87ad8/1040g2sg31cbq6lqqgm705pcvisgnqfv2nr5ijqg!nd_dft_wlteh_webp_3,鲨个小西瓜,,
全网查重率为0的原创长沙游攻略！！,"📝长沙之旅
	
“我个人认为可以这样玩”的攻略——
	
晚上适合这样玩：
⭐️在湘江的西岸沿江夜骑，随处都可以坐下来休息，享受江风和夜色，真的比做湘江游轮惬意100倍，还省了游轮的钱！
⭐️在杜甫江阁的马路对面欣赏亮灯的一瞬，再一路走回五一广场，中间会路过各种商业街，能够沉浸式感受长沙繁华的街头和丰富的夜生活。还有在IFS93层上可以看美景！！
⭐️下午从岳麓山下来就是大学城！非常非常非常非常多小吃，吃完小吃可以去旁边的商场看个电影，或是去后湖去散散步、听听歌，真的不要太惬意~
⭐️一定一定要去捏脚~因为长沙的夜生活很丰富，所以很多按摩店、足疗店都开到很晚，真的可以卸下一身的疲惫！
	
白天适合去玩的地方：
☀️湖南博物院。一定一定要请“人工解说”，小红书有很多老师可以预约，全程将近两小时，50元/人，非常非常值！
☀️文和友。我觉得很建议去，特别是天热的时候，白天没啥地方可以去，这里避暑又很有特色！还能吃东西~不想逛了，出去就是市中心，到哪里都方便~
☀️橘子洲和岳麓山可以到快夕阳的时候去，在夕阳的映衬下，景色真的美轮美奂。
	
#长沙旅游攻略 #长沙旅游景点推荐 #长沙拍照打卡 #长沙大学城美食 #长沙旅行",340,264,20,https://www.xiaohongshu.com/explore/66db0595000000001e01b4a7?xsec_token=ABD7aLIdTO53_q2i39eNclmB9LrrSLx8s1Nkk1dH1p_w0=&xsec_source=pc_search&source=web_explore_feed,https://sns-webpic-qc.xhscdn.com/202502281340/274c98f390d185d3d6edadc8f84fdbf2/1040g008317dilbam0o004a57i7no7gpr1eaffm0!nd_dft_wlteh_webp_3,圆圆满满爱笑笑呀,,
女孩子2-3月去长沙⭐ 正确景点打卡方式‼️,"准备2-3月来长沙玩的宝子们，快看看这篇超详细的景点攻略吧👀，如果你对长沙完全不了解，这篇攻略可以帮助到你～/::>
-
🌈来长沙之前要注意！
⭐做攻略:真的很有必要！可以参考这篇笔记哦！超实用
⭐提前购买机票、高铁票、火车票等，把要住的酒店预订好
⭐ 收拾行李:一些必需品要记得带上！长沙的天气变化莫测，带厚衣服还是很重要的
_
‼️长沙避坑建议
🕰长沙市中心的水果捞、鸡爪没必要买，很多都是按克称的，随便买点就要一百多💰
🕰文和友仅适合拍照，不适合吃饭
🕰不要吃冒烟的冰淇淋🍦 ，并不是长沙特产，吃完了嗓子会不舒服，而且很容易被冻伤
🕰湖南广电真的没什么好打卡的，距离市区很远，也见不到明星⭐
🕰骑共享电动车的时候要记得戴头盔，不要载人，遵守交通规则#长沙 #长沙美食 #长沙旅游 #长沙拍照 #长沙打卡 #长沙探店 #长沙花店 #长沙写真 @创作者小助手 @薯队长 @吃货薯 @创作者小助手",173,134,8,https://www.xiaohongshu.com/explore/67af0bc1000000002903618a?xsec_token=ABfiKflVnmRIw5OEvAx38tVAMuZg82ACIOEDs0RPwRWxo=&xsec_source=pc_search&source=web_explore_feed,https://sns-webpic-qc.xhscdn.com/202502281341/791d8d648e1b0228aac2358b0506ccf2/1040g2sg31dskdkvege705p3o5ub4moin89cs81o!nd_dft_wlteh_webp_3,小红薯6478BF50,,
长沙12月坠新旅游通知🙋真诚提醒还未出游的,"长沙即将进入淡季啦😄真心提醒来的姐妹👩近期打算来的话多添衣物🧤羽绒服或者三合一冲锋衣均可，记得备好雨衣☔哦~
我给大家总结了一些游玩建议，希望各位都能有美好的游玩体验🌈
#长沙 #长沙旅游 #长沙旅游攻略 #旅游 #长沙吃喝玩乐 #长沙旅行 #旅游攻略 #长沙旅游必看 #长沙旅游推荐 #长沙美食",1847,2332,44,https://www.xiaohongshu.com/explore/674856420000000007033932?xsec_token=ABszltUzxJhWK3KXRF2FbDL3qfuZr0PpjWz0yQn2S7rgw=&xsec_source=pc_search&source=web_explore_feed,https://sns-webpic-qc.xhscdn.com/202502281341/b1b7a83f49ee5d0b6a2a7042f89284c5/1040g00831aoaojfq7i005p6bc3eipbacnhs95h8!nd_dft_wlteh_webp_3,长沙旅行绘本,,
离开长沙前❗️一定要打包带走的8大特产,"准备来长沙的姐妹们👭赶紧存好吧！
想带些长沙特产回家但是无从下手了❓
大家赶紧照着买买买吧‼️
-
姐妹们👭记得看👀完赶紧存好吧
这些特产可以放心带回家哟~
#Living长沙 #长沙旅行 #长沙美食 #长沙 #长沙旅游 #长沙旅游攻略 #长沙旅行攻略 #长沙攻略 #旅游 #旅游攻略 #周末去哪儿#小红书Pad版真香#橘子洲头 #岳麓山 #长沙橘呆呆 #长沙橘呆呆手串 #长沙手串推荐#仪式感礼物#穿搭#Living东茅街茶馆@薯队长",263,183,2,https://www.xiaohongshu.com/explore/6731c181000000001b012fe2?xsec_token=AB4QONDeiZJ9SQNaZxRNtOwo83PWRUhOadL8PvkVdUs68=&xsec_source=pc_search&source=web_explore_feed,https://sns-webpic-qc.xhscdn.com/202502281341/bc4287a4107f736ba511a97134053090/1040g2sg31a293i8dmq705pd75r9i46ug5nueb28!nd_dft_wlteh_webp_3,在长沙碎碎念,,
长沙淡季旅游新通知！超全避雷，速速查收📥,"〽长沙已经进入淡季啦！（相对来说，其实长沙只有旺季和旺旺季），真心提醒1月~3月来长沙的姐妹👭，近期打算来长沙一定要穿羽绒服或者大衣➕毛衣🧥，给大家总结了一些游玩建议，希望姐妹👭们都有一个愉快的旅途❗
#长沙 #长沙旅游 #长沙吃喝玩乐 #长沙拍照打卡 #长沙游玩地 #长沙旅游推荐 #长沙淡季旅游
@创作者小助手 @薯队长 @吃货薯 @创作者小助手",149,138,14,https://www.xiaohongshu.com/explore/6790cec1000000002a002fcc?xsec_token=ABVkgH4Y3Lj62A-yS49yEZ3xpKDl2yAHKsef-owTf0Xxk=&xsec_source=pc_search&source=web_explore_feed,https://sns-webpic-qc.xhscdn.com/202502281341/e9f6829f33e7616060c2a3f85c7a1de6/1040g00831cv3fdlpgk005nr2uj2g9a4su7ljqlo!nd_dft_wlteh_webp_3,小红薯5F641894,,
橘子洲被问爆的8个机位‼️拍照巨出去📸,"去了好几次🗺️长沙，整理了橘子洲的8⃣️个机位，拍照真的很出片，近期打算去长沙的宝子们，千万不要错过💗哦！
—
🧡长沙三日游路线
🎄Day1：五一广场→IFS国金中心→郝富贵小炒肉→黄兴步行街→杜甫江阁
🎄Day2：橘子洲→岳麓山→岳麓书院→湖南大学→后湖
🎄Day3：古开福寺→湖南博物馆→烈士公园→万家丽广场→扬帆夜市
—
💟长沙出行必备
🫶证件类：身份证、学生证、驾驶证、现金
🫶出行类：提前领取地铁、公交乘车码
🫶电子类：充电器、充电宝、耳机、相机
🫶洗漱类：水乳霜、化妆品、卸妆水、毛巾、洗面奶、洗漱用品、面膜
🫶衣物类：根据天气选择，准备合适的衣物
—
#长沙#长沙旅行#长沙旅游#长沙旅游攻略#长沙吃喝玩乐#长沙美食#岳麓山#长沙拍照长沙景点#长沙美食攻略#长沙旅行攻略@@创作者小助手@吃货薯@薯队长@创作者小助手",2450,1886,7,https://www.xiaohongshu.com/explore/676bb6f40000000009016e5e?xsec_token=ABOfCA71HbPwnNIxbi5UpULIzfQxrOFLGiQA8wK-lGC6A=&xsec_source=pc_search&source=web_explore_feed,https://sns-webpic-qc.xhscdn.com/202502281341/aa004af702b8863ac7ab25e18b79c85e/1040g00831bqsaf6t0c505p6esb43khud9u91jp8!nd_dft_wlteh_webp_3,远方有约,,
《长沙三天两晚》特种兵不绕路攻略❗,"《长沙三天两晚》特种兵不绕路攻略❗
	
来长沙，建议小伙伴们提前做攻略，可以节省很多时间❗这篇3️⃣天2️⃣夜长沙攻略，赶快看看吧，真的很实用，适合大学生特种兵🎖️
_
🗺️【长沙三天两晚具体行程】
🥂Day1:五一广场→IFS国金中心→黄兴步行街→郝富贵小炒肉→坡子街→杜甫江阁
🥂Day2:橘子洲→岳麓山→爱晚亭→岳麓书院→湖南大学→后湖
🥂Day3:潮宗街→古开福寺→湖南博物院→烈士公园→万家丽广场→扬帆夜市
_
🎈【长沙景点详解】
💐湖南博物院
院藏文物多，特色就是马王堆汉墓出土文物、商周青铜器、历代陶瓷等⭐
💐岳麓书院
坐落在岳麓山脚下，🌸风景优美！小伙伴们可以来这里感受下文化氛围
💐橘子洲
打卡毛泽东青年艺术雕塑，每天都有无数游客前往雕塑前与伟人合影留念📷
💐杜甫江阁
是为了纪念杜甫建的，站在上面看湘江，感觉特别不一样，好像能体会到当年杜甫写诗时的那种豪情壮志#游玩攻略 #穷游攻略 #本地人做的攻略 #出行攻略 #极限特种兵旅游",5,3,评论,https://www.xiaohongshu.com/explore/67b8378f000000002900e942?xsec_token=AByms7XnCmbp5uzGbQXsk44hRALQ1WV3oPXbZcZ1gz7Ks=&xsec_source=pc_search&source=web_explore_feed,https://sns-webpic-qc.xhscdn.com/202502281341/f62f4682678c790ddbdd4d38fc8c56a5/1040g00831e5j0qrlgu6g5ptkhvuinukgfd3fr5o!nd_dft_wlteh_webp_3,小红薯67B4ECB7,,
去了长沙5次，我的建议是。。。。,"长沙真的不要说走就走，它会惩罚每一个不做攻略的朋友。结合之前游长沙的经历，给大家整理了一分超详细的攻略，大家可以参考~
P2-P3 长沙避雷tips
P4 长沙交通、住宿指南
P5 橘子洲游玩攻略
P6 岳麓山游玩攻略
P7 长沙景点简介
P8 长沙美食推荐
线路参考：
📍Day1：五一广场→IFS国金中心→黄兴路步行街→郝富贵小炒肉→杜甫江阁
📍Day2：橘子洲→岳麓山→岳麓书院→湖南大学
📍Day3：古开福寺→湖南博物馆→烈士公园
📍Day4：潮宗街→丰盈西里→文和友
#长沙旅游 #长沙 #本地人做的攻略 #旅游不踩坑 #攻略 #穷游攻略 #学生党旅游 #长沙指南
@小红书创作助手",16,19,评论,https://www.xiaohongshu.com/explore/67bec8150000000029024f9e?xsec_token=ABH-d8CWts8BUdFEXkDr7lin6rwT5Q9cBj2qEDlGTRoI8=&xsec_source=pc_search&source=web_explore_feed,https://sns-webpic-qc.xhscdn.com/202502281341/3e53e2a804c5606d7066497c30c07609/1040g00831ec03qjbh0005pas1j5204aij2kfff8!nd_dft_wlteh_webp_3,不吃番茄,,
说个恐怖的：3月起长沙酒店🏨集体下调45%⚠️,"宝子们，3-5月打算去长沙旅游的一定要看过来！由于旅游淡季原因，长沙酒店大跌😭星级酒店入住接近半价！现在正是订酒店的好时机！
计划来长沙旅游的宝子们可别再花冤枉钱💰千万别再去某团、某程、某猪订原价酒店啦！
-
1️⃣长沙W酒店 1079🉑️3晚
📍落于繁华的市中心商业区
与瑞吉相邻，距离黄兴步行街、五一广场和橘子洲头仅几步之遥，酒店室内设计以“星沙宇宙”为概念，内部别具一格，展现了独特的时尚氛围”
-
2️⃣长沙柏悦酒店 1489🉑️3晚
📍位置在湘江中路
楼下就是国金中心，位置巨佳，江景房确实视野开阔！！可以看到完整的江 桥和橘子洲头。🥘位于酒店62层的蕾兰餐厅 ，开放式用餐空间内提供精致的半自助早餐、经典湘粤美馔、特色手推车下午茶等体验；
-
3️⃣
长沙尼依格罗酒店 1185🉑️3晚
📍位于国金93楼
长沙的核心ifs国金中心，周边离得比较近的是繁华的黄兴路步行街和五一广场、高层酒店夜景迷人🌃在酒店房间就可将橘子洲头、湘江美景尽收眼底
-
4️⃣长沙瑞吉酒店 1289🉑️3晚
📍位于长沙市运达中yang 广场
24小时管家服务，安静又方便，楼下有中央运达广场，坐在落地窗前，可以俯瞰长沙城市💕的天际线和美景。
-
5️⃣长沙玛珂酒店 895🉑️3晚
📍长沙市芙蓉区定王台街道蔡锷中路 1 号国金中心
适合追求独特设计风格、别样入住感受的人群，附近景点：五一广场、黄兴步行街、橘子洲头、天心阁、杜甫江阁等
-
其他酒店tui荐：
长沙君悦 895🉑3晚
长沙北辰洲际 695🉑3晚
长沙富力万达文华 759🉑3晚
长沙建鸿达JW万豪 875🉑3晚
长沙梅溪湖金茂豪华精选 985🉑3晚
-
#怎么订酒店便宜
✔怎么预订❓
♥➕⭐，留下入住时间获取优惠
图文已获@思颖出游日记 授权请勿误判～谢谢
#长沙酒店攻略 #长沙柏悦酒店 #长沙住宿 #长沙旅行 #长沙推荐住宿 #长沙 #长沙酒店 #长沙酒店推荐 #柏悦酒店 #长沙柏悦酒店 #凯悦酒店 #ifs #国金中心 #长沙国金中心#五一#周末去哪儿#长沙五星级酒店#长沙酒店性价比#长沙旅游攻略 #国足来了",31,18,75,https://www.xiaohongshu.com/explore/67bc3d26000000000602a73e?xsec_token=ABa24pGds3urSNzETqnEqRYUZuwlXMsoiAHmCThM-CJiU=&xsec_source=pc_search&source=web_explore_feed,https://sns-webpic-qc.xhscdn.com/202502281341/b0b07aa75d6dea7600e5964e9d957a8f/1040g00831e9gml00h0005pk7js7gufeigcehfbo!nd_dft_wlteh_webp_3,思颖出游日记,,
感谢何老师！在长沙吃到最满意的一顿…😭😭😭,"还有人不知道何老师和德云社都去打卡拍了节目的这家吗～开了40年了…嗲嗲娭毑都去吃的店、真的🔥，他们家的原汤是现熬的很香浓～菜品口味真的巨丰富很有长沙特色、点了三碗全部都好吃没有踩雷！！
✔️记住这个：矮子粉 店（人均10+…）",3.2万,2.5万,1047,https://www.xiaohongshu.com/explore/6632519b000000001e03b07a?xsec_token=ABz1CiHsVfpQyzj22i3j7BMwnHfE_wjEdnnD2EhIwpoEg=&xsec_source=pc_search&source=web_explore_feed,https://sns-webpic-qc.xhscdn.com/202502281341/9c1412ecbb17f3d1dcc81c83b74aa0f0/1040g2sg3128ohv9bl8604bomghc7upj46hrf7jo!nd_dft_wlteh_webp_3,CHAICHAI,,
长沙三天两晚不绕路，超全懒人路线攻略！！,"花了好几天熬夜整理好的长沙攻略！宝子们放心冲，快来记笔记啦~全篇干货！包含景点、住宿、美食、注意事项等，赶快🐎住吧❗
#长沙旅游攻略 #长沙橘子洲头 #茶颜悦色 #长沙拍照 #长沙 #长沙旅游 #本地人做的攻略",52,29,3,https://www.xiaohongshu.com/explore/67ad9586000000001701e531?xsec_token=ABvoYsqKFndENxit8jt5r_UF_Pls9F3aAD4iAf7tOWSMk=&xsec_source=pc_search&source=web_explore_feed,https://sns-webpic-qc.xhscdn.com/202502281341/5241e0c803c3ebce98bf3b5a0777e5e0/1040g00831dr6nr7a10005p5gjuin55961gtt12g!nd_dft_wlteh_webp_3,苹果大鸭梨,,
‼3 月长沙旅游的真实感受,"宝子们听我说，来长沙可别毫无准备就冲，这座城市会让没做攻略的人吃点小亏。我结合自己在长沙游玩的经历，分享些个人看法，希望能帮到大家，让你的长沙之旅更加顺畅，少走冤枉路～
#长沙游  #长沙 #长沙旅游 #长沙旅游攻略 #长沙旅行 #长沙旅行攻略 #岳麓山 #橘子洲 #五一广场 @小红书创作助手",22,37,评论,https://www.xiaohongshu.com/explore/67bc2d52000000002903f220?xsec_token=ABa24pGds3urSNzETqnEqRYShfF4rpQwvj_7cfLrapN2I=&xsec_source=pc_search&source=web_explore_feed,https://sns-webpic-qc.xhscdn.com/202502281341/839170ed2e863224ef89651c25351dce/notes_pre_post/1040g3k031e9eo1ph10005pas1j5204aij1op1po!nd_dft_wlteh_webp_3,不吃番茄,,
如果长沙旅游有等级...附详细攻略及建议❗,"网上长沙旅游攻略一大堆，看的眼花缭乱🤯特别是对一些时（特）间（种）有（兵）限的朋友，时间有限游玩景点也有限
去长沙玩到底选择哪些景点❓怎么预约❓有什么避雷事项❓本地人吐血整理😭能帮一个是一个❗❗
✅长沙热门景点预约方式
📍橘子洲(免费)
⭐️开放时间:7:00-22:00
搜索""岳麓山 橘子洲旅游区""景区预约
节假日建议提前3天预约
📍湖南博物院(免费)
⭐️开放时间: 9:00-17:00
搜索“湖南博物院""门票预约
提前7天预约(一定要提前预约)
📍岳麓山(免费)
⭐️开放时间:6:00-22:00
搜索“岳麓山 橘子洲旅游区""景区预约
节假日建议提前3天预约
📍杜甫江阁(18r/人)
⭐️开放时间:9:00-22:00
搜索""杜甫江阁景区""购票预约
晚上亮灯后很好看18:30-22:30亮灯
📍古开福寺(10r/人)
⭐️开放时间:6:30-18:00
搜索“长沙市开福寺""购门票
凭门票可以免费领取三支香
📍岳麓书院(40r/人)
⭐️开放时间:7:50-18:00
搜索“岳麓书院”预约购票
📍李自健美术馆(免费)
⭐️开放时间:9:30-17:30
搜索“李自健美术馆""预约参观
建议提前1天预约
📍谢子龙艺术馆(一楼免费)
⭐️开放时间:10:00-18:00
搜索""谢子龙影像艺术馆""预约参观
2-3楼单人收费100r，双人收费180r
📍长沙市博物馆(免费)
⭐️开放时间:9:00-17:00
搜索""长沙市博物馆""预约参观
建议提前1天预约
📍铜官窑古镇(夜场69.9r/人)
⭐️开放时间:9:00-21:00
搜索“铜官窑国风乐园服务""预约购票
🆘长沙旅游避雷建议!!!
❌机场、高铁站出站口附近有很多拉客的黑车司机，不要去坐他们的车，看你是外地人就坐地起价!
❌橘子洲建议坐地铁去，可以直接到达景区内;不要打车或开车，景区实行交通管制，车辆是不能随意进入的
❌景区或美食城里的水果捞建议不要去买，价格贵就算了水果还不新鲜，随便夹一点就大几十
❌街上遇到孙悟空、铜人装扮的人找你合影，不要答应直接拒绝，合影是要收费，20r一张很坑
❌岳麓书院在岳麓山南门处，地铁4号线到湖南大学站，2号口出来往东方红广场方向走，路旁有指示牌
希望每个来长沙的朋友都能玩的开心
﻿#长沙﻿  ﻿#长沙旅游﻿  ﻿#长沙美食﻿  ﻿#长沙旅游推荐﻿  ﻿#旅游﻿  ﻿#旅游推荐﻿   ﻿#长沙吃喝玩乐﻿  ﻿#旅游攻略﻿  ﻿#旅游推荐﻿  ﻿#长沙景点预约﻿",62,60,1,https://www.xiaohongshu.com/explore/6777a663000000000b022242?xsec_token=ABwTkY6jE3W71DO4teNJNxX7mTtvMFyx3XCYaGL1MfeOg=&xsec_source=pc_search&source=web_explore_feed,https://sns-webpic-qc.xhscdn.com/202502281342/54ba3194615e531d0ddb939314b4968b/spectrum/1040g0k031c6gf4p3h2005pitdk67gr9otnm6u9o!nd_dft_wlteh_webp_3,马卓爱旅游,,
长沙宅女给我的两日游攻略,"靠谱吗
#长沙 #长沙拍照打卡 #长沙攻略",1120,1145,40,https://www.xiaohongshu.com/explore/6748731c000000000202bb13?xsec_token=ABszltUzxJhWK3KXRF2FbDLwSxDHY1u0871qL9vIU51MI=&xsec_source=pc_search&source=web_explore_feed,https://sns-webpic-qc.xhscdn.com/202502281342/3fb1d6be8cfd71d309b11a30b5da975b/1040g2sg31aoe9f7mna7049utsoieh3p2ep3uad0!nd_dft_wlteh_webp_3,高斯国一,,
去长沙之前，一定要听的难听的大实话！,"去长沙之前，一定要听的难听的大实话！！
翻到之前我和闺蜜的聊天记录，她做的长沙攻略真的很全，基本上总结的都用上了！！！分享给你们，出发之前可以看看敲有用的！！
·
#长沙 #长沙旅游 #长沙旅游攻略 #长沙旅行 #长沙拍照 #长沙打卡 #长沙橘子洲头 #长沙景点预约 #岳麓书院 #岳麓山
@创作者小助手 @吃货薯 @薯队长",36,12,2,https://www.xiaohongshu.com/explore/67b1f632000000001703b1ff?xsec_token=ABSpgDXNrJAeumbDrYk7f21Db9oX800Gr01UyvIvXl9bA=&xsec_source=pc_search&source=web_explore_feed,https://sns-webpic-qc.xhscdn.com/202502281342/dba8f82ce895fdaef1c9699e4443a56c/1040g00831dvfhfme0m005p893gvls6sq152c2n8!nd_dft_wlteh_webp_3,aa嘻嘻哈哈,,
长沙已回😅崩溃了…能劝一个是一个,"跟朋友去长沙玩了3天！分享一下我们的真实感受😭真的劝退零时起意不做攻略的。。。不然真的很崩溃😫一些个人感受和主观感受、仅供大家参考～
#周末去哪儿 #旅游攻略 #长沙旅游攻略 #长沙美食",1.4万,1.1万,301,https://www.xiaohongshu.com/explore/66f0df81000000001b0203ae?xsec_token=ABGbDeikHNGv1PCY7OfLEErS9jPAMedMCvPJND93Y1JTY=&xsec_source=pc_search&source=web_explore_feed,https://sns-webpic-qc.xhscdn.com/202502281342/2001e8a60bf98b00a0b3bd7463968f0e/1040g2sg3182tgnobjk704a2tpkn7jvogi7h2mi0!nd_dft_wlteh_webp_3,谢开心,,
