标题,内容,点赞,收藏,评论,笔记链接,图片链接,作者,keyword:新疆 自由行 攻略,2025年02月28日 10:55
🚘天津-新疆自驾最强旅行攻略来啦,"新疆那么美，趁着难得的假期，那就来一场蓄谋已久的长途旅行吧！！
我们一家四口，两大两小，对比了plan 1：飞机落地+当地租车以及plan 2：全程自驾两个方案的花费，以及带娃的方便性与自由度，毅然决然选择了自驾。
1️⃣路况
首先，需要说明，我们自驾全程开的是一个家用五座轿车，去程天津-新疆走的京藏-京新线。这条路线非常好走，全程铺装公路，服务区不少，沿途风景十分丰富与震感。全程车辆很少，一路顺畅，所以，大家不用担心油不够，以及旱厕的问题，我们全程没有遇到一个旱厕，不知道那些说路上有旱厕的是什么情况……
2️⃣进疆路程规划
day1：从天津北上途径北京-张家口-乌兰察布-呼和浩特-包头 （车程10h ）
day2：包头-额济纳旗 （车程9h）
day3：额济纳旗-哈密（车程8h）
day4：哈密-昌吉（车程8h）
由此正式入疆，踏入伊犁环线，开始了大美新疆之旅。这个路途规划，我个人非常推荐，因为带娃，车程不宜过长，平均每天八九个小时的路程，司机不累，孩子们也不闹，休整一晚睡到自然醒，第二天精神抖擞，整装待发。
	
3️⃣伊犁环线行程规划
day5：昌吉-博乐 （宿）走s101公路
day6：博乐-赛里木湖-伊宁 （宿）
day7：伊宁-喀拉峻大草原-特克斯八卦城 （宿）
day8：特克斯八卦城-巩留（宿）
day9：巩留-库尔德宁草原-新源（宿）
day10：新源走独库公路-途径百里画廊-吐鲁番
day11：吐鲁番-哈密
至此新疆之行结束🔚开始返程
4️⃣返程路线
day12：吐鲁番-张掖-
day13：张掖-七彩丹霞-兰州
day14：兰州
day15：兰州-西安
day16：西安-郑州
day17：郑州-新乡（胖东来）-石家庄（回老家）
day20：石家庄-天津
	
5️⃣花费
包括去之前准备的物资，合计2w
其中过路费2500➕油钱4500➕住宿5000➕吃饭2200
	
字数有限，今天先分享到此，后面会继续分享更多更详细的新疆之行，希望对大家的旅行有所帮助
	
#新疆 #新疆之旅 #新疆旅游攻略 #新疆自驾游 #自驾游路线 #新疆伊犁 #喀拉峻 #自驾游 #我的旅行日记 #旅途中的美景",413,529,33,https://www.xiaohongshu.com/explore/66a0d0e8000000000a024468?xsec_token=ABviq6NnMJvZOTpRx9mrKDWAj0rykDKmaiDiAYcyNjHcA=&xsec_source=pc_search&source=web_explore_feed,https://sns-webpic-qc.xhscdn.com/202502281056/dc73049e14b99c130d0e30cc5b19e139/1040g2sg315knnr1phc705nclsvn08nohocfig1o!nd_dft_wlteh_webp_3,铁锤妹妹小二宝,,
复盘篇｜新疆17天16晚保姆级自驾攻略," 人生清单又完成一个！
心心念念的新疆自驾之旅终于完美结束。
	
 出发前花了半个月时间仔细研究攻略，
回来后又花了半个月时间仔细复盘攻略，
非常认真用心地整理了这个份
【 17天16晚新疆自驾指南 】
	
 对不会/不爱做攻略的p人超友好！
攻略在手，说走就走。（小偿分享）
	
 攻略主要包含七大模块：
【路线行程】详细版（图2是简约版）、
【行李清单】、【穿搭参考】、【景点攻略】、
【住宿推荐】、【租车攻略】、【费用参考】
	
 有需要的宝们可以点击左下角直接~~
--------------------------------------------------
	
日期：9.1-9.17，避开了暑假和国庆旅游高峰，9月初，天气舒适，没有蚊虫困扰；草大部分还绿着，部分泛黄；部分地区已经能看到雪山。完美
	
出行方式：纯自驾（租车）
乌鲁木齐取车，喀什还车，共计里程约4500km
	
路线安排：S曲线，不走回头路，乌鲁木齐开始，喀什结束
具体自驾路线：
DAY1: 北京乌鲁木齐，取车
DAY2: 乌鲁木齐-布尔津
DAY3: 布尔津-禾木
DAY4: 禾木-贾登峪
DAY5: 贾登峪-布尔津
DAY6: 布尔津-赛里木湖-温泉县
DAY7: 温泉县-赛里木湖-特克斯
DAY8: 特克斯-琼库什台
DAY9: 琼库什台一日游
DAY10: 琼库什台-那拉提
DAY11: 那拉提-独库公路-库车
DAY12: 库车-阿克苏
DAY13: 阿克苏-喀什古城西城
DAY14: 喀什-塔县
DAY15: 塔县-盘龙古道-喀什
DAY16: 喀什古城东城一日游，还车
DAY17: 喀什北京
	
住宿：在市区城镇，以快捷酒店为主；景区周边，以特色民宿为主，都还不错。
主打该省省，该花花，多元体验。【 指南 】里有住宿和费用统计明细。
	
吃饭：因为大部分时间在路上开车，所以买干粮零食水果在路上吃比较多，相对会省一点。一个大馕5元，烤包子2-3元。景区里的餐食会贵一点，我们大餐吃得不多
	
整体花销：3万多点， 【 指南 】 里有统计明细。
	
更多分享见主页【新疆自驾之旅】系列~
	
#新疆  #新疆旅游  #新疆旅游攻略  #新疆自驾游  #新疆自驾游攻略  #旅游攻略  #新疆出行必备  #蒲公英优质笔记激励计划2.0   #新疆旅游花费  #自驾游",562,754,75,https://www.xiaohongshu.com/explore/6708b606000000001a020df2?xsec_token=ABIdAHwg-AqJr13N7HEQvbMOozKuXmlJsYoi7TejbQx-4=&xsec_source=pc_search&source=web_explore_feed,,阿芙和老王的人生备忘录,,
新疆适合90%的自驾路线合集推荐,"北疆地区景点
蕞佳时间:
夏季清凉宜人，秋季是中国蕞美的秋景，冬季则雪景壮观
（除了春天其它季节都很美）
可可托海
喀纳斯
禾木
白哈巴
五彩滩
魔鬼城
白沙湖
~
伊犁地区景点
蕞佳时间:
5月中旬-8月底
赛里木湖
夏塔
喀拉峻
那拉提
恰西
库尔德宁
唐布拉
~
南疆地区景点
蕞佳时间:3月底杏花，10月塔里木胡杨林
库车大峡谷
克孜尔千佛洞
温宿大峡谷
喀什古城
香妃园
木吉乡火山
白沙湖
慕士塔格冰川
独库公路
开放时间6-10月
伊昭公路
一年只开放3个月风景更加震撼
#新疆旅游攻略 #新疆  #新疆自驾游 #自驾游路线 #新疆线路推荐  #伊犁环线  #北疆环线  #南北疆环线  #自驾游攻略  #旅行攻略",1142,1282,49,https://www.xiaohongshu.com/explore/66a4ec86000000000600fd75?xsec_token=ABRkj3IO1LbaoB8cpa0B8oioKYzZaZ2D5ZLm93RA1uXVw=&xsec_source=pc_search&source=web_explore_feed,,阿薪的旅行 | 攻略,,
新疆会惩罚每一个不做攻略不提前预约的人！,"🍁秋天的北疆，被《国家地理》评为 “中国醉美的秋天” 可不是徒有虚名。金色的白桦林、仿若梦境的蓝湖和避世村落，美到让人词穷⭕但是没去过的🚫听劝姐妹们！新疆会惩罚不做攻略就去的特种兵！整理了一篇全攻略请查收！
.
✅抵达新疆交通
①✋站建议选乌鲁木齐，全国各地直达的飞机和高铁很便捷。而且乌鲁木齐在新疆的中心位置，去各个目的地都很方便
②也可以直飞抵目的地，比如去喀纳斯等景区可直飞阿勒泰机场，去伊犁可直飞伊宁机场，去南疆则可直飞喀什机场
.
❌【拒绝走马观花，深度游美景】
📍喀纳斯：《国jia地理》认证的 “中国zui美的秋天”，其美景令人心醉神迷
📍禾木：神的自留地，宛如童话中的村落
📍赛里木湖：一年四季都美到词穷🏔
📍天山天池：犹如遗落在凡间的仙境一般
📍魔gui城：绝美的雅丹地貌，历经多年风蚀形成
📍S21 沙漠公路：沿途风景变幻莫测，充满惊喜
.
🍂◎新疆8日游
𝐃𝟏：乌鲁木齐—接机—自由活动
𝐃𝟐：乌市—天山天池—S21沙漠公路—阿勒泰
𝐃𝟑：阿勒泰/布尔津—禾木
𝐃𝟒：禾木—喀纳斯—贾登峪
𝐃𝟓：贾登峪—魔gui城—胡杨河市
𝐃𝟔：胡杨河—赛里木湖（大西洋的醉后一滴眼泪）
𝐃𝟕：赛里木湖—乌鲁木齐
𝐃𝟖：乌鲁木齐—送机--返程回家
.
🍂🎏【出行攻略】：
✅自由行：新疆的景点众多且分散，景点之间距离较远，很多相隔上百公里。建议租车自驾，但是有些地方可能没有信号，要做好心理准备哦
✅跟团游：如果在新疆游玩 8 - 10 天，跟团是个不错的选择。有导游带领游览，吃住行和门票全包，不用担心迷路等问题，省心又省钱，还能体验到很多小众景点
.
⚠️【小❤建议】
✔现在北疆昼夜温差大，旅行记得带上厚外套
✔带好身fen证，随时可能会被查，很很重要！
✔注意做好防晒！新疆的紫外线很强
✔不要为了贪图便宜选择几十人的大巴团，很多好玩的小众景点都去不了，还会把时间浪费在等人上，体验感会很差❗
.
✅可跟团｜可包车｜可定制游
关于新疆旅行的任何问题都可以随时戳我哦
和小跃一起，畅游大美北疆～💖
.
#旅行记忆放映计划 #一键放映旅行记忆 #北疆 #北疆旅行 #北疆旅游 #北疆跟团游 #新疆小团纯玩#小众旅行地#旅途中的美景 #假日citywalk",77,97,15,https://www.xiaohongshu.com/explore/66d6e25c000000001d0171ca?xsec_token=ABkaAi_FPE1o6tSnRwCbOp1Q8oYScSkYB9ovlgwmUcD-k=&xsec_source=pc_search&source=web_explore_feed,https://sns-webpic-qc.xhscdn.com/202502281056/f3e72f118d85cc32c4c6e50d63e0bd38/1040g2sg3179hb9kogq005orj2u97qqgrg9oucn0!nd_dft_wlteh_webp_3,跃动旅行,,
人在新疆 不想报团的姐妹参考这篇,"我们两个女孩子去新疆，不敢自驾，第一时间想到的就是报团，做了很多攻略之后，觉得报团真心不适合我们，赶路时间多，游玩时间少，我们7天年假，本来就没打算玩多少景点，也不想太累，但是跟团每天都要跑不同的地方，真的没有看到让我特别心动的行程，于是选择了自由行
	
现在想来，选择真的是太太太正确了，喜欢的地方想待多久待多久，中途还预留了睡懒觉休整的时间，整个7天玩下来，松弛感拉满，我和小伙伴都觉得，如果有时间，我们还能再玩7天，整个行程不累反而还很兴奋
	
🖼路线参考:
第1️⃣天  伊宁-六星街-住伊宁
第2️⃣天  伊宁-赛里木湖-住伊宁
第3️⃣天  伊宁-伊昭公路-昭苏-住厦塔
第4️⃣天  玩夏塔-住特克斯
第5️⃣天  特克斯-新源-住那拉提
第6️⃣天  那拉提-新源-住伊宁
第7️⃣天  伊宁-批发市场买特产-回家
	
⚠️我想大家最担心的就是交通问题，我想说，真的不用担心，一路走下来，我们都觉得新疆的交通就是一个巨大的联络网，我们全程公共交通＋拼车，所有的票都可以在《新疆客运联网售票》GZH上面买到，第一天去赛湖，客运站工作人员就会把当天所有乘公共交通去赛湖的旅客建一个群，群里100多号人，我们每天都在群里各种拼车，发不同地方的实时路况和美景，哪里美去哪里，非常棒，即使没在群里也没关系，你可以主动询问公车师傅，你想去哪里他都可以帮你联系，联系好了师傅会主动给你打电话，而且都是送到目的地后才收💰。实在不行，你就联系民宿老板，让他帮你约，我们每坐一班车，就会让当下这个司机师傅帮我们把下一个行程的师傅联系上，玩完了师傅就在景区门口等，很方便，一点不麻烦。
	
Tips✅
这次出门带的东西也是刚刚好
3条裙子＋2条裤子
一双运动鞋＋一双洞洞鞋
两个防晒帽＋墨镜
1件冲锋衣＋2件防晒衣
防晒霜＋芦荟胶＋修复面膜
花露水＋蒸汽眼罩＋充电宝
齐活儿～🩷
一点不多余，每样都用到了
	
总结:
新疆确实太美了，路上美，景点也美，这次来了才发现，原来电脑桌面是真实存在的，而且比桌面更美，好喜欢塞湖，好喜欢厦塔，伊昭公路一定要去，美已经说腻了，反正下次，我还来
	
#小众旅行地 #那拉提 #夏塔 #乌孙古道 #旅行推荐官 #一起享受大自然的美 #我的旅行日记 #无滤镜旅行攻略",2560,3403,164,https://www.xiaohongshu.com/explore/66bac4bb000000001e0198e8?xsec_token=ABEnTm7QaC0ejFVQ91DzmWqiANynBjWFeB4lj1zapX4tg=&xsec_source=pc_search&source=web_explore_feed,https://sns-webpic-qc.xhscdn.com/202502281056/c43210984ce06f47e75446e823be3ba4/1040g008316e2npppgo605ndmurm093nckeoqhco!nd_dft_wlteh_webp_3,花游渝,,
📍新疆 没做好攻略的一定不要冲动,"✈️机票：¥3762
在携程买的，出发时间5.11，新疆旅行旺季在6月
	
🚗租车：¥2061
在携程预订的坦克300，预约到达第二天送车到酒店，返程当天还车，总共用车时间是8天6小时，租金+保险费用共2061元
	
🎈租无人机：¥496
在小红书上提前联系的机场周围的一家大疆无人机租赁，租了8天，62元/天，押金六千，第一次接触无人机，就很担心玩不好，或者不会玩给搞炸机，租的时候老板详细讲了一下怎么用（建议小白可以直接现场录视频）
	
🏠住宿：¥2409
平均每晚三百左右，市区首选全季，景区就民宿，在那拉提三百多体验了旺季一千多一晚的民宿
	
⛽️油费：¥2530
全程总共加6次油，最后满油还车，油价基本在7.9-8.3之间吧，租车的要求要加95的油，所以也会稍贵一点
注意：在新疆加油，进加油站和加油时都要刷身份证
	
🎫景区门票+项目：¥1380
恰西：自驾票30元/人
喀拉峻：自驾票原来是160元/人，修路期间几个路线不能走，100元/人
赛里木湖：自驾票48小时，190元/人
木特塔尔沙漠：门票10元/人，体验沙滩摩托：160元
那拉提：自驾票200元/人，骑马80元/小时/人
其他景点基本都是路过看下免门票
	
🥣吃食开销：¥1800
平均一天一次正餐，一百左右，其他路上随便吃点，每天出发前会买点水果，水，零食，平均每天200
	
🎁特产：¥400
主要买了各类葡萄干和奶制品，小红书攻略都推荐正飞鲜奶，碰巧找到了一家干果超市旁边就是正飞，直接在这两家买齐啦（找不到的可以搜：小付水果干果超市），买特产前还特意去当地的超市对比了价格，还是外面的干果店更划算
	
🧳寄行李：¥116
回程春秋航空没有免费行李额，单独买有点贵到不甘心，所以就寄了京东大件，两个行李箱差不多30公斤，116元
	
📝出行准备：预估7000左右
买衣服+帽子+各种一次性日用+自拍杆等，还斥巨资搞了一个可以一镜走天下的镜头（3500元左右）；
不过这一项属于一次投资，多次享用，毕竟即使不出去玩也要买好看的衣服的
	
#新疆 #攻略 #旅行 #自驾游",160,235,43,https://www.xiaohongshu.com/explore/666ec2bd000000000d00d7b8?xsec_token=ABh7GpzPiHaLyjMXQjtmCXMWFunrrR-1TpQGDLbxs7axw=&xsec_source=pc_search&source=web_explore_feed,https://sns-webpic-qc.xhscdn.com/202502281056/dcbf753a429c80cc2b6a674575a6e9b6/1040g2sg3146fbhnpic105omc8mgjht2js2m1qj0!nd_dft_wlteh_webp_3,杏子不酸呀,,
📍新疆攻略1⃣️北疆伊犁自驾8日游•规划篇,"家人们好久不见✨五一去了新疆刚回来❗️不做攻略的宝子 千万不要直接去新疆‼️这将会是一系列特辑🤗北疆环线篇、伊犁环线篇、南疆环线篇、新疆美食篇、自驾交通篇、草原篇、拍照篇、踩雷篇💣呕心沥血整理😭家人们来新疆旅游快马住🐎 👌
	
🦋Day1 上海虹桥✈️乌鲁木齐 坐左边靠窗，天山就在你身旁❗️晚上19点落地→租车🚗→入住酒店→和田二街吃新疆美食 烤宝子 酸奶粽子 烤肉等等
	
🦋Day2 新疆博物馆→午饭（听了司机师傅去吃马友鱼 避雷 很普！）→ 东市场买干果（便宜优质）→🚗6h→穿越沙漠S21公路🏜️→途径海上魔贵城 乌伦古湖（时间不够了我们没进入）→有一段公路不好开 限速60，甚至会有jc 蜀黍开路→住宿布尔津县城 民宿
	
🦋Day3 布尔津 吃早餐（俄式打包，吃过油肉拌面）→🚗3h→沿途的风景甚至比禾木村还要美！五一前可以开车去村里，五一后就只能停🅿️了。禾木看日落，看日出，看晨雾，看可爱的牛马，好不真实→住小木屋（我们住在老村民宿，爬日出点30分钟
	
🦋Day4 禾木看完晨雾日出→🚗1.5h→布尔津吃午饭→🚗1.5h→喀纳斯 赏喀纳斯湖，看三湾（月亮湾 卧龙湾）→住在喀纳斯小木屋
	
🦋Day5 喀纳斯→🚗6h→途径乌尔禾魔贵城（我们去了不花💰也能看雅丹地貌的宝藏地）→🚗1h住宿克拉玛依市
	
🦋Day6 克拉玛依→🚗5h→赛里木湖 自驾环游，东门进 南门出❗️尊嘟一年四季都绝美，雪山🏔️湖泊 草原 小花 晚霞落日💙 i了i了→ 🚗2h→住宿伊宁五星级酒店 高性价比，吃手抓羊夜宵 美滋滋
	
🦋Day7 伊宁六星街 快速逛（玛卡龙墙 异域风情）→🚗2h→赛里木湖（24小时无限次数进出）实在太美了，我们又去了一次！环湖100公里，差不多2小时停停拍拍照→🚗2h到精河吃晚饭→🚗1.5h入住奎屯
	
🦋 Day8 奎屯→🚗3h→乌鲁木齐还车→✈️上海
	
🔆想分享的太多太多了！这是第1⃣️篇，北疆伊犁小环线篇，后续敬请期待！6月份独库公路快开了！草原也快绿了！但是到了旺季，如何避开人流？怎么吃当地美食～下一篇见💙
	
🔅宝子们👇🏻交流#新疆旅游攻略 #新疆伊犁 #北疆喀纳斯禾木 #禾木 #赛里木湖 #布尔津 #喀纳斯 #新疆自驾游 #那拉提",3880,4895,530,https://www.xiaohongshu.com/explore/6638daf0000000001e019329?xsec_token=ABdXe2dstjB1AACbmzZ2ZPh1gJ1TVVzurbKVICEDF9cvM=&xsec_source=pc_search&source=web_explore_feed,https://sns-webpic-qc.xhscdn.com/202502281056/9b7f4fdd17d02893fa219bf8ffe6148d/1040g2sg312f6v0oom2004bpsrium38b4v78p580!nd_dft_wlteh_webp_3,沪漂的小眼白兔,,
新疆8天7晚保姆级自驾攻略，小偿分享！！,"今年打算再玩儿一趟北疆～
因为关乎到朋友们的游玩体验
真的很认真的很用心做的攻略！
结合了朋友去年的经验+红书友友们们的推荐 +高德地图！
对不爱做攻略的p人超友好！
.
🗺️整体自驾路线：
【杭州】-【乌鲁木齐】-【s101百里丹霞】-【奎屯】-【赛里木湖】-【果子沟】-【伊宁】-【夏塔】-【昭苏】-【琼库什台】-【特克斯】-【音塔勒村】-【坎苏村】-【独库公路】-【杭州】
.
✒️攻略主要分四大板块：「行李清单」「行程概览」「行程细节」「风景图集」
.
图上放不下完整版，只是部分截图
有想去的宝宝可以点左下角直接🛒～～
#新疆  #新疆旅游  #新疆旅游攻略  #旅游  #新疆之旅  #旅游攻略  #假期去哪玩  #新疆出行必备  #总要去一趟新疆吧  #大美新疆  #乌鲁木齐  #新疆自驾游攻略   #赛里木湖攻略   #新疆自驾",1964,2433,387,https://www.xiaohongshu.com/explore/664d99770000000005007ae9?xsec_token=AB2e9P8E6_h-g8OGjazgQ_PNeu1jN4GiaWx5wH9xRgO4w=&xsec_source=pc_search&source=web_explore_feed,,吕豆豆DD,,
全程公共交通！超抠门情侣的伊犁8日游攻略,"距离美好的伊犁旅行已经过去一整个月啦刚工作的打工人既缺假期又缺钱钱，跟姐妹们分享一下我们性价比超高玩的超开心的伊犁攻略！
DAY1下班直奔大兴机场，✈️乌鲁木齐
DAY2自治区博物馆看干尸、和田二街干饭、大巴扎浅逛，坐绿皮高铁🚅到伊宁
DAY3那拉提一日往返（空中草原）
DAY4赛里木湖一日往返
DAY5库尔德宁一日往返
DAY6伊宁市区浅逛，🚌坐大巴到特克斯，逛八卦城
DAY7特克斯打车🚖琼库什台，骑马🐎上后山
DAY8搭车🚗回特克斯，大巴🚌回伊宁
DAY9绿皮高铁🚅回乌鲁木齐，极限操作再次去和田二街干饭，晚上✈️回京～
总结一下：1️⃣以伊宁为中心每日往返，省去了拖箱子赶车的烦恼；2️⃣去到主要景区和城市的大交通都在“伊犁州汽车客运总站”查发车时间和买票；3️⃣很多民宿老板都可以帮忙拼车，我们往返琼库什台和伊宁市区的交通都是民宿老板帮忙解决的（我们住的几家民宿都性价比超高老板也超级好！！在伊犁旅游强烈安利住民宿）
#伊犁 #伊犁旅游 #新疆旅游 #琼库什台 #赛里木湖 #那拉提 #库尔德宁",1826,2485,215,https://www.xiaohongshu.com/explore/6694eac200000000250150b1?xsec_token=ABm9sa7yUMowO90GKRx2nGFQgeiZLsV12Q9DJ3hxhcgGg=&xsec_source=pc_search&source=web_explore_feed,https://sns-webpic-qc.xhscdn.com/202502281056/71fead1784d08a55ab58ca0ca059265b/1040g00831593so6phe00494ubssrl9ga1a1t80o!nd_dft_wgth_webp_3,张鸭啾,,
刚从新疆回来知道的30件事㊙️快来抄作业?,"这两年新疆旅游真的太火爆了🔥有些小伙伴可能都去过四、五次了，但还有些朋友还没去过！今天这篇攻略就是给还没去过的小伙伴们准备的💯包含防坑避雷建议、新疆交通、玩法、住宿等方方面面，也非常欢迎去过的小伙伴留下自己的旅游心得👇🏻👇🏻👇🏻
-
图片内容导航👉
图1️⃣-图4️⃣：新疆旅游30个小建议
图5️⃣-图6️⃣：新疆50多个精华景点
图7️⃣：新疆交通+玩法攻略
图8️⃣：新疆旅游住宿攻略
-
✅行前须知
1️⃣、身份证随身携带，新疆的安检比较严格。
2️⃣、建议提前一个月左右订机票，多关注机票打折情况，能买到特价机票是最好的。
3️⃣、新疆昼夜温差大，出发去新疆前多注意，尤其是带衣物方面，一定要考虑周到!
.
✅行前准备
🎈证件类：身份证、学生证、驾驶证、银行卡、现金等
🎈电子类：充电器、充电宝、相机、耳机、自拍杆等
🎈护肤品：补水用品、防晒霜、洗面奶、洗漱用品等
🎈衣物：保暖衣、羽绒服、帽子、围巾、手套等（出发前查询天气、根据情况带衣物）
其他用品：口罩、保温杯、暖宝宝、U型枕、墨镜、高热量零食、晕车贴、葡萄糖、肠胃药等
-
💯近期经典路线
1️⃣北疆赏雪5日
DAY1：阿勒泰-偶遇火狐狸-白哈巴-喀纳斯
DAY2：喀纳斯湖-雪蘑菇-喀纳斯三湾-喀纳斯
DAY3：喀纳斯-禾木桥-自由活动-禾木
DAY4：禾木自由活动（滑雪/马拉爬犁/雪地摩托）-禾木
DAY5： 禾木观景台日出-阿勒泰
.
2️⃣南疆帕米尔杏花6日
DAY1： 全国各地-喀什集合-办理边防证-自由活动
DAY2： 喀什-红山谷-白沙湖- -十八罗汉峰（远观）-塔合曼湿地-宿塔县
DAY3： 塔县-盘龙古道-下坂地水库（班迪尔蓝湖）- 库克西鲁克-宿塔儿乡
DAY4： 塔儿乡-幸福5号桥-大同乡杏花村-宿塔县
DAY5： 塔县-瓦罕走廊-喀拉库里湖-宿当地老乡家里
DAY6： 木吉乡-喀什古城-喀什散团
⚠️⚠️⚠️新疆旅游比较省心、省钱的方式就是报个靠谱的纯玩团，门票、交通、住宿都能帮你解决。‼️但最好是找个2-4人左右的小团，行程会更自由，品质也高。一般情况下5、6天就是2k-3k左右，性价比高。😆当然啦，不差钱或者3、4个人一起出行的就可以包车，想怎么玩就怎么玩！
想要品质小团的朋友可以私信媛媛❤️
图片来源@小小 一起共创使用，别误判#旅游不踩坑 #南方人去北方旅游 #避开人流的旅游地",1203,1882,244,https://www.xiaohongshu.com/explore/67a83a61000000001801bec9?xsec_token=ABXjKjMT2IoFj1Pi0MV9ckNswMX0baOPtr6_zHW9twY5I=&xsec_source=pc_search&source=web_explore_feed,,媛媛在新疆,,
5天💰1200玩好新疆，详细攻略附费用,"🎈D1 乌鲁木齐city walk
行程：乌鲁木齐站寄存行李➡️博物馆 or 美术馆➡️和田二街吃吃喝喝➡️金泉商城买买➡️大巴扎逛逛➡️返回乌鲁木齐站坐5801次22:29→06:45 博乐站
💰total  200
寄存15，市内交通20（部分公交，部分A打车），吃喝50，火车115
⚠️Tips：1⃣️ 晚上提前进站，去二楼充电区把手机和充电宝充满电2⃣️ 二楼进站区行李寄存更便宜
	
🎈D2 必去的赛里木湖
行程：博乐下车后，在洗手间洗漱/换衣服/接水(洗手间很干净)➡️ 等车天气好可以看日出➡️大巴直达赛里木湖➡️游玩➡️大巴到伊宁
💰330
交通90：博乐→赛里木湖30，赛里木湖→伊宁客运站49，伊宁客运站→青旅11
游玩：赛里木湖门票+区间车 130
住宿青旅60，吃喝A 50
⚠️Tips： 赛里木湖建议早点出来，加班车最晚7点半
	
🎈D3 伊宁闲逛，体力恢复
行程：睡到自然醒➡️六星街➡️喀赞其➡️伊犁河日落
💰 180
吃喝A 100，住宿青旅60，室内打车A20
⚠️Tips：伊宁市挺小的，闲逛很舒服，今天主打恢复体力，养精蓄锐
	
🎈D4 to夏塔（私心最喜欢的part）
行程：伊宁大巴到昭苏➡️昭苏拼车夏塔➡️夏塔村入住游玩（值得留几小时给这个雪山下的村落）
💰 178
大巴48➕25，住宿A 70，吃喝35
⚠️ Tips：想入住当地村民家的，可以不着急网上定住宿，我是到了村以后溜达着找的一家蓝色房子，主人给我们腾出了他们一间房，非常漂亮，窗外是种的花，远处能看到山，非常值得。另外，这个村子的房子也很漂亮，当地小孩也多可以一起玩，不赶时间的可以在这里溜达溜达
	
🎈D5 夏塔➕伊昭公路
行程：上午景区游玩➡️下午拼车回伊宁入住
💰300
门票80，拼车110（夏塔到昭苏25，昭苏到伊宁85），住宿青旅60，吃喝50
⚠️Tips：1⃣️赶早进景区（8点半区间车开，建议8点到门口）2⃣️早晚温差大，建议带抓绒衣服3⃣️ 为了早点回伊宁，建议1点就出到景区门口4⃣️回程要自己拼车，建议多留司机的电话，他们内部会沟通帮你找车5⃣️到了伊昭的车，跟司机沟通走伊昭公路回伊宁，非常漂亮，特别是野狼谷段
	
#新疆旅游攻略 #伊宁 #伊犁旅游 #夏塔 #乌鲁木齐 #赛里木湖",1497,1480,103,https://www.xiaohongshu.com/explore/66b6dc3f00000000050203d0?xsec_token=AB8i8HGJ85y-XlF2T6eax9NoN19rGZON7OtMYhU5qnK40=&xsec_source=pc_search&source=web_explore_feed,https://sns-webpic-qc.xhscdn.com/202502281057/b701860ee750b9d5da9b1516a88d7574/1040g2sg316a8q4jliod05o6hkvo0bvakdjonjno!nd_dft_wlteh_webp_3,HISHUISHUI,,
男朋友做的新疆旅游攻略,"分享一份超贴心的男朋友制作的新疆旅游地图攻略，计划去新疆旅游的小伙伴们，赶紧收藏起来吧！这份攻略看完，新疆之旅就搞定啦~
北疆8天大环线
🌸第一天：接机至乌鲁木齐
🌸第二天：乌鲁木齐出发，前往乌伦古湖，再抵达布尔津（约545km，6小时车程）
🌸第三天：布尔津出发，游览喀纳斯，再前往禾木（约230km，3小时车程）
🌸第四天：禾木出发，探访魔鬼城，最后到达克拉玛依（约468km，6小时车程）
🌸第五天：克拉玛依出发，前往赛里木湖，再抵达伊宁（约570km，6.5小时车程）
🌸第六天：伊宁出发，游览恰西森林公园草原，再前往博乐（约580km，6小时车程）
🌸第七天：博乐出发，探访独山子大峡谷，再返回乌鲁木齐（约560km，7小时车程）
🌸第八天：乌鲁木齐送机
伊犁8天大环线
🌸第一天：接机至乌鲁木齐
🌸第二天：乌鲁木齐出发，前往赛里木湖、果子沟，再抵达伊宁
🌸第三天：伊宁出发，游览喀拉峻草原，再前往特克斯
🌸第四天：特克斯出发，探访昭苏湿地公园、夏塔，再返回特克斯
🌸第五天：特克斯出发，游览恰西森林公园，再前往那拉提空中草原
🌸第六天：那拉提出发，探访唐布拉、喀赞其六星街，再返回伊宁市
🌸第七天：伊宁出发，探访独山子大峡谷，再返回乌鲁木齐
🌸第八天：乌鲁木齐送机
新疆美食推荐
🌸大盘鸡：找当地人带去小巷子里的才正宗，提前预约现炖的味道更攒劲。
🌸辣子鸡：认准“柴窝铺”字样，与川式不同，用安集海线辣椒小火炒制。
🌸狗鱼（乔尔泰）：阿勒泰地区的冷水鱼，清蒸红烧皆美味，夜市烤鱼也鲜美。
🌸架子肉：大块烤肉挂架烤制，提前腌制，肉鲜紧实香气扑鼻。
🌸烤包子：推荐圆形酥皮，不建议买街边扁方形。
🌸椒麻鸡：现点现撕，搭配脆甜的皮牙子（洋葱）和千页豆腐。
🌸抓饭：早晨现焖，米饭粒粒分明，羊肉铺满，小菜米饭可续。
🌸酸奶粽子：米粽搭配果酱和稠酸奶，美味独特。
🌸包尔萨克：哈萨克族美味早餐，炸得蓬蓬的小油饼，香酥可口。#新疆旅游 #新疆旅游攻略",602,811,13,https://www.xiaohongshu.com/explore/679b3cc10000000018018e08?xsec_token=ABWRJjrBkYpOOFhbddUuMRqEEPbqsKjgQp0WzdvHqctxw=&xsec_source=pc_search&source=web_explore_feed,,琉璃梦,,
新疆自驾游人均2000➕💰完整版攻略(附文字,"终于给大家整理好啦！！
#新疆旅游攻略 #新疆旅游 #新疆伊犁 #新疆 #伊犁 #新疆之旅 #新疆美食 #独库公路 #伊昭公路 #旅行随地大小拍",5687,5269,361,https://www.xiaohongshu.com/explore/667e998d000000001c020bbb?xsec_token=ABiLyGYMsVbPrY5Y7bibarEazUWaKzuuUgFaVu3gqtZDo=&xsec_source=pc_search&source=web_explore_feed,,小羊小杨,,
3-5月新疆大环线💫8天7晚全新攻略💯,"3-5月计划来新疆玩的姐妹们👭，赶紧收藏好这篇懒人版攻略吧‼第一次来新疆，推荐走这条8天7晚的经典行程，将新疆的精华景点一网打尽，还不走回头路！返程还有时间在乌鲁木齐逛逛！✅喀纳斯+禾木村+赛里木湖+那拉提草原+独库公路，森林湖泊、草原花海、壮美公路都能看到！
.
✅新疆旅游出行方式：
🚗自驾：自驾新疆能自由欣赏沿途美景，但部分路段路况复杂，对驾驶技术和体力要求高，不建议新手尝试！
🚙包车：很多人的首选，有本地老司机带路，不仅能节省时间，还能带你探索小众宝藏地，轻松又自在！
👉报团游：适合首次来新疆的小伙伴，一价全包，全程不用操心，跟着玩就行，省心省力！
.
📍新疆景点推荐
✅乌鲁木齐：国际大巴扎、新疆博物馆、红山公园、水磨沟公园等
✅乌鲁木齐周边：天山天池、吐鲁番葡萄沟、火焰山、库木塔格沙漠等
✅北疆：喀纳斯湖、禾木村、白哈巴村、赛里木湖、那拉提草原、霍城薰衣草庄园等
✅南疆：喀什古城、塔什库尔干石头城、盘龙古道、和田古城等
.
✅新疆旅游指南
1️⃣ 昼夜温差大，一定要带厚外套，别只要风度不要温度！
2️⃣ 部分景区信号差，提前下载好离线地图，关键时刻不迷路！
3️⃣ 自驾独库公路要注意，限时开放，且对车辆有一定要求，出发前提前了解。
4️⃣ 尊重当地的宗教信仰和风俗习惯，尤其是在少数民族聚居区。
5️⃣ 防晒工作要做好，新疆的紫外线很强，墨镜、防晒霜、遮阳帽统统安排上！
.
🌈8天路线参考
Day1：乌鲁木齐-赛里木湖-果子沟大桥-清水河
Day2：清水河-霍城薰衣草庄园-伊昭公路-喀赞其民俗村-伊宁
Day3：伊宁-那拉提草原-那拉提镇
Day4：那拉提镇-独库公路-乔尔玛-唐布拉草原-尼勒克
Day5：尼勒克-巩乃斯国家森林公园-巴音布鲁克草原-巴音镇
Day6：巴音镇-库车大峡谷-库车
Day7：库车-温宿大峡谷-阿克苏
Day8：阿克苏-乌鲁木齐
.
✅ 小tips:第一次来不知道怎么玩的宝宝 建议报个靠谱的当地团 像上面的行程全程自由 有接送车辆 十分方便 省心省钱 尽情玩 精华景点都玩到
.
了解更多的宝们，可以👉戳我
#新疆 #新疆旅游 #新疆旅游攻略 #新疆小团推荐 #新疆跟团游 #新疆大环线 #新疆美景 #新疆攻略 #新疆旅行 #新疆小团",18,24,评论,https://www.xiaohongshu.com/explore/67bc6c95000000000602b4f1?xsec_token=ABa24pGds3urSNzETqnEqRYTUc1TbbeB6AqBQZ9XeB0PM=&xsec_source=pc_search&source=web_explore_feed,,媛媛在新疆,,
新疆什么时候去？看这篇就够了！,"新疆地域辽阔，很多景点都是季节性的，比如草原、野花、胡杨林、杏花、桃花等，只有在对的时间去对的地方，才能看到对的景点，不然可能就是“千里送门票”的结果。
根据地域、气候、景色等特点，新疆可以划分为四大区域：
🟦北疆
推荐旅游时间：9—10月
推荐游玩景点：可可托海、喀纳斯、禾木、布尔津五彩滩、乌尔禾魔鬼城等
🟩西疆
推荐旅游时间：6—8月
推荐游玩景点：独库公路、伊昭公路，以及赛里木湖、夏塔草原、喀拉峻草原、那拉提、巴音布鲁克等
🟧东疆
推荐旅游时间：3—5月
推荐游玩景点：吐鲁番周边，巴里坤草原、库木塔格沙漠、托克逊县杏花村、东天山等
🟨南疆
推荐旅游时间：4—12月
推荐游玩景点：阿克苏、喀什、和田，以及整个塔克拉玛干沙漠地域
建议朋友们出行带上这款《新疆自驾攻略图》，正面包含了新疆全境旅游线路，涵盖超多景点路线，背面还有经典景区旅游攻略，绝对是你自驾出行的好帮手💃🏻
#新疆  #新疆旅游  #自驾新疆  #旅游地图  #自驾攻略  #旅游攻略  #秋天  #自驾游  #自驾",104,152,10,https://www.xiaohongshu.com/explore/67077d48000000001902efa3?xsec_token=AB1t5BMq9Gr9CEsMy2edHpytFj7ipUCwM0L7wcs52LR40=&xsec_source=pc_search&source=web_explore_feed,,图上智游,,
天津到新疆自驾游,"🚗 天津-新疆 | 15天自驾游 | 3人 | 3万预算
🌟 大西北狂野之旅，吃住玩全攻略！
📍行程规划（避坑+推荐）
🔹 D1-2：天津➡️张掖（2000km，高速费+油费约1500元）
🏜️ 七彩丹霞，打卡最美日落！住张掖（住宿200元/晚）
🔹 D3-4：张掖➡️敦煌（600km，油费+高速500元）
🏮 莫高窟+鸣沙山月牙泉，建议夜游沙漠！住敦煌（300元/晚）
🔹 D5-6：敦煌➡️吐鲁番（1200km，高速费+油费1500元）
🔥 火焰山+坎儿井，体验西域风情！住吐鲁番（300元/晚）
🔹 D7-9：吐鲁番➡️乌鲁木齐➡️天山天池（200km，油费+门票500元）
🏔️ 天山天池必去！乌市吃大盘鸡、烤羊肉串！住乌鲁木齐（400元/晚）
🔹 D10-12：乌鲁木齐➡️喀纳斯（重点！）（900km，高速费+油费2000元）
📷 喀纳斯湖+禾木村，秋天太美了！住禾木（民宿500元/晚）
🔹 D13-15：返程（喀纳斯➡️天津）（3000km，油费+高速5000元）
🚗 途经哈密、嘉峪关，建议分段休息！
💰 费用总览（3人合计）
🔸 油费+高速费：1.2万
🔸 住宿（均价300元/晚/间）：5000元
🔸 吃饭（人均100元/天）：4500元
🔸 门票+娱乐：4000元
🔸 其他（零食、特产）：3000元
✅ 总预算：3万内搞定，放心冲！
🍽 美食推荐（别错过！）
🔥 张掖：牛肉小饭、炒拨拉
🔥 敦煌：驴肉黄面、羊肉焖饼
🔥 吐鲁番：烤全羊、哈密瓜
🔥 乌鲁木齐：大盘鸡、烤包子
🔥 喀纳斯：图瓦人手抓肉
📌 自驾TIPS（重要！）
✔️ 提前检查车辆，带备用轮胎、机油
✔️ 新疆限速严格，一定按规定开车！
✔️ 昼夜温差大，带厚衣服
✔️ 信号差，备离线地图，沿途有些地方没信号
💥 狂野西北+人间仙境，15天爽到炸！赶紧约上兄弟冲！",8,12,3,https://www.xiaohongshu.com/explore/67a59234000000001902c838?xsec_token=ABjm2TazVu885kDADUYcTR5_VoxWNFEzQx_fZYovQ6018=&xsec_source=pc_search&source=web_explore_feed,https://sns-webpic-qc.xhscdn.com/202502281057/288531c081502357856bbc89ea474575/1040g2sg31djcat8q0k705n9ff1ek77oepppfm9g!nd_dft_wlteh_webp_3,强😊者,,
456月新疆真的不能从乌鲁木齐出发，从伊犁,"🔸先说原因
由于乌鲁木齐距离伊犁的景点都太远了，如果第一天想去赛里木湖，那么你在车上的时间将会达到8-9个小时，我们从伊宁出发只要两个小时感觉玩赛里木湖时间都不太够，记住你是来旅游的，不是来体验坐车的，如果喜欢坐车，我更建议你夏天去喀纳斯🐶，所以在独库公路没开之前我都不建议从乌鲁木齐出发（虽然独库公路开了我也不建议）再加上如果是乌鲁木齐出发，那么你还得回到乌鲁木齐，这样算的话你会浪费两天时间。
🔸解决办法
1.转机，有条件的小伙伴首选办法就是转机，乌鲁木齐转伊宁，只需要两个小时就能到达，而且伊宁机场距离市区非常近，十多分钟就能到，选一个酒店晚上就可以去六星街，卡其赞当个大冤种。
2.火车或者动车，如果条件不满足的小伙伴那么就选择第二个办法，火车或者动车，其实我更建议火车，火车每天晚上都有两班，晚上乌鲁木齐出发，第二天一早就能到伊宁。而且到达乌鲁木齐这天早的话还可以逛逛新疆博物馆，去看看楼兰美女。
	
🔸完整攻略如下（没有直飞伊宁的情况下）
1.家-飞-乌鲁木齐-飞-伊宁-六星街-卡其赞
2.家-飞-乌鲁木齐-新疆博物馆-火车（过夜）-伊宁
3.家-飞-乌鲁木齐-动车-伊宁-六星街-卡其赞
	
🔸注意事项
乌鲁木齐机场有无限次排班车，直达火车站25/人，乌鲁木齐机场距离市区不近，市区堵车，要预留充足时间，六星街卡其赞适合顺路游玩，专程去，没必要，#新疆 #新疆旅游 #伊犁 #伊犁旅游 #赛里木湖 #夏塔 #恰西 #那拉提 #库尔德宁 #琼库什台",93,139,29,https://www.xiaohongshu.com/explore/67b9b077000000002903e2a5?xsec_token=AB3R2bfnTm5tcyNoKuEe1u-wO17svojDI9ty699NsgVMU=&xsec_source=pc_search&source=web_explore_feed,https://sns-webpic-qc.xhscdn.com/202502281057/9138d2ecea7861595a96c4b5727f6da5/1040g00831e7113lq0c005nbdad0g86smske6an0!nd_dft_wlteh_webp_3,唐拾久,,
不想跟团，不会开车的新疆自由行真实经历,"这段行程是去年六月初的，从落地到离开一共14天
	
现在赛里木湖的景区车改规则了，不用跟车走，可以在你想玩的站点多玩会，等下一趟景区车也可以（20分钟一趟），坐景区车的体验会比我去的时候好很多！
	
⚠️我出发前没做计划，玩一天才想第二天去哪，玩到沙漠才想起要不去一下喀什，所以走了部分重复的路，大家可以直接从伊宁飞喀什，这样比较节约时间（伊宁到喀什有飞机没有火车）
⚠️还是有很多行程不是最优解，大家参考就好！不用照搬，可以打开地图，看看你们想去的几个地方距离多少，开车导航看看要多长时间，自己评估一下比较好～
	
💰💰好多人问我花费多少，这个我没细算过🥹，就我个人来说，只算交通（飞机火车汽车）加上住宿（两个人人均按150一天算）半个月5000的样子，我觉得参考意义不大，因为每个地区飞过去的机票价格差异挺大的，吃住的话每个人的标准也不一样，百来块到上千的酒店新疆都有，你们根据自己的生活标准算一下一晚多少✖️出行天数就行了，吃饭我一般一天两餐，白天在景区或者在路上我就没怎么吃了，所以吃饭没花多少钱。新疆省内的交通倒是可以参考一下，火车票我都放在最后一张图，根据你们想去的地点计算一下就行了，大巴车都在50块以内，景区门票我放在置顶了
	
ps.上一篇辛苦编辑的笔记被官方判为营销，申诉了一周也没有通过，我的笔记中没有推荐任何产品，没有收一分钱，没有抄袭，全是我的真实经历（车票已放在笔记最后一张图），图中所有图片都是我自己拍摄的，希望官方看仔细，如果有任何问题请在我笔记中指出。
	
pps.酒店的分享发了一篇新的笔记，想看的可以移步主页～
	
#新疆自由行 #新疆公共交通 #新疆旅游攻略 #新疆旅行攻略",1.7万,2.7万,2027,https://www.xiaohongshu.com/explore/65e15b790000000003031ef1?xsec_token=ABOatvXSnTkV_JoNzHFgT3aveuMv53T7DJsPnPma4LqI4=&xsec_source=pc_search&source=web_explore_feed,https://sns-webpic-qc.xhscdn.com/202502281058/ae0f14b3173a9d198eb3c9ef346e6a23/1040g00830vpol3cvm0004a36cs8rroeeqfjm1e8!nd_dft_wlteh_webp_3,辣味瓜瓜,,
3-4月去新疆旅游的姐妹听劝🙏拜托,"3-4月去新疆旅游的姐妹
没做攻略的宝子劝你别来新疆，不然坑一个接一个，这是我熬夜总结了实用旅游经验，希望大家别和我一样踩坑
.
✅新疆交通方式
1⃣自驾：新疆的冬天，天冷路滑，没有经验的，不建议自驾
2⃣包车：非常自由的方式，行程完全自己掌控，比自驾价格低一点点，也更省心，3、4个人左右就比较推荐了
3⃣拼车：4-6人纯玩小团比较多，基本都是同龄人，玩得比较自由，花费比包车低~
🔸尽量不要选择大团，不能随走随停，而且是购物团的概率也不低!
.
📆新疆3月穿衣指南
🔹1、一次性洗漱以及穿衣用品
🔹2、外套：三合一冲锋衣(颜色越亮越出片)、羽绒服、黑色风衣(很出片)
🔹3、内搭：加绒保暖衣、修身一点的毛衣(黑色百搭)
🔹4、裤子：防风的冲锋裤，黑色的更百搭，裤子没有加绒的话建议带保暖裤穿里面
🔹5、加绒加厚雪地靴、围巾、手套，帽子
.
✅3-4月推荐景点
📍赛里木湖：蓝冰季的尾巴，晶莹剔透的蓝冰在阳光下闪闪发光，美到窒息！
📍喀纳斯：雪后的喀纳斯宛如童话世界，三湾（月亮湾、卧龙湾、神仙湾）银装素裹，美不胜收。
📍禾木：图瓦人的村落，清晨的雾凇如梦似幻，感受原始村落的宁静与祥和。
📍乌伦古湖：3-4月还能看到壮观的冰裂奇观，感受大自然的鬼斧神工。
📍魔鬼城：感受大自然的鬼斧神工，在风的雕琢下，呈现出奇特的雅丹地貌。
.
✅新疆春天路线
📌DAY1:出发地-伊宁市接机入住
📌DAY2:伊宁市-夏塔古道-八卦城-特克斯
📌DAY3:特克斯-恰甫其海-恰西森林公园-新源/那拉提
📌DAY3:特克斯-吐尔根杏花沟-新源/那拉提
📌DAY4:新源/那拉提-那拉提空中草原-喀赞其民俗街-伊宁
📌DAY5:伊宁-赛里木湖环湖-果子沟大桥-多巴胺六星街-伊宁
📌DAY6:伊宁--送机
#旅途中的美景 #新疆 #新疆旅游 #新疆旅游团 #新疆旅游攻略 #赛里木湖 #赛里木湖攻略 #伊犁#春天去哪玩",6,20,3,https://www.xiaohongshu.com/explore/67bc057c000000001203d9a7?xsec_token=ABa24pGds3urSNzETqnEqRYWxZvA2YiarODI4LAJsob8k=&xsec_source=pc_search&source=web_explore_feed,https://sns-webpic-qc.xhscdn.com/202502281058/9d31a2b50763087278f7e334d135d250/1040g00831e99q9kr0e605psf0e422gdkad5jvho!nd_dft_wlteh_webp_3,新疆阿娟,,
乌鲁木齐一人游攻略,"先说结论：1.飞机：进疆选A，出疆选K 2.住宿个人觉得选大西桥附近，离大巴扎，红山公园，红山干果市场，南航明珠酒店都很近（如果有一日跟团游的话，送回来的终点都是这）3.正飞鲜奶：可以试试，但没必要专门打卡，新疆的奶制品品牌都挺不错的 4.防晒，不管物理还是化学，都给我防死，这个紫外线真的很歹毒，我现在一整个像非洲回来的5.乌鲁木齐很安全，适合第一次尝试一人行的姐妹
我是4.30上午重庆飞乌鲁木齐，5月3日下午回家，下面分享下我的行程吧～
4.30下午1点抵达乌市，住在铁路局美居酒店，这家我体验感很好哈哈哈，地铁过去30分钟左右，原定下午去看汗血宝马表演，结果出去巡演了，就跟工作人员沟通，调整至5月3日中午场～于是我就去吃了松之母推荐的玲玲米粉，好吃，不过路人推荐我阿臻，说这个更好吃哈哈。然后就去逛了友好超市，买了各种本地牌子的牛奶以及奶啤，逛了正飞鲜奶，买了奶片（4元）和奶酪（20元），奶啤个人觉得西域春比天润好喝，奶片味比较淡，我不太习惯，奶酪我吃了两个就有点腻了，而且这个必须冷藏，所以不是很爱的姐妹慎重，容易浪费
5.1我在马蜂窝上报的天池一日游，天池很美，也真的很晒，关于索道，我觉得看每个人安排，我没去，就环湖都逛了5个小时左右。西王母庙，如果不是喜欢走路的朋友，坐船吧，看起不远，实际走挺远的，站的高，看得远，真挺美的
5.2新疆博物馆-民街-大巴扎-邻馆巷-和田二街citywalk～博物馆还是要去，见了楼兰美女，没见干尸2号哈哈，保存的很好，很神奇，很有智慧。民街我觉得可以过，没必要专门去，我去了直接给我看笑了。大巴扎推荐马师傅的油糕店，领馆巷有阿尔曼超市，买买买还是很愉快的，我买了很多茶叶，和田二街有奶皮子蛋糕和无花果抓饭，这一条街吃的贼多，奶皮子蛋糕推荐，新疆民族糕点都挺甜的，我有点爱不动。面肺子我也吃了，不爱
5.3红山公园-红山干果市场-汗血宝马基地：红山公园不是很高，半个小时可以爬完，慢一点最多一小时。红山干果市场，我去的早，推荐的都没开门，我就随便选了家，主要老板挺热情哈哈。市场出来左手边松子同款奶酪包，好吃，椒麻鸡在面包店旁边，可以真空，这点挺好。然后去看马术表演：汗血宝马真漂亮啊，高大威猛还漂亮，爱了哈哈哈很多带小朋友去看的，没看过可以去感受一下
新疆很美，下次还来，一定好好做防晒！！！！#新疆  #乌鲁木齐",232,396,22,https://www.xiaohongshu.com/explore/663a4619000000001e01e1df?xsec_token=ABaj_lrZnurmtb1uRkDj2YBPLTa3tUa-4keWHnrC8Svqc=&xsec_source=pc_search&source=web_explore_feed,https://sns-webpic-qc.xhscdn.com/202502281058/5c8a00a8ba56d0bd69cfc11ccf9642be/1040g2sg312gj9jv2mme04a48etosahbpb5habbo!nd_dft_wgth_webp_3,闹太闹,,
乌鲁木齐-赛里木湖1-2人一日游省心攻略,"新疆真是个好地方！来新疆后每天起床读三遍
尤其是赛里木湖，一个真的不来白活的仙境☁️整理了这篇出行方式和经验，可以直接抄作业！
1️⃣乌鲁木齐-博乐的火车🚄一夜卧铺直达，软卧也只要100+💰 行李多并且有返程的计划，建议行李可以寄存在乌鲁木齐）我是放在了第二天要入住的酒店。
次日大概早上6:40左右抵达博乐，这个季节做好保暖，大清早真的巨冷，博乐车站比较大卫生间也很干净！可以在里面洗漱化妆加衣服
🌟重点来了！直接在车站找环赛湖司机（车站很多招揽生意的，大部分都是靠谱的），有4人轿车和7人商务车可以选择，价格都是往返150，包环湖一圈，随走随停，比区间车好太多了！！！
2️⃣接下来就是在博乐车站找拼车搭子（当然也可以提前小红书上找），现在的p人越来越多，所以在车站临时拼也是很大概率可以拼到的（建议拼之前还是聊聊看是不是比较好交流以及后面的行程安排冲不冲突，我当时拼车的两位姐姐很有缘分是同乡，而且当天还是同一班高铁返回乌鲁木齐，所以一拍即合直接出发）
3️⃣拼车完成后，8点左右出发，可以让师傅带你先去博乐市区吃个早餐（我们是师傅主动提的，因为景区内会稍微贵且没什么特色。新疆真的随便一家都便宜好吃，薄皮包子➕奶茶一吃，整个人都暖起来了～
3️⃣吃饱后正式出发大概1个半小时，9点半左右到达赛湖景区，如果是新能源车大概率要充电，如果介意想直接不等待就进去欣赏美景的话，建议提前选司机的时候就沟通好（我们的师傅就是新能源车，在景区外买票➕充电大概40分钟，不过正好可以在观景台拍日出，看到粉蓝色的天空和日照金山！
4️⃣然后就是一路洗眼睛啦！东门进入顺时针游玩，刚好是顺着光线走，包车的好处就是随叫随停！师傅一路上都会给我们介绍美景和典故全程，而且逢打卡点必停，到后面我们有点玩不动了，师傅还建议我们下去小小打个卡哈哈哈！
5️⃣环湖一周后，时间基本也就4点半左右啦！这个时候返回博乐市区基本6点到，如果是乘坐7点钟的高铁返回乌鲁木齐的话，中间的时间可以让师傅再带去附近吃个拌面！绝绝子！（高铁站附近5分钟，完全不用担心会赶不及）
6️⃣最后，就是顺利抵达博乐高铁站准备返回乌鲁木齐啦（安检略微有点复杂要大概10分钟）然后乘坐7点的高铁返回乌市，晚上11点多就能回到。
以上就是一天从乌鲁木齐-博乐-赛里木湖的全行程啦！不想花心思准备计划的直接抄作业！
#赛里木湖 #新疆",562,581,133,https://www.xiaohongshu.com/explore/6772bc8f000000000b00f377?xsec_token=ABxI78CzDKswCcWH3DomquW8joOTQoJzOl-IG1bBZb3Kc=&xsec_source=pc_search&source=web_explore_feed,https://sns-webpic-qc.xhscdn.com/202502281058/b7a63d4b71c9ff17176adc3259fc2ce0/1040g2sg31c1mbt0egu2g4a2plomear8rprritv0!nd_dft_wlteh_webp_3,Cindy善良,,
新疆旅行武功秘籍1——选时间（伊犁小环线）,"新疆很大，一般划分为：南疆北疆东疆伊犁四块P1，不同地区看点不同，北疆&伊犁主看自然，南疆主看人文，东疆兼顾且中庸，这些地方要一次看完，至少得一个月，考虑到旅途疲劳和打工人的上进心（不是），建议一次旅行请假5天，连上前后俩周末，一共不超9天，只玩儿一个区域，没有那么累，也没那么贵（捂脸）…
第一次去新疆，强烈建议伊犁地区！因为相对而言，伊犁地区景美、景点之间距离较近，景区成熟（厕所干净），公路服务区也不错，游玩难度低，新手小白友好P2~
选好地方之后，就要选时间，虽四季都好看，但是也分淡旺，夏最旺，冬最淡，选得太淡看不到生机勃勃的绿，选得太旺太拥堵太闹心…最好能选一个又美又不堵的时间~
伊犁旺景淡人”秘笈功法”：
想看绿草，必选春夏。伊犁之春3月8日开始P3，但实际上4月中下旬入春一个多月，草才渐绿~秋8月30日始，但一般8月下旬草就黄了~~那么，留给大家选择的时间就是大约4.25~8.25；
在上面这个区间里，请一定要避开暑假：6.25~8.25，想一想大中小学生及家长一窝蜂的样子…所以，只剩下4.25~6.25之间是又淡又美~
但在这2个月内，如果你还想走独库和伊昭，请安排在6.1后，因为冰雪原因，6月之前，伊昭独库通车的可能性几乎没有，所以，优选的时间就变成了6.1 ~6.25之间~
就在这3个半周里，还有个大坑：古尔邦节——新疆人过年，连放三天，会和周末拼成五天小长假，几乎所有本地人都出来耍~多热闹（堵车）可想而知~古尔邦节在伊斯兰历12月10日，换成阳历每年不一样，2024年6.17，2025年6.6！极有可能放假6~10！小伙伴们注意，尽量躲开
如实在躲不开，那节日第一天和最后一天，避开机场高铁，整个节日避开独库和伊昭，最好也避开赛里木湖、那拉提等知名景区，如果还是避不开，可以打时间差，别人早上进景区，你晚上进（比如17:00，新疆黑得晚，还能玩几个小时呢），然后在景区住一晚，第二天早上别人还没来，你就开始玩儿了，中午别人乌泱泱来了，你可以出发去下一个景区了P4（如果能在一个精华景区住2个晚上，就更爽了）~~
所以2025年6月，聪明的你知道哪天出发了吗？
我会另外开帖子，讲一下我们24年6月，正向buff叠满的全程不堵车伊犁9日小环线~~欢迎关注~~
#那拉提 #夏塔 #新疆 #伊犁",693,1077,60,https://www.xiaohongshu.com/explore/6675803d000000001f006bee?xsec_token=ABZW7tEQPJqr3ksYhrOQEguR_sPTRPZESyiqcy7Fquo_E=&xsec_source=pc_search&source=web_explore_feed,https://sns-webpic-qc.xhscdn.com/202502281058/80df4cb04f26f5deda4b7ebef63a29d3/1040g2sg314ae4ntum07048cm4joi1dmta4mqgoo!nd_dft_wlteh_webp_3,段段,,
新疆已回，真❤BU建议7月、8月去，因为...,"因为每年78月的新疆虽然美，但人也贼多🈶如果不想人挤人，建议反方向6月出游，机票也便宜，网红景点也不用排队，天气又很舒服
如果只有假期的时候有时间，那么一定要提前规划好路线和出行方式，提前预定
·
🏠住宿:行程比较远，提前订好当晚的房间
🔮防晒：新疆的紫外线比川西还强，要做好防晒
⌚时差：夏季8-9点天才会黑，不要玩的太劳累，影响次日游玩体验
✈️交通：飞机直达乌鲁木齐地堡机场🚦——省内外出行新疆的主要交通枢纽，可以从这里出发走北疆+伊犁环线
·
🎒出行准备
1⃣证件类：身份证、学生证等能有优惠的证件、那边信号📶不好记得带现金💴
2⃣防晒类：防晒霜、防晒衣、墨镜🕶、遮阳伞
3⃣日用类：湿纸巾、口罩、帽子、水杯
4⃣药品类：创可贴、驱蚊水、消食片、晕车药、感冒灵
5⃣那边早晚温差大，一定要带好外套🧥不然容易感冒
·
📍必打卡的景点
1⃣赛里木湖：一年四季都很美，被誉为“大西洋z后一滴眼泪💧”
2⃣禾木村：童话小屋的日出晨雾真的一绝号称“神的自留地”
3⃣那拉提草原：能一秒带你穿越到瑞士🇨🇭的空中草原
4⃣五彩滩：上帝打翻的颜料盘🎨
5⃣仙女湾：《我的阿勒泰》拍摄地
6⃣独库公路：一日游四季，十里不同天的景观公路
.
9天路线：
1⃣：抵达乌鲁木齐
2⃣：乌鲁木齐→S21沙漠公路→五彩滩→布尔津
3⃣：布尔津→喀纳斯→贾登峪
4⃣：贾登峪→禾木
5⃣：禾木→乌尔禾风蚀魔鬼城→乌尔禾
6⃣：乌尔禾→赛里木湖→薰衣草基地→伊宁
7⃣：伊宁→那拉提草原→那拉提镇
8⃣：那拉提镇→独库公路→乌鲁木齐
9⃣：返回温馨的家
·
🏔自驾or抱团
👉新疆是一个不建议独自出行的地方❌特别是第一次去新疆的宝子🙋千万不要盲目独自前往！无论是自驾🚗还是公交🚌一个人都很不方便❌去之前一定要做足攻略📃最好是结伴👭同行！可以和朋友一起自驾，但没有驾经验的宝子不建议自驾出行，❤建议选择报纯玩小团，一个团才2-6个人👌随走随停，并且都是同龄人有共同话题，住宿🏡门票🎟路线🗺车辆🚙司机👨全都安排好，根本不用自己操心，更适合第一次去新疆旅游的宝宝体质
#新疆 #新疆之旅 #新疆旅游 #新疆旅游攻略 #喀纳斯 #禾木 #赛里木湖 #草原 #夏天 #旅途中的美景",508,505,228,https://www.xiaohongshu.com/explore/665d747600000000050048c5?xsec_token=ABEyg6D4K31yGr6f78G2ayU-PUiMk4JL_XtovuHCh6WOo=&xsec_source=pc_search&source=web_explore_feed,https://sns-webpic-qc.xhscdn.com/202502281058/7f221bdbd2ed6ecc95b8e6bb5683ec27/1040g008313iumgp6j8005phdkotiu2jqpfqnfg0!nd_dft_wlteh_webp_3,我在LA卖茶叶蛋,,
为什么我说5/6月才是伊犁的封神季,"每年的伊犁都是备受瞩目，非常值得游玩，但几乎很多人都选择在7/8月份，因为大部分人只有在这个时间段才有空闲，但我要说的是，这个时间段人挤人，消费高，大部分草原在变黄，所以我始终认为5/6月份才是伊犁的封神季。
	
1️⃣恰西，库尔德宁，喀拉峻4月下旬绿，5月初蕞佳观赏期。琼库什台，唐布拉，那拉提，巴音布鲁克5月初绿，5月中蕞佳观赏期。夏塔5月中绿，6月蕞佳观赏期。7月份基本都在走下坡路，逐渐变黄。
2️⃣温度适宜，新疆夏季的紫外线很强，很伤人，5/6月温度类似春季15°~25°，不会有太强的紫外线，游玩舒适度倍数上升。
3️⃣7/8月属于旺季，旺季不代表蕞好的加观赏期，而是指人蕞多的，人多就会涨价，商业性质，自古如此。
	
🚗行程安排
关于新疆旅游，我从不赞成乌鲁木齐出发，虽然是中转站，但也只能当做中转站，物价高，美食特色有，但不如地州县更有特色。去阿勒泰500公里左右，去伊犁700公里左右，去喀什1500公里左右。时间不是这样浪费的，对于想要真正深度游玩的游客，这些行程可以自己掂量一下。当然如果独库开放的情况下，独库北段回程到乌鲁木齐是可以的，走全段独库，乌鲁木齐起也是没有问题的，但是独库开放一般在6月中或者下旬。关于行程可以根据自己需要来确定自己的行程。
	
d1.伊宁—赛里木湖—清水河镇
d2.清水河镇—喀拉峻—昭苏县
d3.昭苏县一夏塔—特克斯
d4.特克斯—恰西—库尔德宁
d5.库尔德宁—那拉提
d6.那拉提—伊宁
	
这条行程适合5/6月，想要真正深度游玩的UU，行程不是死的，可以根据自己的需要去做更改。有关于行程的问题可以饲料，或者评论区交流。#伊犁 #夏塔 #库尔德宁 #恰西 #攻略",920,1197,276,https://www.xiaohongshu.com/explore/67a9ac8c0000000018007030?xsec_token=ABP7ZAnKztXLr7KyHq1GD3pd3IoWWgDnVd-3fHCT5sa5M=&xsec_source=pc_search&source=web_explore_feed,,阿星环游日记,,
新疆伊犁旅游避雷防坑必看攻略,"新疆伊犁保姆级旅游攻略 这一份够了😘。刚从新疆回来兴，后劲儿真的很大。在新疆待了一个月时间，以下都是我亲身经历体会后写下的。
希望大家看完后能少踩点坑。
#新疆旅拍 #新疆旅游攻略 #新疆之旅 #伊利旅游",299,406,3,https://www.xiaohongshu.com/explore/6610befd000000001a0143ea?xsec_token=ABIYZTBGnnUpC6saKXXep9OQrEDaxuOxPW-QzB9nvewp0=&xsec_source=pc_search&source=web_explore_feed,https://sns-webpic-qc.xhscdn.com/202502281058/24b05c934df3a7486275828763968f6b/1040g2sg311818h21mc5g5pfpgl5iu50tnssasrg!nd_dft_wlteh_webp_3,冰可阔,,
新疆避雷30条⚠️答应我🙏这些雷不再踩,"没做攻略的宝子劝你别来新疆
不然坑一个接一个
这是我熬夜总结了实用旅游经验❤️
希望大家别和我一样踩坑
·
🚩出行交通
✔机场：首推乌鲁木齐，直达的多，不管去南疆还是北疆都很方便
✔火车：时间多的，可以考虑，沿途的风景也很好看
✔自驾：更适合老司机选择，长时间开车很容易累，体验感不好
✔包车：非常自由的方式，行程完全自己掌控，3、4个人左右就比较推荐了
✔拼车：4-6人纯玩小团比较多，基本都是同龄人，玩得比较自由，花费比包车低~
❌尽量不要选择大团，不能随走随停，而且是购物团的概率也不低!
·
✅3-4月推荐景点
📍赛里木湖：蓝冰季的尾巴，晶莹剔透的蓝冰在阳光下闪闪发光，美到窒息
📍喀纳斯：雪后的喀纳斯宛如童话世界，三湾（月亮湾、卧龙湾、神仙湾）银装素裹，美不胜收
📍禾木：图瓦人的村落，清晨的雾凇如梦似幻，感受原始村落的宁静与祥和
📍乌伦古湖：3-4月还能看到壮观的冰裂奇观，感受大自然的鬼斧神工
📍魔鬼城：感受大自然的鬼斧神工，在风的雕琢下，呈现出奇特的雅丹地貌
·
⚠️新疆旅游行前tips
🎈3-4月的新疆早晚温差大，里面速干衣/保暖内衣，中间抓绒衣/毛衣，外面羽绒服/冲锋衣，灵活应对各种天气
🎈墨镜一定要带!雪地反光很强，保护眼睛很重要
🎈护肤品保湿一定要做好!新疆气候干燥，面膜、面霜、润唇膏都安排上
🎈这个季节适合去玩的景点：喀纳斯、禾木、赛里木湖、乌伦古湖、魔鬼城。等，以雪景、蓝冰、雾凇为主，草原还没绿，沙漠风沙大
🎈 晕车药备好!新疆路途遥远，有些路段弯多，容易晕车
·
💯赏杏花行程分享
🌸 3日游线路介绍
D1：伊宁市--赛里木湖--伊宁市
D2：伊宁市--吐尔根杏花村--那拉提镇
D3：那拉提镇--那拉提空中草原--伊宁市
·
🌸 5日游线路介绍
D1：乌鲁木齐--S101--肯斯瓦特--独山子大峡谷--精河
D2：精河--赛里木湖环湖--赛里木湖下午茶/赛里木湖帆船体验--六星街--伊宁
D3：伊宁--吐尔根杏花沟--那拉提
D4：那拉提--那拉提空中草原--精河/双河
D5：精河/双河--木特塔尔沙漠--乌鲁木齐
	
#新疆 #新疆旅游 #阿勒泰 #注意事项 #新疆伊犁 #赛里木湖 #那拉提 #恰西草原 #夏塔",18,18,评论,https://www.xiaohongshu.com/explore/67bb1e64000000000603fa66?xsec_token=ABpIqEzr-y12t7sVl2ojTwxhMSDRRs42976MSGD1Wlzgg=&xsec_source=pc_search&source=web_explore_feed,,佳佳的旅游日记,,
5 - 6月奔赴新疆的你，这些要点千万得知道！,"🌸给宝子们总结了5-6月是新疆颜值巅峰期！几个宝藏景点全攻略，赶紧加入收藏夹！
✅适合去：那拉提草原，恰西森林公园，赛里木湖，库尔德宁，夏塔古道，琼库神台
❌不推荐：阿勒泰地区（禾木，喀纳斯，白哈巴，可可托海）冰雪融化，植被才开始生长，景色比较尴尬，比较荒凉
🚗推荐路线
Day1️⃣：出发地-乌鲁木齐
Day2️⃣：乌鲁木齐-赛里木湖日落-赛里木湖
Day3️⃣：二进赛里木湖深度环湖--伊宁
Day4️⃣：伊宁-夏塔古道-远眺木札特冰川-特克斯
Day5️⃣：特克斯-恰甫其海-那拉提
Day6️⃣：那拉提- 那拉提空中草原-精河
Day7️⃣：精河-木特塔尔沙漠-乌鲁木齐
Day8️⃣：乌鲁木齐-出发地
#旅行推荐官 #新疆旅游攻略 #新疆 #伊犁#我的阿勒泰 #新疆之旅 #赛里木湖",38,28,评论,https://www.xiaohongshu.com/explore/67b95d85000000000b014806?xsec_token=AB3R2bfnTm5tcyNoKuEe1u-4FdaF7kGC8TNQQ5in-tc2g=&xsec_source=pc_search&source=web_explore_feed,,小图继续努力,,
男朋友做的新疆地图👉理工男逻辑真的强,"🌟男朋友精心准备的新疆旅游攻略来啦！
喜欢新疆旅行的朋友们，这份攻略绝对是必备宝典，快来一起看看吧！🧳💕
=
👗天气&穿搭指南 👚
🌞5~6月：气温舒适，17-28℃，主要晴朗或多云。推荐穿搭：T恤、短袖、短裤、衬衫、薄卫衣搭配运动鞋，轻便又时尚。
🌞7~8月：炎热的夏季，21-31℃，晴天居多，偶尔小雨。必备：T恤、短袖、短裤、防晒衣和遮阳帽，防晒做足了！
=
🌲5天4晚云端伊犁之旅精选 🌲
𝑫1：从伊宁出发，赴赛里木湖、果子沟大桥，薰衣草庄园不可错过，晚上逛逛六星街，体验伊宁夜生活。
𝑫2：探秘夏塔古道、八gua城，晚上抵达特克斯，感受不一样的西域风情。
𝑫3：特克斯出发，目的地琼库什台，步入童话世界。
𝑫4：琼库什台后前往新源/那拉提镇，领略西域古镇风貌。
𝑫5：畅游那拉提河谷草原和空中草原，结束在伊宁市的美妙旅程。
=
🍀8日游伊犁秘境大探索 🍀
D1：从乌鲁木齐出发，经过S101国防公路到达奎屯。
D2：奎屯起航，赛里木湖与果子沟大桥等你探秘，夜宿伊宁。
D3：伊宁远征，夏塔和昭苏在路上。
D4：昭苏至琼库什台，探访特克斯八gua城的神秘。
D5：从特克斯到恰西古道，再到那拉提的美景中徜徉。
D6：那拉提向唐布拉百里画廊进发，唐布拉之美等你发现。
D7：唐布拉至仙女湖，最后回归伊宁。
D8：伊宁出发，独子大峡谷的壮丽美景，最终返回乌鲁木齐。
=
这就是男朋友为旅行爱好者们准备的新疆旅游攻略啦！心动不如行动，带上这份攻略，一起去发现新疆的美妙吧！🌈💑🎒
#新疆   #新疆旅游攻略   #旅途中的美景   #旅游攻略   #周末去哪儿   #伊犁   #赛里木湖   #喀纳斯",854,1109,6,https://www.xiaohongshu.com/explore/674bf0640000000007039e8c?xsec_token=ABkVdgvsB5SJHrpYDzIxEvZ0oCtY0wWtaQXauuk9iGIec=&xsec_source=pc_search&source=web_explore_feed,https://sns-webpic-qc.xhscdn.com/202502281059/14170c33003c2c671db3e5d475baffe9/spectrum/1040g34o31arr8fm0mq0g5pphlq6n36ouck95n28!nd_dft_wlteh_webp_3,小咪也要粗去玩,,
去新疆旅游的5种交通方式🔥总结的太全了‼️,"🚀 必须去的新疆旅行，旅途中的交通指南来啦！ 🌟
想要探秘广袤的新疆，交通方式绝对是旅行计划中的重要一环。无论是飞机还是途经风景如画的火车汽车，这里总有一款交通方式适合你！
🛫 抵达新疆：多种选择任君选
、
飞机：最快捷途径飞往新疆。从北京直飞乌鲁木齐仅需4-5小时，轻松抵达地窝堡国际机场。
火车：适合偏爱窗外风光、预算有限的朋友。推荐先至西安、兰州等地，再换乘进疆列车，时长约30小时+。
🚂 新疆省内漫游：便利的交通网
、
火车：连接重要城市如乌鲁木齐、吐鲁番、哈密等，坐火车游新疆方便快捷。
自驾/租车：随心所欲，自由探索。当地租车自驾，路途风景美不胜收。
包车：本地司机熟悉路况，全程无忧。5座或7座车型，日租费用大约500-800元。
、
💰 新疆旅行消费指南
门票：新疆景点普遍需要门票，常见价格在40-60元/人，大型景区如喀纳斯可能需要185元/人。
餐饮：乌鲁木齐、喀什等大城市及景区内消费相对较高，人均50-70元。小城市如吐鲁番较便宜，20-50元可享美味。
特产：瓜果物美价廉，不容错过。
、
🗺️ 线路推荐
北线深度游：7-8天探索阿勒泰地区。从乌鲁木齐出发，经可可托海、布尔津、禾木到喀纳斯湖，然后是白哈巴、哈巴河县和五彩滩。
西线旅游：8-9天游伊犁精华。从布尔津到乌尔禾(魔鬼城)，经赛里木湖、果子沟大桥、霍尔果斯口岸到伊宁，最后是昭苏、特克斯、喀拉峻、琼库什台和那拉提。
、
无论选择哪种交通方式，新疆的美景都在等你去发现。走进新疆，开启你的绝美之旅！🧳✨
#新疆旅游  #总得去一趟新疆吧  #新疆旅游包车  #新疆旅游攻略 #新疆旅行攻略 #新疆之旅  #新疆自驾游  #本地人去哪玩 #令人难忘的景点 #新疆景点推荐 #小众旅行地  #旅游老兵攻略",点赞,1,评论,https://www.xiaohongshu.com/explore/67bf0537000000000603a014?xsec_token=ABbmTOgt9j5qDYMaIFMFh1pZ7foGs6gyWnhfpYeSFqDxI=&xsec_source=pc_search&source=web_explore_feed,,小圆继续努力,,
5-8月新疆必走热门路线，超全攻略！,"📝第一次来新疆不知道该如何选择线路？
①如果5月份，建议选择伊犁，草原绿的比喀纳斯早（如那拉提，恰西，夏塔，琼库什台等）
②6-9月份，可以选择北疆环线（喀纳斯禾木➕伊犁➕独库公路），如果独库公路开通时间足够也可以➕南疆（库车，喀什等地）
#新疆  #新疆旅游  #新疆旅游攻略  #旅游攻略  #旅行  #旅行推荐官",1629,2404,159,https://www.xiaohongshu.com/explore/66360b2c000000001e031c33?xsec_token=AB8Usak9Rl7PXjDho9H0hEZ1xB0vTXOFk0WoRZ15HKh2A=&xsec_source=pc_search&source=web_explore_feed,,趣旅行呀,,
新疆旅游其实就这么三大块儿,"借用星球研究所这张图，做一下新疆旅游的一些大概讲解，仅代表个人看法，可能会有一些错误，也欢迎指出交流。
◆新疆旅游在我看来，比较的大的区域就【三块】:阿勒泰旅游圈，伊犁旅游圈，喀什旅游圈，这个指的是这一个旅游圈子。
阿勒泰旅游圈也就是最上面的红色圈圈，比较著名的景点是喀纳斯、禾木、白哈巴、可可托海。
伊犁旅游圈图片上的黄色圈圈，比较著名的景点是:赛里木湖(属于博州)、喀拉峻、那拉提、独库公路、巴音布鲁克(属于巴州)，我把这一圈算一块儿。
喀什旅游圈，图片上的蓝色圈圈，比较著名的景点是:喀什古城、慕士塔格峰、白沙湖、盘龙古道。
◆为什么这么划分❓
根据旅游路线的方便程度以及旅游热度，还有季节周期做划分。
阿勒泰旅游圈最适合的季节，就是这段时间，也就是九月十月，再往后就是滑雪圣地，或者禾木看看冬天。
伊犁旅游圈个人觉得他的季节，也就是从独库公路的开通开始，随着独库公路的封闭而结束，也就是每年的6－9月相对而言是最合适的时间。独库公路把伊犁旅游圈的景点串了起来(红色那条线)，且不走回头路，这也是为什么独库公路在新疆旅游的有这么高的重要性。
喀什旅游圈，一年四季都能去，相对而言没有明显的季节性要求。
●三山夹两盆为疆，最背部阿尔泰山脉，中间准噶尔盆地，往南天山山脉贯穿东西，再往南塔里木盆地，最南昆仑山脉，这张图也很清晰的给大家展示了新疆地貌。
新疆地理面积占据了祖国陆地面积的1/6，喀什地区开车出新疆得开三天，2000公里，没概念？广州到北京，也就差不多这个距离。打个趣就是，其实你问乌鲁木齐人喀什有什么好吃的店铺，其实差不多等于，问北京人上海有啥好吃的，区别不大。
简易的给大家做了一下解析，新疆其他区域不是说没有好吃的好玩的，也都有各自的特色，但是目前旅游个人是觉得这三个旅游圈相对热门，且属于来新疆方便逛的区域。",2215,2742,396,https://www.xiaohongshu.com/explore/66fd61d8000000001902c8f2?xsec_token=ABG2_MSEaG0EXnvVzpnK-e1LqipGMUwPJFD52ubSJAuC0=&xsec_source=pc_search&source=web_explore_feed,https://sns-webpic-qc.xhscdn.com/202502281059/9540ffc21a361868455b3bc373156887/1040g2sg318f4e0ppgo6g5o68a7hg8asja31or2o!nd_dft_wlteh_webp_3,豆芽,,
🌲新疆10天自驾攻略｜嘿，人生是旷野呀！,"10月，凑上国庆小长假期，开启了一趟新疆之旅！
	
新疆真的地域辽阔，这次行程主要以北疆为主，在路上感受到了一年四季，深刻体会到「人生是旷野而非轨道 」，你眼前的辽阔，只是草原的一角，草原无边，自由无处不在～
	
🔺文字攻略附上（𝑝2-𝑝5）
	
🔺 照片顺序（𝑝6-𝑝18）：白哈巴→贾登峪→喀纳斯三湾 →禾木→赛里木湖→布隆沟 →孟克特古道 →仙女湖 →独库公路 →乌鲁木齐 →吐鲁番→飞机上的新疆
	
#向全世界安利自驾 #冬日旅行收藏夹 #新疆 #我的小众旅行攻略 #神的后花园 #当我的旅行变得随性 #人生是旷野 #富士直出 #自由行旅游 #无计划旅行",49,58,4,https://www.xiaohongshu.com/explore/67adecac0000000018008a2b?xsec_token=ABvoYsqKFndENxit8jt5r_UDB9sZwX_jgyn-OWvy08N8o=&xsec_source=pc_search&source=web_explore_feed,,SeaShy🐋,,
7-8月要去新疆的，听我一句劝！！！,"给大家总结了几个7-8月新疆适合去的景点，赶紧收藏起来~
ㅤ
✅适合去：赛里木湖、那拉提草原、恰西森林公园、琼库什台、库尔德宁、夏塔古道
❌不适合去：阿勒泰地区（喀纳斯、可可托海等）5月的阿勒泰，冰雪刚开始消融，植被才开始翻新，枯黄微绿的尴尬景色，略显荒凉 ！！
ㅤ
🚌推荐7-8月新疆路线：
D1.乌鲁木齐—安集海/独子山大峡谷—精河/双河
D2.精河/双河—环游赛湖—果子沟大桥—薰衣草/喀赞其—六星街—伊宁
D3.伊宁—恰西风景区森林公园—新源
D4.新源—那拉提空中草原—那拉提
D5.那拉提—独库公路—唐布拉草原—乌鲁木齐
ㅤ
✅出行建议：
1⃣️在新疆玩的时候，一锭得把身份口随身带着，跨县之间得安检
2⃣️新疆空气非常干燥，需要多喝水，不仅仅是皮肤干，还拉不出💩，皮肤干还可以敷面膜，做好保湿，拉不出多只能多喝水了
3⃣️防晒！防晒！防晒！新疆真的巨晒，就算是阴天的紫外线也强！
4⃣️新疆天气很干，不建议戴隐形，很容易眼干，多准备补水保湿的东西
5⃣️晕车的小伙伴记得带上晕车心，新疆太大坐车时间长，容易不舒眼企建议
6⃣️去赛里木湖一锭要环湖，好玩，还能跟天鹅近距离接触，但天气变化比较大，阴天的跟晴天的赛湖完全两个样，要好天气去
7⃣️新疆草原经典的就选那拉提，想网红点就选恰西草原，人少景美的可以选夏塔古道、琼库什台这些地方
8⃣️在新疆买东西按公斤算，别提1斤，避免被抗！（路边的馕不买不要摸）
ㅤ
#新疆旅游攻略 #新疆旅游 #新疆 #伊犁 #那拉提 #旅行推荐官 #赛里木湖 #独库公路 #毕业旅行",1483,1268,119,https://www.xiaohongshu.com/explore/668fb7bb00000000050073b0?xsec_token=ABA_AQZ-S2XMpB4mjfwNKHD_eIviSyV_WbYMsLA0SdshI=&xsec_source=pc_search&source=web_explore_feed,https://sns-webpic-qc.xhscdn.com/202502281059/8cee3b8c5a361e0bd48e5d615a048c65/1040g2sg31541dfto1cd05pi873ohopnib1ch9s0!nd_dft_wlteh_webp_3,拾叁月,,
🇲🇾一个人花RM3k在新疆自由行（公共交通版）,"因为是第一次独自出国旅游，而且是到那么远的新疆，担心过程中出现问题，所以旅途出发前做了好多好多的功课📚行程结束后几个朋友问我拿攻略，所以决定整理一下把需要注意的事项发出来给其他也想要去新疆自由行的🇲🇾🇸🇬人做个参考
首先想建议大家出发前把支付宝，中国微信钱包先实名认证/开通好（可以在小红书找下教程），我带了七百多的人民币现金傍身，但愣是一块钱也没用到，可以说只靠支付宝和微信支付就能畅通无阻了。另外2个很好用的app也建议先提前准备好，高德地图（打车和走路/公共交通导航用，但需要中国手机号才能打车）和铁路12306（需要实名认证才能买票）
接下来先分享一下行程👣
Day 1 - 吉隆坡✈️广州✈️乌鲁木齐
Day 2 - 乌鲁木齐国际大巴扎➡️伊宁
Day 3 - 伊宁➡️赛里木湖➡️伊宁
Day 4 - 伊宁六星街+喀赞其➡️北屯
Day 5 - 北屯➡️喀纳斯➡️布尔津
Day 6 - 布尔津俄罗斯风情街+喀纳斯塔桥➡️乌鲁木齐
Day 7 - 乌鲁木齐植物园+博物馆+红山干果市场+南湖夜市+领馆巷
Day 8 - 乌鲁木齐金泉商城+✈️广州
Day 9 - ✈️吉隆坡
	
下面是一些注意事项⚠️
1️⃣新疆很很很大，分成南疆和北疆，都说南疆看人文，北疆看风景，大家可以看看自己比较喜欢哪一种旅游模式再决定去哪里。我走的是北疆路线，如果南疆北疆都去，我觉得没有两三个星期走不来
2️⃣我的机票是6月是碰上南航618大促的时候买的，参考了小红书上也到新疆自由行的马来西亚姐妹的帖子，应该是南航&厦航的机票最便宜，不过需要自行关注航司的大促活动（在广州飞乌鲁木齐的飞机上遇到几个Malaysia的旅游团，她们的机票跟我是同天的，但是她们买了RM3k+）
3️⃣新疆是一个很安全的地方，在街上每走几步路就会看到👮🏻‍♂️或🚓，几乎每个地方都要过安检，就连进商场和美食街也需要安检。每段高速路上也会有检查站，人身安全还是挺有保障的
——剩下的在评论区补充，大家感兴趣也可以关注接下来几篇详细的景区攻略——
👀详细的费用📝发在最后一张图供大家参考
#分享我眼中的世界 #新疆 #新疆之旅 #新疆旅游攻略 #马来西亚人去新疆 #马来西亚人去中国旅行 #赛里木湖 #喀纳斯 #旅游 #北疆",1117,1298,336,https://www.xiaohongshu.com/explore/66f0fa6e000000002a03545a?xsec_token=ABGbDeikHNGv1PCY7OfLEErY6lq3sCPpMbg-mvu2JBotQ=&xsec_source=pc_search&source=web_explore_feed,https://sns-webpic-qc.xhscdn.com/202502281100/361fd943ff8c85b0b757c5181970e52e/1040g2sg31aqlfhhpna705nqfh0ag8u4sq4d026o!nd_dft_wlteh_webp_3,心想事陈,,
新疆8天深度游自由行攻略,"自由行公共交通超详细攻略来啦
	
适用人群：不想把时间浪费在路上走马观花、想深度游的姐妹。草原在路上看多了都一样，还是要靠双脚丈量
	
旅行社：在自由行之前以为难度很大，咨询了好几家小团游，结果每天平均6个小时在路上，实在意义不大，不论车子多舒服我也受不了
最后实际上自由行体验感也非常好，每天走很多路看很多风景，想停就停，想吃就吃，想走就走，并且通过打车和公共交通跟很多当地人聊天，了解了非常多风土人情，找到了旅行的意义，而不仅仅是旅游。
	
P1：原计划
P2：决定深度游之后的实际计划，去掉了禾木。
P3开始就是文字版攻略，比较适合平时出游时打勾勾，美食太多了，只记录了一定要去吃的，其它看实际情况。
P4-P7：四方比价的结果。
P8：文字版里放的简易版物品清单，详细版可见上一篇笔记。
P9：详细版行程，还有每个地方的详细🔗，见P10，非常方便，需要的姐妹可以私我，这里放不了。
	
新疆我以后还会去，这次就先从北疆的小角落开始吧
	
#自由行旅游 #旅游攻略 #夏天总要去趟草原吧 #新疆 #J人的生活 #新疆旅游 #北疆 #新疆喀纳斯 #新疆攻略 #新疆阿勒泰",32,33,1,https://www.xiaohongshu.com/explore/67b40bc1000000000903b892?xsec_token=ABhiswYb3YhfFnHY5gA2_McXKFAJ5AYi3rrdfNx3S-o2s=&xsec_source=pc_search&source=web_explore_feed,,小景鲤🌊,,
听劝！别带太多行李去新疆，血泪教训,"去新疆之前做攻略，感觉什么都需要带，没有什么是不需要带的，把我的24寸的行李箱塞的满满当当的，非常沉。
到了新疆之后发现，根本就不需要带那么多的行李，而且用不着的行李还没有地方放，只能带着行李玩了全程，所以我劝大家去新疆准备行李的时候一定要精简。
-
✅保鲜袋：很少有人提到，但真的是万用！收纳东西、给物品防水、放垃圾、打包东西…
✅三合一冲锋衣：三合一冲锋衣是旅游人蕞实用的衣服了，相比笨重的棉服更省空间
✅充气U型枕：买那种充气的，不用了可以收进行李箱不占位置。新疆景点距离较远，在车上戴上这个方便睡觉，飞机上也可以用
✅现金：现金必须得带点！有些地方是一点信号没有，手机支付不了。有备无患，多带些小面额的！
✅唇膏：收拾行李时漏掉了，结果到嘴唇干裂，好疼崩溃。。
✅红霉素软膏：新疆空气干燥，鼻子容易流鼻血，尤其是鼻炎的小伙伴
✅护手霜+保湿面膜+水乳：新疆真的很干很干，不做好保湿很容易卡粉
✅常用yao品：新疆很大，途中生病看医生不方便，拉肚子的、头疼脑热的，以备不时之需
✅充电宝：不超过2万毫安可以带上飞机。每天拍拍拍很费电，会电量焦虑
✅防晒霜：防晒的重要性就不用多说了吧，不怕黑的可以忽略
✅芦荟胶：皮肤晒红、蚊虫叮咬都用得到
✅马丁靴：穿着拍照效果好，而且草原的草已经很高了，还有马粪，穿靴子可以保护jiojio
✅湿巾：新疆有些地方是旱厕，没有流水洗手
✅牙线：真的建议带牙线，牛羊肉比较塞牙
✅护发素：有的酒店没有护发素，烫染的姐妹一定要带，不用护发素头发会很毛躁！
✅指甲刀：在新疆手上容易长倒刺，带着也不占地方
-
在去新疆之间我也是特别纠结到底是报团还是自由行，但是我朋友不相信我做的攻略，认为我们俩肯定会出现啥意外，所以就让我直接报团，不让我自由行。在新疆的行程都是由一个本地小姐姐给安排的，没有出现推销，也没有让你去什么店买东西，我个人感觉还是非常不错的，真的是强烈推荐#新疆 #旅行是我的解药 #旅游出行必备 #旅行让我看不一样的世界",92,161,9,https://www.xiaohongshu.com/explore/67bd39920000000029035c06?xsec_token=AB-v3TANbPQrVj5ry8SScsVwiSzCq2T20_PMfH0lqaWYA=&xsec_source=pc_search&source=web_explore_feed,https://sns-webpic-qc.xhscdn.com/202502281100/426342bcf43ff425fa533a6df6582854/1040g2sg31e9q79su0ka04b0b11v94r4i53d9m20!nd_dft_wlteh_webp_3,Dramaqueen,,
新疆保姆级旅游攻略｜🏔️五月的伊犁美到失语,"五一去了趟伊犁，四人包🚗自由行！草已经绿了！花已经开了！🏔️雪山还没化！雪山草甸河谷同框我在梦里都没见过谁懂啊！五月的伊犁我只能说太太太太值得！
	
五天伊犁精华游的保姆级攻略已经直接上图了！关于五月的新疆要怎么穿、行李箱带什么，交通住宿我也分别详细放在👆啦！接下来补充几点！
	
1.不去后山的话不建议去琼库什台！琼库我们没去后山，自驾进不去，骑马来回三个小时，琼库那天还下雪了！特别冷！主要是不去后山看到的景色很单一不是太好看，山高路远（晕车的话记得提前贴晕车贴），来回路程七个多小时，我们仅仅待了一个小时！怕冷人士还是和我们一样选择住特克斯县里吧！住宿不贵并且条件很好，特别是在县里真的好多吃的！五天的伊犁我们在特克斯吃的最快乐！
	
2.恰西容易堵车，我们那天返程堵到十一点才到酒店！大家记得多带些零食干粮在车上！
	
3.那拉提的网红桥别去人挤人了，当时看到排队的长龙我们果断放弃，往后面走走也有很多出片机位，而且画面干净！
	
4.新疆和内陆时差两个小时左右，五一这段时间他们九点半天还亮着！所以我们一般早上十点左右出发，晚上基本也是十点左右回酒店洗漱休息。
	
5.我的相机是富士XS10，镜头带了18-55、50-230两个，拍的照片基本是标准模式无滤镜原图直出！
	
6.关于✈️新疆，进新疆大家选A座，出新疆选K座，可以看到天山山脉成片的雪山！千万别买反啦！至于机票价格，非节假日或者淡季应该不贵，节假日建议大家买大航司例如南航厦航这些，我们五一机票提前半个月买的，结果临出发大跳水，大航司支持直接买低退高有保障，小航司就是各种拉扯费时耗精力勉强让步，或者购票时买上退票险！
	
7.五月的新疆没有什么应季水果，所以不要执着于新疆水果酷酷买！新疆水果应该得夏季才真正上市！
	
还有什么疑问大家可以评论区留言！
	
#新疆 #那拉提 #我的小众旅行攻略 #旅行推荐官 #乌孙古道 #旅途中的美景 #无滤镜旅行攻略 #新疆伊犁 #伊犁 #赛里木湖 #果子沟悬崖机位 #琼库什台 #恰西森林公园 #恰西画卷 #那拉提草原 #新疆旅游攻略 #五一 @摄影薯 @旅游薯 #伊宁  #伊宁喀赞其",5832,5969,356,https://www.xiaohongshu.com/explore/66393289000000001e019483?xsec_token=ABXRYioz8S9IDYPxxAv-PbIFOzf0FWHGPRCLXE6i-y8SE=&xsec_source=pc_search&source=web_explore_feed,,桃桃呆（自由版）,,
新疆自由行👩公共交通线路规划,"6月份想带老妈去新疆玩，但是新疆小团实在是看的人眼花缭乱💔
再加上不想一直在路上，所以最终自己做了份攻略，选择了坐公共交通自由行
	
去过新疆的朋友，可以帮忙看下这份攻略可行嘛#新疆旅游攻略",53,38,4,https://www.xiaohongshu.com/explore/664d4fc20000000005004f3b?xsec_token=AB2e9P8E6_h-g8OGjazgQ_PG_yh8-c1Qp8ILSL3B61sm0=&xsec_source=pc_search&source=web_explore_feed,https://sns-webpic-qc.xhscdn.com/202502281100/339efa21f3127f3430637f4e0067a231/1040g008313367blo2s005p08bpk3q547ooj6e00!nd_dft_wlteh_webp_3,aurora,,
国庆来新疆🔥北疆阿勒泰旅游攻略来咯！！,"📅新疆赏秋时间
新疆的秋季🍂从9月初开始，持续到11月，但不同地区的zui佳赏秋时间有所不同
1️⃣北疆地区（如喀纳斯和禾木）的zui佳赏秋时间
🍁一般在9月初到10月初，这段时间内，叶子大部分已经变色，进入最佳观赏期
~
北疆赏秋必去景点
🍁喀纳斯：橙、红、黄、蓝的彩色世界
🍁禾木：秋日童话世界
🍁白哈巴：原始边境古村落
🍁五彩滩：落日美景
🍁乌尔禾胡杨林：苍凉的美
👉【路线参考】
D1：乌鲁木齐➠途径s21网红沙漠公路➠五彩滩落日➠住布尔津
D2：布尔津➠开车进网红村落白哈巴村➠喀纳斯（神仙湾-卧龙湾-月亮湾）➠住贾登峪
D3：贾登峪➠禾木村（赠送禾木旅拍）➠住禾木景区小木屋
D4：禾木日出晨雾观景台➠乌尔禾风蚀地貌魔鬼城➠胡杨林➠住克拉玛依
D5： 克拉玛依 ➠赛里木湖 （360°环湖游） ➠住赛里木湖独栋公寓/酒店/民宿
D6：赛里木湖酒店➠托托胡杨林➠木特塔尔沙漠景区（赠送沙漠旅拍）➠返回乌鲁木齐 ➠结束行程
#新疆之旅  #新疆旅游攻略  #北疆  #北疆旅游  #国庆  #国庆假期  #旅行搭子  #阿勒泰  #阿勒泰旅游攻略  #新疆旅拍",148,215,1,https://www.xiaohongshu.com/explore/66f62731000000001a0233bc?xsec_token=ABc8k45PkucENWWisIxxE4s97x0c-dLAyrXwkBdTNvSQg=&xsec_source=pc_search&source=web_explore_feed,,旅途之路,,
新疆丨打工人六天五晚自驾攻略（三个女生版,"上海往返伊宁 | 六天五晚自驾纯享攻略✨
宝子们，吐血整理的上海往返伊宁六天五晚自驾攻略来啦，直接抄作业📖（三人均有驾照，所以全程自驾很轻松）
✈️行程安排：
Day1️⃣
夜幕降临，落地伊宁。从机场潇洒取车，一路驶向伊犁宾馆，我们仨入住6号楼现代亲子房。房间环境超赞，温馨又舒适🛏️，为旅途开启美好序章~
Day2️⃣
在酒店享用完美美的早餐，便驾车奔赴赛里木湖，车程约2小时。当那片湛蓝湖光映入眼帘，仿若踏入梦幻之境。傍晚，历经2小时返程伊犁宾馆，稍作休息后，开车十分钟到六星街享用晚餐。尤其推荐阿娜尔汗的下午茶，特色满满，舌尖上的新疆风情🍰
Day3️⃣
早餐后，收拾行囊退房，向着那拉提出发，全程约两小时四十三分钟。抵达后，入住那拉提柏睿林隐酒店的LOFT野奢家庭套房，独特的设计，满满度假氛围。下午购票入园，尽情领略那拉提的壮美。晚上出景区，在镇上的疆满提·新疆菜·私房菜，大快朵颐，尽享新疆美食🥘
Day4️⃣
早餐后，告别酒店，继续自驾探索那拉提草原的隐秘角落。下午五点，踏上前往库尔德宁的路途，约两小时三十分钟后抵达。晚上入住库尔德宁云杉酒店的杉野标准间。晚餐随机找的店，味道平平，就不分享啦🤣
Day5️⃣
早餐后退房，再次走进库尔德宁，感受它的宁静与美好。下午，历经两小时十分钟返回伊犁，又一次住进伊犁宾馆。之后前往六星街随意吃了些小吃，接着还车，回酒店惬意休息。
Day6️⃣：吃完早饭逛六星街，再去市场买点特产。红枣、核桃这类干货不太建议买太多，奶酪球、奶皮子之类的可以多囤点~之后就坐飞机返程啦✈️
💰费用明细：（因淡季旺季价格涨幅明显，仅供参考‼️）
🍜六天五晚吃饭，人均约500元
🚗租车 （坦克300）+ 过路费 + 油费，人均1333元
🏨酒店人均花费1091.76元
✈️机票2250元
🎫门票及其他体验项目价格参考：
库尔德宁门票60元
骑马80元/小时
直升机体验500元
赛里木湖自驾门票110元
那拉提自驾门票200元
无人机航拍399元
新疆六天五晚，人均约6.5k，全程细节满满，角度超全面，宝子们冲就完事儿！💕
#新疆自驾 #伊宁旅游攻略 #旅行费用 #新疆美景#赛里木湖 #那拉提 #库尔德宁 #新疆 #伊犁 #佛系旅游篇",252,381,40,https://www.xiaohongshu.com/explore/67ada1cf0000000018008d4c?xsec_token=ABvoYsqKFndENxit8jt5r_UIBV_drmpZOcyTxAkK2hHpw=&xsec_source=pc_search&source=web_explore_feed,,Sunsun,,
,"一人勇闯阿勒泰自由行总结！
关于你担心的天气，交通，穿搭，行程…还有非常容易忽略的问题…都在这里了！
	
新疆出行最大的 bug，穿了一双滑板鞋，我好像有毛病…不但不防滑，还自带出溜滑功能😂
	
🔥最容易忽视的问题：上火
上老火了，天天牛羊肉大盘鸡过油肉拌面炒米粉，都是辣口的，再加上蔬菜摄入量太少，缺乏维生素，智齿已经肿了，口腔溃疡也来了，后面几天已经吃不了啥好吃的了，一定注意要每天吃点降火的东西，比如蒲公英茶，金银花水，雪菊茶，新疆本地的库尔勒香梨，薄荷水，黄瓜，西瓜不加糖的老酸奶，之类的
	
🚗出发前最不应该焦虑的问题：交通
自由行完全不用担心交通不便，现在新疆旅游业已经非常成熟了，哪怕是小众一点的白哈巴，也有很多车辆可以到达，拼车包车非常方便
	
自由行行程：乌鲁木齐➡️北屯➡️白哈巴➡️喀纳斯一日游➡️阿勒泰市将军山滑雪场➡️乌鲁木齐
	
交通费用：
乌鲁木齐到北屯 火车软卧 很舒服 睡一晚就到，不到 300
北屯到白哈巴 出租车拼车 150/人
白哈巴包车去喀纳斯  600/车 （提前一天在小红书摇人拼车即可）
白哈巴到阿勒泰 先坐 7 座 线路车到哈巴河县客运站，无缝衔接坐 7 座线路车到阿勒泰将军山 70+70=140
阿勒泰回乌鲁木齐 火车软卧 不到 300 元
	
🤔反思：出发前给自己预设的困难太多了，比如太冷了怕自己扛不住，自由行太麻烦怕找不到车或者拼车遇到危险，大雪天怕遇到大雪封山。
	
🌡关于温度：实际上没有想象的这么严重，新疆确实冷，但是没有那么吓人，买一个厚羽绒服很重要，我上身只穿了毛衣➕羽绒服，下身是秋裤➕单裤，或者是光腿➕加绒牛仔裤，由于我穿着长款羽绒服，所以根本不冷。 但是鞋一定要穿厚的！加绒保暖防滑才可以，因为在雪地里走，鞋会湿，湿了就很冷。
🚗关于交通：这个线路其实交通非常便利，拼车包车资源也非常非常丰富，提前一天联系基本就可以，不用担心，没有出现拖着行李箱到处找车的情况。
	
❄️关于大雪封山：雪下的大，会短暂封路，也就一天时间，不会太久，而且下雪就有铲雪车工作，我们回程路上也遇到了，是有路政人员在管理的，并不是那种荒山野岭无人区，所以不用担心。不推荐自驾，雪地太滑了，包车一定要找当地人老司机，毕竟他们在那生活了那么多年了，路况非常熟悉，也有丰富的雪地驾驶经验。
	
#自由行旅游 #出行攻略 #新疆 #阿勒泰 #白哈巴 #新疆美食",73,76,60,https://www.xiaohongshu.com/explore/678fc4a100000000170383c3?xsec_token=ABzu21OQQhL-niaeOUqZ5UBxwn8SSfgOfYFBGkmLLroBE=&xsec_source=pc_search&source=web_explore_feed,https://sns-webpic-qc.xhscdn.com/202502281100/733fc0784f9d3a2793bd0860b768a41d/1040g00831cu2vtef0s6g49f40hljlnjcgff1vuo!nd_dft_wlteh_webp_3,小企鹅和小狮子,,
乌鲁木齐，跟出国似的。,"重庆飞乌市，南航计划4个小时，没想到提前45分钟就抵达了。
诧异的是，这里21点才日落，下班。跟出国似的，我甚至需要倒时差。23点必须睡觉的我在22点左右吃晚饭，感觉生物钟完全打乱。
	
今天乌市自驾一日游（租车超级超级便宜，不买保险的话算下来单日才19块），稍显遗憾的是，红光山大佛与雪山交相辉映的景象，由于云层过厚看得并不真切。
#旅游 #乌鲁木齐 #乌鲁木齐旅游 #新疆 #新疆之旅 #新疆旅游攻略",1842,632,492,https://www.xiaohongshu.com/explore/6622970e000000001c005768?xsec_token=AByXFhUJ8moi9PqgF89Y38cR6VdEvaF_MderpXbQmdpoE=&xsec_source=pc_search&source=web_explore_feed,https://sns-webpic-qc.xhscdn.com/202502281101/8156813ed1fc671f4e361bbb82d1a373/1040g2sg311pf5hn7ge705p636bdl6q77ml2egng!nd_dft_wlteh_webp_3,Q.ZENG,,
求新疆旅游注意点,"无车，但是要自由行，不喜欢跟团太赶了，打算来回十天左右慢慢玩。
看过别人攻略，打算动车大巴公共交通+打车出行。
喜欢吃，除了风景，重点是好吃的！
求推荐！想吃各种好吃的当地美食！",26,26,203,https://www.xiaohongshu.com/explore/679c925d000000002a001b4d?xsec_token=ABN9sZ0jBRDL8mmDUJwOiQD-cKgBU6lrEawIAYd60tQbc=&xsec_source=pc_search&source=web_explore_feed,https://sns-webpic-qc.xhscdn.com/202502281101/d45f8a11908211e48e72df322123696e/1040g2sg31daj3g0kg8dg4agdogb6rs9mhaeec98!nd_dft_wlteh_webp_3,孤巫阿瓜,,
新疆未必非得报团,"统一的话术：“新疆堵车，避雷，只有小包团，私家团才能避开人流才能有好体验。”这种帖子大家复制粘贴一下不知道用了多少遍，竟然还这么多人听。总结：是制造焦虑并创造需求的以偏概全的话术
	
说一点中性的信息
1.新疆大部分区域只要会看地图，会查酒店，就可以串一个比较舒服的旅程。但一定要注意实际的用车时长
2.新疆的堵车问题不是必然事件，堵车和节日，和著名路段有关，你完全可以不选择它们
3.老司机并不会给你带来过度加成，因为只要不涉及深度越野，大家都可以通过导航到达目的地，而山路也大多为铺装路面，小心谨慎即可
4.虽然我是做旅行团的，但我十分同意自驾的自由和乐趣，如果你们彼此熟悉，那旅行的松弛度一定是大于车里有一个外人的。况且，说实话我不觉得这边大部分领队真的“有趣”，把冒犯当成有趣是当下这个市场的常态
5.不要太拘泥于“栈道”这种东西，栈道之外只要是你判断能走，且路径清晰，都可以去看看。很多所谓的小众点都是这么诞生的，没那么复杂
6.学会几个手机软件真的可以提高很大的上限，而这个学习成本比你的工作，其它技能要低的多。例如两步路（帮你拓宽道路地图之外的区域），windy（局部天气的精准版）
7.合理利用小红书，小红书已经越来越替代百度，但需要你会筛选。如果你想获得景点信息，建议去看特别普通的人说的东西，加上个人旅行博主的内容，最后加上部分风光摄影博主的内容，来综合判断。提一下为什么去看风光类而不是人像旅拍类，因为人像类的结果导向是把人拍好看，而不是这个环境究竟多美，所以人像类对你的自由行规划的真实性几乎没有帮助，甚至有很多夸大的情况
8.不要相信任何所谓的天气差所以景区避雷的帖子。很无脑且没有逻辑。因为任何地方天气差可能都受影响，吐槽的应该是老天爷或者自己查天气的能力，不应该是景区或者目的地
9.其实每一个景区都值得去，就算和大家说所谓的合理组合也不是绝对的。如果翻一下各种帖子，一定会发现见仁见智的说法，放松一点，给多一点时间在一个地方自然就会觉得它格外值得，饱满且时间充足的自然价值也等于情绪价值
	
#新疆旅游攻略 #独库公路 #伊犁环线 #夏季旅行首选地 #新疆自由行 #伊犁自由行 #阿勒泰自由行攻略 #旅行团 #摄影 #琼库什台",2373,2477,429,https://www.xiaohongshu.com/explore/66627eca000000000e0321ef?xsec_token=ABPafdwCXLBRt_tra1zVfQeZOuwFxeiPSBKP2Y2TXwp6w=&xsec_source=pc_search&source=web_explore_feed,https://sns-webpic-qc.xhscdn.com/202502281101/343060636788799ab2505d78949c0ca2/1040g008313ns6us71g005nqkm8v099uq7hkcb60!nd_dft_wlteh_webp_3,火火和月月,,
去新疆！能报团的！就不要自驾！！❌,"特别是第一次去新疆的朋友，不要做这么有挑战的事。我和朋友先后去的新疆，不同的旅行方式，她自驾我报团，回来复盘达成一致观点：新疆很美！但不建议自驾。朋友观点如下：
	
❗️新疆很大，不熟悉路线会浪费大量时间
导航失灵的时候真的欲哭无泪，白白绕路半个多小时，在新疆动不动就是两三个小时起步的路程，在这么一折腾直接干崩溃，三个人换着开都感觉精力被掏空，无暇顾及沿路的风景了。
❗️不熟悉路况车况，遇到突发事件很无助
有天下午开到喀纳斯的时候抛锚了，我们谁也没经验慌的一p，当时图便宜租的这个车。。不该省的地方真别省，血泪教训，后面还是打得道路救援电话才把我们的车开走。而且不确定哪里的服务站可以加油，有些服务站就是平平无奇的一个平地，本来以为有厕所，结果憋了一路。真的遭罪
❗️旅行体验感立减50%
人的精力真是有限，前两天虽然累但是沉浸在美景的喜悦中也觉得痛并快乐。但第三天开始就抗拒起床了，一想到又是几个小时的路程谁都不想开，到了景点还要排队，都想坐飞机回家了。
	
相比而言我们报的房车团就高下立见了。虽然价格肯定比租车费用高，但看他们这么一趟折腾下来我是觉得物超所值。我的观点如下：
❗️专业的人干专业的事
不需要我们操心路线、住宿、吃饭，以及各种可能在路上发生的紧急事件。本地的司机闭着眼睛都能开，还能边开边给我们介绍。
❗️厕所问题
房车自带！！撒欢儿的吃都不怕，就算拉肚子也有地方。甚至黑水箱也不用自己倒，我们出去拍照的时候，司机就做好保洁了。
❗️体验感拉满
没有特种兵旅行，天天睡到自然醒，起不来也无所谓，一路睡到景点。晚上也不着急赶回酒店，随身的旅馆直接把游玩时间延长2小时。
	
这里给大家一些报团的注意事项！别踩雷
🌸报本地旅行社，签电子合同的才靠谱！
🌸问问导游、司机、车辆是外包的还是服务一体的，避免东拼西凑组在一起的旅游团服务，没有保障，想甩摊子就甩摊子
🌸看下路线规划和景点规划，一般一天1-2个景点是正常的。再多就纯纯特种兵了
🌸看清楚价格包含的内容（景点门票，住宿，吃饭是包几顿？有没有隐形消费之类的）
🌸建议不要报人太多的团，容易遇到神金而且没啥自由
	
⚠️现在赛里木湖的草已经黄了，这段时间打算去北疆的可以走喀纳斯巴哈巴一线，能看到雪山，风景也很美！！
#旅游攻略 #记录吧就现在 #新疆 #新疆之旅 #新疆小团",27,16,8,https://www.xiaohongshu.com/explore/66b3676a0000000005031572?xsec_token=ABkf7n7lMwJYPzsoUb7iX2LjDqnFa2U3Rq4lvaEnrhbwI=&xsec_source=pc_search&source=web_explore_feed,https://sns-webpic-qc.xhscdn.com/202502281101/7e8e783173d89c244bc018a8111d14aa/1040g0083166sjlp80u005ndg0ls092vaiu42es0!nd_dft_wlteh_webp_3,游由羊🐑,,
第一次来新疆怎么玩？选择南疆or北疆？,"新疆广义以天山为界
📍天山以北为北疆：伊犁哈萨克自治州（伊犁河谷）、博尔塔拉蒙古自治州、昌吉回族自治州、阿勒泰地区、塔城地区、乌鲁木齐、克拉玛依、吐鲁番、哈密 ㅤ
📍天山以南为南疆：克孜勒苏柯尔克孜自治州、巴音郭楞蒙古自治州、阿克苏地区、喀什地区、和田地区
☁气候
🌟北疆：冬季寒冷且漫长，2🈷️平均气温在6℃至-6℃之间，常有暴雪❄喀纳斯等地积雪覆盖，有壮观的雪景，雪蘑菇、雾凇等景观随处可见
🌟南疆：冬季较为温和，平均气温在5℃左右，早晚温差极大，白天阳光充足时，会有暖意。
	
🌈2月去新疆，个人更建议去北疆！此刻的阿勒泰就是冰雪大世界，能看到雪的各种形态，太美了！值得
🌈热门景点
✔阿勒泰：“中国雪都”，体验速度与激情。
✔喀纳斯三湾：神仙湾的晨雾、月亮湾的小狐狸、卧龙湾的栈道都很有特色。
✔喀纳斯：茫茫雪原，桦林雾凇，冰湖，仿佛置身仙境。
✔禾木：童话般的小木屋，像一座座雪蘑菇，能看到璀璨星空。
#蓝色治愈系风景 #仙境般的美景 #新疆之旅 #新疆旅游攻略 #新疆喀纳斯 #北疆环线 #阿勒泰旅游 #假期出行 #新疆冬天旅游 #一起去看世界美景",834,1081,34,https://www.xiaohongshu.com/explore/67614bb40000000014025589?xsec_token=ABO-9nbEYxvuc7tAfFu7qTT5q0hfekt012aq2R4h7hvsY=&xsec_source=pc_search&source=web_explore_feed,,小新在新疆,,
❤️来新疆｜南疆北疆不纠结选择攻略篇,"新疆南疆VS北疆解析，让你一次搞清楚‼️
🌄宝子们，今天咱们来好好解析一下神秘而美丽的新疆南北疆，让你一次就把它们弄明白‼️
.
🙌南疆景点类型：
▪️历史文化类：喀什噶尔古城，这是一座活着的千年古城，充满了浓郁的维吾尔族风情。古老的街道、传统的民居，无不展现着西域的历史底蕴。
▪️沙漠风光类：塔克拉玛干沙漠，是中国最大的沙漠。在那里，你可以体验刺激的沙漠越野，感受广袤沙海的无垠。
▪️古迹遗址类：克孜尔千佛洞，见证了古代西域佛教的繁荣，精美的壁画让人叹为观止。
-
🙌北疆景点类型：
▪️高山湖泊类：喀纳斯湖｜赛里木湖｜天山天池
▪️高山森林型草原：夏塔｜那拉提｜琼库什台｜赛克云端｜阿克塔斯
▪️河谷森林型草原：唐布拉百里画廊｜库尔德宁｜恰西塔里木环线
▪️地质奇观类：魔鬼城｜乌伦古湖
.
👉南疆合适游玩时间
4-5月塔县看花
5～10月 风景都很美
10-11月看金秋胡杨林
·
👉北疆适合游玩时间
4-5月伊犁看花，鄯善沙漠
6-7月伊犁地区草原、雪山、花海
8月-国庆阿勒泰看湖泊、村落、秋景
.
⏰南疆适合游玩天数
一般7-10天，可喀什起，喀什止。可乌鲁木齐起，乌鲁木齐止，可乌鲁木齐止，喀什止。
·
⏰北疆适合游玩天数
一般7-12天，单区域游玩可选择伊宁或者阿勒泰市落地。走大环线建议一般12天起……大环线可能会有视觉疲劳之感，身体也会疲惫。
-
🅾注意事项
✅防晒要做好，紫外线强。
✅温差大，带厚外套。
✅景点远，自驾提前检车。
✅美食适量，注意肠胃。
#新疆  #新疆旅游  #新疆旅游攻略  #新疆北疆  #新疆南疆#新疆房车游 #亲子游 #一生总要去一次的地方 #旅行必去之地 #大美中国游牧之疆秀",138,104,评论,https://www.xiaohongshu.com/explore/67a5cd52000000002902a3b3?xsec_token=ABjm2TazVu885kDADUYcTR5xUylUn_5Bm565XqFgXJgsw=&xsec_source=pc_search&source=web_explore_feed,,一一妈妈,,
🇲🇾✈🇨🇳 马来西亚人去新疆9天8夜旅游攻略,"新疆真的是必去的地方，风景美得震撼，绝对值得一游！💯我们这次旅行花了大概 RM5300，真的是超值！想着能看到这些美景，价格实在太便宜了，超级推荐！😎
1⃣ 机票费用 ✈
我们从马来西亚出发，经过厦门和长沙中转，最后飞到乌鲁木齐，机票大约 RM1500。虽然时间有点长，但价格超级划算，贪便宜就果断定了这个。机票便宜，但飞得也挺远的，大家可以提前留意降价，再买也不急。🛫
2⃣ 住宿费用 🏨
住宿安排超乎预期！每一间都非常干净、舒适，环境也很美！尤其是禾木村的木屋，很有特色，完全没有想象中那么简陋，超满意！住得真的好舒服！👍🏻 住得开心，绝对不亏！🛌
3⃣ 交通与包车费用 🚙
交通全程由领队安排，专车接送，完全不需要自己操心。我们包车的费用平摊下来很实惠，四个人一起分担，出行超方便。大家都不用担心，随时有车接送，省时又省力！🚗
4⃣ 景区门票 🎫
新疆的景区几乎都需要买票，总费用大概是 RM1000左右，门票价格合理。赛里木湖、禾木村的美景真的是值得每一分钱！🌄 这些地方景色绝对让你想停下来看一整天！
5⃣ 美食费用 🍽
新疆的食物真是太好吃了！牛羊肉和鸡肉是主打，最喜欢的就是烤羊肉串，味道真的是超级好！🔥此外，虎皮辣子炒茄子、大盘鸡、烤馕、烤包子都很不错！新疆的分量也很大，大家可以一起分享，9天的餐费不到 RM1000，超级省！😋
6⃣ 领队推荐 💯
我们这次的领队超级贴心！虽然他是个00后的小伙子，爱玩爱闹，但做事非常细心、贴心。开始我还担心他的回复慢，但后来才知道他每天都忙得要死，根本没时间回复信息。他不仅是领队，还兼任司机、摄影师、修图师等多重身份，真的很能干！他总是关心大家，替大家解决问题。比如禾木住的第一晚不太理想，立刻给我们换了更好的房间，而且没有收额外费用，真的太感动啦！💖
总结 🟰
新疆的风景真的是无法用语言形容的美，只有亲自去才能感受到！这次9天8夜的费用大概 RM5300，真的超级划算，绝对不会让你失望！我已经决定了，今年5月再去一次！🩵
所以大家一定要去新疆，真的超级值得！🌟
#新疆 #马来西亚 #禾木村 #阿勒泰 #赛里木湖 #乌鲁木齐 #北疆 #新疆自由行 #新疆美食 #马来西亚去新疆 #旅行攻略 #包车旅行",21,39,42,https://www.xiaohongshu.com/explore/67af1c370000000018018be3?xsec_token=ABfiKflVnmRIw5OEvAx38tVL1GTH5v1UceDl2Ec7YBWoY=&xsec_source=pc_search&source=web_explore_feed,https://sns-webpic-qc.xhscdn.com/202502281101/07fbb4827bab918ba7751c9b2cc20b23/notes_pre_post/1040g3k831dsmcq9cgk705p2jj0i44usqbdmfstg!nd_dft_wlteh_webp_3,蜡笔小星星,,
给你们一个新疆特别特别详细的南北疆攻略图,#新疆 #自驾游 #新疆之旅 #新疆旅游攻略 #新疆伊犁 #新疆是个好地方  现在我就不信你们还看不懂伊利最美时间点在五月到八月，北疆阿勒泰地区九月过后到十月中旬，南疆八月以后。切记，时间一定不能错，不然在不对的时间去不对的景点你们会吐槽的体验感大大下降哒,192,270,6,https://www.xiaohongshu.com/explore/66fd4475000000001b020fd9?xsec_token=ABG2_MSEaG0EXnvVzpnK-e1JzGTDTpyhudnilJS43coLA=&xsec_source=pc_search&source=web_explore_feed,,阿龙在新疆,,
去新疆旅游的5种交通方式🔥总结的太全了‼️,"🚀 必须去的新疆旅行，旅途中的交通指南来啦！ 🌟
想要探秘广袤的新疆，交通方式绝对是旅行计划中的重要一环。无论是飞机还是途经风景如画的火车汽车，这里总有一款交通方式适合你！
🛫 抵达新疆：多种选择任君选
、
飞机：最快捷途径飞往新疆。从北京直飞乌鲁木齐仅需4-5小时，轻松抵达地窝堡国际机场。
火车：适合偏爱窗外风光、预算有限的朋友。推荐先至西安、兰州等地，再换乘进疆列车，时长约30小时+。
🚂 新疆省内漫游：便利的交通网
、
火车：连接重要城市如乌鲁木齐、吐鲁番、哈密等，坐火车游新疆方便快捷。
自驾/租车：随心所欲，自由探索。当地租车自驾，路途风景美不胜收。
包车：本地司机熟悉路况，全程无忧。5座或7座车型，日租费用大约500-800元。
、
💰 新疆旅行消费指南
门票：新疆景点普遍需要门票，常见价格在40-60元/人，大型景区如喀纳斯可能需要185元/人。
餐饮：乌鲁木齐、喀什等大城市及景区内消费相对较高，人均50-70元。小城市如吐鲁番较便宜，20-50元可享美味。
特产：瓜果物美价廉，不容错过。
、
🗺️ 线路推荐
北线深度游：7-8天探索阿勒泰地区。从乌鲁木齐出发，经可可托海、布尔津、禾木到喀纳斯湖，然后是白哈巴、哈巴河县和五彩滩。
西线旅游：8-9天游伊犁精华。从布尔津到乌尔禾(魔鬼城)，经赛里木湖、果子沟大桥、霍尔果斯口岸到伊宁，最后是昭苏、特克斯、喀拉峻、琼库什台和那拉提。
、
无论选择哪种交通方式，新疆的美景都在等你去发现。走进新疆，开启你的绝美之旅！🧳✨
#新疆旅游  #总得去一趟新疆吧  #新疆旅游包车  #新疆旅游攻略 #新疆旅行攻略 #新疆之旅  #新疆自驾游  #本地人去哪玩 #令人难忘的景点 #新疆景点推荐 小众旅行地  #旅游老兵攻略",1,1,评论,https://www.xiaohongshu.com/explore/6794764b000000002803d452?xsec_token=ABqopgTeLm9AJYDX9Kp8GlwdhQDqrkLSlidUuDM_TkjBo=&xsec_source=pc_search&source=web_explore_feed,,椰椰不耶,,
纯干货！！河北到新疆自由行攻略✈️,"不想跟团的真的可以看这篇！（绝对🈚️广）
行程规划
day1 （5.24）
下午2点 到邯郸
4点-6点到石家庄
6点-7点到正定机场
7点-8点到酒店
day2 （5.25）
6点-6.30收拾
6.30-7点 机场
7.30-11.40 到乌鲁木齐
机场快线1h到乌鲁木齐站
住火车站附近出行方便
下午行程.汗腾格里清真寺—陕西大寺—金泉商—新疆民街—国际大巴扎—领馆巷
day3 （5.26）
8:26-14:12 c841火车5h46 128¥落地伊宁
吃饭 六星街—喀赞其—丝路之光夜市
day4 （5.27）
伊宁—赛里木湖—伊宁 我们当时是租车自驾去了赛里木湖！
day5 （5.28）
伊宁—那拉提—伊宁
车票55中巴车12:00-15:30到（直达就一班车）也可以拼车
day6 （5.29）
那拉提—伊宁15:00—18:30新源车站53¥
day7 （5.30）
恰西没有直达车 我们拼车去了恰西！
伊宁—恰西—伊宁
day8 （5.31）
伊宁—乌鲁木齐站9:15—14:23 c848火车
晚上住机场附近
day9 （6.1）
启程回家 怕报不好团的就自由行吧～新疆真的很安全的！虽然确实有一点不那么省心都需要自己安排 不过还好！我已经帮你们探过路了！
#我的小众旅行攻略 #那拉提 #恰西森林公园 #赛里木湖 #新疆旅游攻略 #新疆之旅 #我的旅行日记",866,589,90,https://www.xiaohongshu.com/explore/6664efd9000000000e0310a1?xsec_token=ABj5mB_5iUBeVO4sK2SHnzKHS-YmupmTF7UiKF_Ds77OY=&xsec_source=pc_search&source=web_explore_feed,https://sns-webpic-qc.xhscdn.com/202502281102/a8af8023de668c92b50507166b69f2e0/1040g2sg313q8gmtdie705o20skb08f6tvuiik00!nd_dft_wlteh_webp_3,浪漫些许潦草,,
五一🌿去伊犁旅游，姐妹们听听我的建议,"#春日已成花海
宝子们👫，夏天的伊犁简直美到犯规！漫山遍野的花海、广袤无垠的草原、湛蓝如宝石般的湖泊，每一处景色都能把人美哭。整理了一份伊犁旅游攻略，快码住出发吧！
-
-
🌈伊犁必去景点
📍那拉提草原：那拉提真的很美，空中草原很经典，很多打卡点都在这儿
📍赛里木湖：来都来了，怎么能不去看看大西洋的最后一滴眼泪，
📍琼库什台：非常具有童话气质的原始村落，木屋、森林、草原、牛羊
📍库尔德宁：属于早绿的草原，可骑马可徒步，一小时左右达到观景台，人少景美
📍恰西：开车就能直达，藏在森林里的美丽画卷
📍喀拉峻草原：繁花点点的立体3d草原
📍唐布拉草原：有“百里长卷，天然画廊”的美誉
📍夏塔古道：非常适合徒步的景点，可以近距离接触雪山
-
-
🚗行程推荐
➡️伊犁6日环线（独库开放前）
D1：乌鲁木齐-赛里木湖-果子沟大桥-伊宁
D2：伊宁-喀赞其民俗村-那拉提空中草原-新源/那拉提
D3：新源/那拉提-库尔德宁-六星街-伊宁
D4：伊宁-图开沙漠-大西沟福寿山-奎屯
D5：：奎屯-独山子大峡谷-肯斯瓦特水库-S101-百里丹霞-乌鲁木齐
	
➡️伊犁7日环线（独库开放后）
D1：乌鲁木齐--赛里木湖--果子沟大桥--清水河
D2：清水河--霍城薰衣草花海--卡赞其--伊宁
D3：伊宁--伊昭公路一夏塔一昭苏
D4：昭苏一琼库什台一八卦城离街一特克斯
D5：特克斯一那拉提空中草原一那拉提镇
D6：那拉提一独库公路一乔尔玛一唐布拉仙女湖-独山子
D7：独山子--独山子大峡谷--S101国防公路风光--乌市
-
-
【行程亮点】
🏆2-6纯玩小团，一人🉑报，天天发团
🏆同龄人享受优先组队
🏆报名即签订正规旅行合同
🏆免费接送机🛫服务+商务车🏎大七座
🔎单反+无人机航拍+旅拍📸
·
想了解更多线路🌿、抱价🌿👉直接戳或下方苹论人数+日期
	
#假期去哪玩 #本地人做的攻略 #旅游不踩坑 #新疆旅游 #伊犁 #伊犁旅游 #伊犁杏花沟 #伊犁攻略 #五一出游",324,550,67,https://www.xiaohongshu.com/explore/67b6abc30000000029019401?xsec_token=ABxLz7581aBxbNPwVtPktCe6BG6Lk9HGzKmbDdThjY6OQ=&xsec_source=pc_search&source=web_explore_feed,https://sns-webpic-qc.xhscdn.com/202502281102/3801b038badac7529f3ad0f2ffdd3a4c/1040g2sg31e42mofa10d05p9594gqlcj7mkh0ee0!nd_dft_wlteh_webp_3,三山旅行-山海,,
伊宁去赛里木湖交通攻略,"公共交通自由行
	
（按照我自己的行程安排给大家参考）
	
我是从伊宁出发去赛里木湖，
当日来回，晚上宿伊宁，
预留了一整个白天的时间
	
购票
1.来回的大巴车票
2.景区门票，景区区间车票
	
一、大巴单程车票 ：49元/人
	
➡️去程是在“伊犁州汽车客运总站”
微信公众号上购买，见截图。
可以直接购买到赛里木湖的车票。
	
我买的上午9点出发的班次，
中途加油站（有乘客提出）停车上厕所。
	
11点左右车来到果子沟大桥。
之后就进入到湖区了，
左侧可以看到赛里木湖，
右侧可以看到山坡草地。
	
11点到11点半这期间半个小时
基本是沿着湖边走南门到东门的外侧路段。
（景区内区间车/景区自驾走更靠近湖的公路）
到达赛里木湖景区游客中心大约11点半。
	
⬅️返程则是在去时下车的地方
（停车场/景区门口）
找到赛里木湖回伊宁的大巴。
	
在去程路上，车上的工作人员
组织大家扫码建了个群。
所以我是通过群里发布的定位和车牌号
找到回程的大巴位置的。
这个微信群的作用还包括
组织有意愿的游客拼车环湖游览，后面会说到。
	
回程是上车后扫微信付款码购票。
回程班次最早下午6点半，最晚8点。
人满/到点发车。
请以当天工作人员通知为准
	
 关于景区内游玩方式：
官方给的两种：坐景区区间车/自驾
前面提到，去程大巴上建了微信群
	
群里是当天所有从伊宁客运站出发
到赛里木湖的游客，不止是所坐那辆车上的。
有意愿的游客可以在群里接龙报名，
直接坐这辆车以自驾形式环湖观光。
司机帮大家统一买自驾的门票和车票，
带大家坐车环湖。
（票价，相比区间车优点等详情请见p8p9）
	
考虑我比较喜欢自由
所以我还是按原计划去坐景区的区间车
	
二、门票购买：70元/人
我是在美团上，提前一天购买的。
美团每天早上10点开售。
携程上没有门票出售，提供的是公众号的链接，
但是公众号我没有找到门票在哪买（😂）
貌似也可以去到现场的售票中心再购买。
	
三、区间车票购买：60元/人
赛里木湖景区公众号、携程、美团均可购买。
	
注：门票和区间车票需要在售票处换取纸质票。
区间车上车前关卡会查票。
换票我直接用的手机号，身份证带了但没用上
	
关于区间车的体验，沿途站点和时间等
可以看我下篇的说明。
	
#赛里木湖攻略 #新疆伊犁赛里木湖 #伊犁旅游 #伊犁旅行 #赛里木湖一日游 #赛里木湖一日游可拼车包车  #赛里木湖公共交通",862,1176,142,https://www.xiaohongshu.com/explore/66db0ee10000000027000895?xsec_token=ABD7aLIdTO53_q2i39eNclmPG0YMwpWD0njMIeZWyQ4uQ=&xsec_source=pc_search&source=web_explore_feed,https://sns-webpic-qc.xhscdn.com/202502281102/89642e75a164dec452adb30a6e260641/1040g008317dg5f6h4a505n79bv2k9fqhua00ltg!nd_dft_wlteh_webp_3,王木木,,
2025新疆旅游攻略,"2025新疆旅游最佳时间几月份这篇攻略请收藏好[愉快]
	
🌈新疆旅游不同月份看什么景色
🎈4-5月:
帕米尔杏花、土尔根杏花、大西沟杏花、帕米尔高原、塔克拉玛干沙漠
🎈6-9月:
新疆最美季节，那拉提草原、喀拉峻草原、夏塔古道、琼库什台、昭苏草原、独库公路、霍城薰衣草、赛里木湖、喀纳斯
🎈9-10月:
北疆:金秋喀纳斯、禾木、可可托海
南疆:轮台胡杨林、塔里木胡杨林、罗布人村寨、帕米尔高原
🎈11-3月:
北疆:喀纳斯、禾木、白哈巴、赛里木湖、乌伦古湖
南疆:喀什古城、帕米尔高原、白沙湖、喀拉库勒湖
	
⚠️⚠️新疆游玩建议
🔺新疆分为南北疆，北疆主要是以自然风光为主;南疆以人文风情为主
🔺新疆各个景点距离遥远，很多时间都在车上，不要跟大巴团		要选择舒适的车辆出行
🔺不用担心会有高原反应，新疆只有帕米尔高原会有轻微高反，其他地区老人小孩都可以放心去
🔺不管什么季节新疆的紫外线都很强，一定要做好防晒措施
🔺新疆即使是夏天早晚温差也很大	要备好厚	外套/冲锋衣
🔺新疆很多地方都需要徒步，要穿舒适的运动鞋，不要穿皮鞋
🔺一天不要安排过多的景点，新疆很大，景点也很大，要合理安排时间
🔺新疆很安全，隔不远就会有一个警务站，一个人也可以放心出行
🔺不要在景区买特产，推荐去乌鲁木齐的	华凌	市场和红山干果市场#新疆 #新疆旅游 #新疆旅行 #新疆旅游攻略 #新疆注意事项",33,35,2,https://www.xiaohongshu.com/explore/67bc04b6000000002802bd07?xsec_token=ABa24pGds3urSNzETqnEqRYXKG9Sg5hlf3dAPimWoCpaY=&xsec_source=pc_search&source=web_explore_feed,,橙橙旅行日记,,
刚旅游回来！写给第一次来乌鲁木齐玩的姐妹,"第一次来乌鲁木齐旅游的姐妹们，看这个攻略就够啦！
大家可以跟着图3的乌鲁木齐景点&美食地图打卡，地图能一键导航，还能看其他人发的攻略，参考图4。
完整导航版旅游地图看图5。
另外地图还可以自定义行程路线，参考图7。
#乌鲁木齐旅游 #乌鲁木齐旅行 #乌鲁木齐攻略 #乌鲁木齐旅游攻略 #乌鲁木齐美食 #乌鲁木齐一日游",143,251,1,https://www.xiaohongshu.com/explore/67a42e4a0000000029028319?xsec_token=ABEqeWlwUEEWjp88LtHAsHxCdE34vtMonpHGsWLT3VJr4=&xsec_source=pc_search&source=web_explore_feed,https://sns-webpic-qc.xhscdn.com/202502281102/ec18922185521b04cf2c7580dfe3dad8/1040g00831di0sk5bgc6g5pni29l7ec8amfq5ai0!nd_dft_wlteh_webp_3,1234,,
新疆游玩☃️自由行跟团游⛷️雪地沙漠j人攻略,"💗Excel在图2
🌟七天六夜行程：乌鲁木齐-庙尔沟瀑布【骑马雪地摩托滑雪圈】-独山子大峡谷-赛里木湖-吐鲁番沙漠【滑沙越野车冲沙沙漠秋千】-天山天池滑雪-市区买手信
💰全部费用4000+广州出发
😋本攻略每天美食不重复：抓饭烤包子奶皮子蛋糕酸奶粽子油糕烤肉丁丁炒面纳仁面黄面凉皮面肺子缸缸肉扁豆面旗子油塔油香大盘鸡酸奶夹沙牛肉丸子汤
🗺️路程（见p10和17
1⃣️乌鲁木齐
❶和田二街：努日依曼无花果抓饭28～石榴汁10～迷啦谜奶皮子蛋糕20～喀什一把抓肉包子3
｜🚶‍♀️20分❷国际大巴扎：石榴花巷拍照～爱乐塔西娜刨冰粽子8～大巴扎步行街逛拍～马师傅的油糕店（沙煮咖啡+油糕14
｜🚶‍♀️20分❸金泉商城～艾力烤肉店（肉串均价2-3r便宜量大
2⃣️庙尔沟瀑布
拼车100/人
❶和田二街午餐：花圃园餐厅（丁丁炒面、纳仁面。40
｜🚗1.5h❷庙尔沟：学生半价22.5～骑马、雪地摩托和车里伙伴拼均价85～途径多个雪地秋千～终点冰瀑布～免费玩滑雪圈不限次数
｜晚餐❸和田二街缸缸肉（清甜羊肉汤）、面肺子（羊内脏
3⃣️独山子大峡谷
两天一夜团299市区出发
🚗约九小时路途遥远。沿路白雪皑皑峡谷和没有尽头的雪地混沌一块妥妥末日感🥹
🏨精河文化假日酒店。晚餐阿舍儿丸子汤（扁豆面旗子14+油香/油塔）～rbtea（厚芋泥酸奶14
4⃣️赛里木湖
🚗约3h，环赛里木湖一圈差不多100km，时间原因只去了湖边以及冰柱处，玩得不尽兴
5⃣️吐鲁番
一日团100（淡季门票均半价
🚄去乌鲁木齐～吐鲁番北1h；回鄯善北～乌鲁木齐1.5h
❶坎儿井20❷火焰山芭蕉扇温度计后山万佛宫22.5❹黄面肉串人均3-5r❺吐峪沟麻扎村景区外拍了照❻库木塔格沙漠第二大沙漠🏜️体验越野车开入沙漠腹地、滑沙、沙漠秋千全程大概200/人2h
6⃣️天山天池滑雪
滑雪100/4h（含雪鞋雪板
🚗天山天池滑雪gzh免费大巴
👔自己的棉裤+租滑雪外套30护具头盔60储物柜20+自带墨镜
⛷️新手双板，学会穿鞋走路刹车控制速度就ok，缆车可以上下高级雪道看风景
7⃣️手信回程
巴克拉瓦干果牛肉干熏马肠奶酪条阿尔曼超市（维族特色超市）
#浪漫生活的记录者 #新疆 #新疆旅游 #沙漠 #玩雪 #游玩攻略 #南方人看雪",3,3,2,https://www.xiaohongshu.com/explore/67c11f00000000001201e14b?xsec_token=ABOXRwzNkyvrjZbg9klG0rxEzX5ijoy1RNBMP9ycvjn4Q=&xsec_source=pc_search&source=web_explore_feed,,栗子的游玩小记,,
