标题,内容,点赞,收藏,评论,笔记链接,图片链接,作者,keyword:重庆 自由行 攻略,2025年02月28日 13:23
就连土著也看不懂的重庆版地图🗺️。。。,"#重庆旅行攻略 #本地人做的攻略 😭重庆的路有多绕相信去过的朋友都知道、去了几次重庆终于摸清了、这份攻略希望可以帮助需要的人～
#山城的浪漫永不停歇 #走过你走过的路 #山城的浪漫至死不渝 #重游那些走过的路 #重庆人的浪漫 #本地人的路线都是这样 #重逢便是庆 #本地人做的攻略",8597,8718,220,https://www.xiaohongshu.com/explore/6790c2dd0000000029031760?xsec_token=ABVkgH4Y3Lj62A-yS49yEZ3xxH6vIjporuo9hDBXqbEsI=&xsec_source=pc_search&source=web_explore_feed,https://sns-webpic-qc.xhscdn.com/202502281323/003c217b9a9311f29cf4336e9651e1b2/1040g00831cv1vk2m0k3g5p159mgkidbculhqcqg!nd_dft_wlteh_webp_3,喜欢旅游,,
听劝👂2-3月去重庆的姐妹👭码住（巨全！,#重庆 #重庆旅游 #重庆旅游攻略 #重庆旅行 #重庆旅行攻略 #重庆游玩攻略 #重庆打卡 #重庆拍照 #重庆美食 #重庆美食攻略,433,464,8,https://www.xiaohongshu.com/explore/67b5a2bd00000000090394f7?xsec_token=ABUG3PXM2rkDKZT301D-MHGHwKr7Wke-yOXSwAhK-vVfc=&xsec_source=pc_search&source=web_explore_feed,https://sns-webpic-qc.xhscdn.com/202502281323/e5a1b69934ebc4d0ee32a88924a21f46/1040g00831e327d6th6505pd4un0gsss1qraium8!nd_dft_wlteh_webp_3,小鱼冻干🥣,,
重庆citywalk路线 | 3天2晚超全攻略来了✅,"从重庆旅游回来了！重庆真的好吃又好玩🥹🥹整理了一份攻略给大家 希望可以帮到姐妹们👭
🔹路线安排
Day1⃣： 解放碑➡八一好吃街➡来福士➡洪崖洞➡千厮门大桥
Day2⃣： 重庆动物园➡鹅岭二厂➡李子坝➡观音桥➡北仓文创园
Day3⃣： 山城步道➡十八梯➡湖广会馆➡龙门浩老街➡长江索道
🔹重庆住宿建议
1、节假日出行一定要提前预定酒店，临时订酒店可能没房，价格也会上涨
2、如果订民宿的话，一定要注意图片和实物符不符合，多看看评论区的真实反馈，可以帮助排雷
📍解放碑
重庆中心地区，周边景点多，交通便捷，吃东西的地方也很多，但价格整体会高一些
📍两路口
渝中区的交通枢纽，性价比高但周边景点不多
📍南滨路
重庆一线江景，夜景超级美，交通不是特别方便📍观音桥
交通便利，性价比高，离北城天街、紫薇路、不夜城九街都比较近，但附近的热门景点不是很多
#重庆 #重庆旅游 #重庆旅游避坑 #重庆攻略 #重庆旅行攻略 #重庆景点 #重庆citywalk #重庆打卡 #重庆美食 #重庆拍照",4.6万,4.2万,2361,https://www.xiaohongshu.com/explore/67937fc400000000180065c2?xsec_token=ABltY5fGRZhW23Uv75h0YIIxlRPtB0NuR1vBzLPD6K0gs=&xsec_source=pc_search&source=web_explore_feed,https://sns-webpic-qc.xhscdn.com/202502281323/50744782aeaf992be2fd0e9681b45fd7/1040g2sg31d1niqvcgk704am9qrc4382s32k4f00!nd_dft_wlteh_webp_3,Zouya0,,
终于有人把重庆旅行攻略说明白了✌🏻,"🙏去重庆之前必知道这些！不然就会踩💣雷
💥学生党记得带上学生证，重庆有部分景点是有学生优惠的。
💥重庆是8D城市，大家自驾游的话，一定要注意不要走错路。
💥长江索道是重庆特色的渡江方式，第一次来重庆可以体验一下，但不建议坐往返的，来回看到的风景都一样。
💥洪崖洞没有快速通道，都是骗人骗钱的，只不过带你坐个电梯，千万不要被骗。
#重庆 #出行攻略 #重庆旅游#重庆旅行#重庆旅游攻略#攻略 #重庆美食#重庆美食攻略#重庆打卡#重庆拍照 @大刘的旅行记 @吃货薯 @薯队长",1795,2598,41,https://www.xiaohongshu.com/explore/6787b71d000000001802affa?xsec_token=ABs261qendx_HRuSccvMjgPe1MJK3uVVyQ6NR_PbU-q70=&xsec_source=pc_search&source=web_explore_feed,https://sns-webpic-qc.xhscdn.com/202502281323/08eeee5604c6d6719e93eb146e6054ef/1040g2sg31cm7b3k5ge005o27cvd08fbd780ldm8!nd_dft_wlteh_webp_3,干饭大王,,
重庆景点真实鄙视链‼️土著整理景点游玩攻,"重庆真的有非常多好玩的地方！想来重庆旅游的姐妹👭来看一下这份景点排名💯看完你就知道怎么玩了✅
-
🌈游玩建议
✔️洪崖洞1楼和11楼出去都是大马路，但从11楼出去才能上千厮门大桥，坐地铁也要从11楼出来
✔️长江索道是重庆特色的渡江方式，di一次来重庆可以体验一下，但不建议坐往返的，来回看到的风景都一样，而且坐来回要重新排队
✔️洪崖洞根本没有快速通道，黄牛所谓的快速通道其实就是免费电梯，欺负游客找不到路，直接跟着走就行
✔️晚上不要乘坐两江游轮，价格贵，第二层楼还要另外加钱升舱，还是白天的怀旧轮渡更有性价比，只需要15R
✔️吃东西慎点特辣，不要轻易尝试重庆的辣度，通常吃微辣就可以了，特别是火锅越吃越辣
-
🚗重庆出行方式
🔸地铁：重庆地铁已开通多条线路，覆盖了主城区各大景点，全程票价2-7R，方便快捷不堵车
🔸公交：全程票价2R，可到达大部分景区，但需注意高峰期拥堵，晕车或者赶时间的姐妹就不建议了
🔸出租车：认准黄色“法拉利”，重庆出租车白天起步价10R，夜间起步价11R
🔸网约车：价格比出租车更实惠，但是打车时要记得找准周围的标志性建筑，还要认准正规的打车平台
-
🏠重庆住宿指南
📍解放碑：重庆繁华的地段，交通便利，拥有多路公交车和轨道站点，从这里出发前往主城区内的景点都很近
📍南岸区：与渝中区隔江相望，夜景很美，想看江景的宝子们可以选择楼层稍微高一点的酒店房间，可以更好的欣赏夜景
📍沙坪圾：这个区域内的景点还是比较多的，这里也是重庆高校云集的地区，住宿价格比较便宜，非常适合穷游党和学生党
#鲜龙井烤全羊#鲜龙井团建#鲜龙井聚餐#重庆旅游#重庆美食#重庆攻略#重庆游玩#重庆景点#重庆旅游攻略#假期去哪儿#重庆火锅",2830,2790,118,https://www.xiaohongshu.com/explore/676fd3e40000000013019b3d?xsec_token=ABF1HT2Er6I_QvSLBv43wlEbUIwgrryRudE2fzHhvEteA=&xsec_source=pc_search&source=web_explore_feed,https://sns-webpic-qc.xhscdn.com/202502281323/292edb8a8861c64dc5368e56554c05c8/1040g2sg31busrdp608005nmgc6tgbrdalb7nmf8!nd_dft_wlteh_webp_3,二狗哥,,
重庆2🈷️现状。。过来人建议：做好攻略,"做好攻略再来重庆！重庆是好玩，但是坑也是真的多，不做攻略真的会后悔…
	
#重庆 #重庆旅游 #旅游 #旅行 #重庆旅行 #重庆旅行攻略",987,934,224,https://www.xiaohongshu.com/explore/67b7388e000000002901825e?xsec_token=ABv0-r8WLw74IOUCZ-nquYFkGai8i6D1cR5Dj_z8AKhpo=&xsec_source=pc_search&source=web_explore_feed,https://sns-webpic-qc.xhscdn.com/202502281323/fa3c7d6f358cc165f0f849dbf410d720/1040g00831e4jsmcr0e6g5ona4t57jscnl28pvio!nd_dft_wlteh_webp_3,重庆小灵通,,
去重庆前，听点不一样的大实话,"2-3月份来重庆旅游的宝宝，不要错过这份攻略喔，给大家作为参考!
希望即将去重庆游玩的姐妹能够避坑!送给来重庆旅游的姐妹!!
#重庆#浪漫生话的记录者#重庆拍照 #重庆旅游 #重庆探店 #重庆旅游攻略 #重庆吃喝玩乐 #洪崖洞#旅游攻略@小红书创作助手",4877,6154,605,https://www.xiaohongshu.com/explore/6799dd5b000000002903e8b6?xsec_token=ABYHj8eq66t5sQyW5esNoh_ak3d3aa5NxiDRtmdxjqtF0=&xsec_source=pc_search&source=web_explore_feed,https://sns-webpic-qc.xhscdn.com/202502281323/966d769ef0c3490f26259ef5747f83ed/1040g00831d7ugelbgk005pas1j5204ai0odhu88!nd_dft_wlteh_webp_3,不吃番茄,,
来重庆别再踩雷了‼️,"还有一个月就要跨年了！好多宝子想来重庆玩又怕踩雷，所以我整理了一份重庆旅游避雷攻略，超级详细，宝子们快来抄作业！
-
🏨重庆住宿推荐
1️⃣解放碑
解放碑在重庆的中心，这附近的景点多，大多部分步行就能到，周围也有很多老字号美食。
2️⃣观音桥
观音桥附近的酒店和民宿都很多，选择多，距离市中心也不远，性价比高，喜欢热闹的宝子可以选择这边，出门逛街吃东西都很方便。
3️⃣南滨路
晚上夜景很好看，但是江景房价格较贵，偶尔奢侈一把也可以，预算够且想看无敌大江景的宝子可以选择南滨路，夜晚可以在江边散散步，吹吹晚风。
-
✅重庆市内出行：
🚌公交车：
提前准备好零钱或者二维码（打开微信搜索乘车码，将公交地铁码换成区县公交码），节假日和高峰期❌不推荐坐公交车，超级堵车，晕车的宝子可以提前备好晕车药💊，因为重庆的道路也是上上下下的，容易晕车。
🚕出租车：
重庆的出租车也算是重庆的一种标志，有“黄色法拉利”之称，出行方便，预算够的宝子可以考虑坐出租车出行。
🚈轻轨：
重庆的轻轨很方便，2号线和3号线能到达多个热门景点，高峰期和节假日期间人流量较大，所以进站前提前准备好乘车码。
🚠长江索道：
重庆空中公交也是重庆打卡点，需要，提前预约，单程20r，买返程需要重新排队。
#重庆#重庆美食#重庆景点#黄玉明烤肉#重庆景点打卡",1758,2307,29,https://www.xiaohongshu.com/explore/67442fc30000000007030a40?xsec_token=ABKaK79Wct32XZz-_2BUq8u2AkIYSnl1J_qPBW-ZUYpQ4=&xsec_source=pc_search&source=web_explore_feed,https://sns-webpic-qc.xhscdn.com/202502281323/a352a45b6ec0709161a47e4a1881cdec/1040g2sg31ak9285g72005p3fi4uk3ie9mf0hfr8!nd_dft_wlteh_webp_3,三三.,,
,二月三月来重庆的才是聪明人不用人挤人，那这份行程建议看完#重庆旅游 #重庆旅游攻略 #重庆旅游,1021,1017,438,https://www.xiaohongshu.com/explore/67a07591000000001701d940?xsec_token=ABsFvUMxr-j2GeedRc_sHY6bHm8ZLgG5OkLFbGJPAIGEg=&xsec_source=pc_search&source=web_explore_feed,,花花在重庆,,
去了趟重庆，想说点实话。,可能是现在最真实的重庆旅游攻略 #重庆攻略  #重庆旅行攻略  #重庆美食  #重庆火锅  #大学生  #旅游  #穷游  #真实旅游  #秋游记  #低头捡个秋,1.1万,1.4万,571,https://www.xiaohongshu.com/explore/67250d90000000001b010933?xsec_token=AB9Uat_dC5djCB_i9vv7kfLJqYdGKc9_j3XQ4YvRxu3qA=&xsec_source=pc_search&source=web_explore_feed,,倍增CD了,,
重庆三天已回。。巨冷🥶两人崩溃了,"以为冬天会是重庆的淡季，结果到了重庆以后才发现重庆根本没有淡季，哪哪都是人！出发前也没怎么做攻略，后悔。。😭真心建议大家一定要做好攻略再去重庆玩！！不然会遇到各种意想不到的坑，真的心累，回来后花了一下午总结了我的亲身体验，分享给大家参考
.
#重庆 #重庆旅行攻略 #旅游攻略 #重庆打卡 #重庆旅游#重庆旅游现状#重庆景点攻略#旅游搭子 #周末去哪儿",1.4万,1.5万,842,https://www.xiaohongshu.com/explore/67822373000000002002aaae?xsec_token=ABoiZZK_xS14vzfQ3GYZZTqgZSXeNAuP2XQT-X85oIh_Q=&xsec_source=pc_search&source=web_explore_feed,https://sns-webpic-qc.xhscdn.com/202502281324/0ded90c6d4476989d41859da6d59445d/1040g00831cgp288tge005po6d677ef0em5russ8!nd_dft_wlteh_webp_3,桃桃周Lucky🍑,,
重庆已回🥺2-4月去重庆需慎重考虑,"不是我说谁，还在不做攻略就来重庆啊！
刚和闺蜜从重庆回来，来重庆不做攻略，真的很容易踩坑的，熬夜梳理出了这篇重庆游玩攻略，需要的姐妹赶紧看过来‼
·
🔹路线安排
Day1⃣： 解放碑➡八一好吃街➡来福士➡洪崖洞➡千厮门大桥
Day2⃣： 重庆动物园➡鹅岭二厂➡李子坝➡观音桥➡北仓文创园
Day3⃣： 山城步道➡十八梯➡湖广会馆➡龙门浩老街➡长江索道
🔹重庆住宿建议
1、节假日出行一定要提前预定酒店，临时订酒店可能没房，价格也会上涨
2、如果订民宿的话，一定要注意图片和实物符不符合，多看看真实反馈，可以帮助排雷
📍解放碑
重庆中心地区，周边景点多，交通便捷，吃东西的地方也很多，但价格整体会高一些
📍两路口
渝中区的交通枢纽，性价比高但周边景点不多
📍南滨路
重庆一线江景，夜景超级美，交通不是特别方便📍观音桥
交通便利，性价比高，离北城天街、紫薇路、不夜城九街都比较近，但附近的热门景点不是很多
·
#重庆 #重庆旅游 #重庆旅游避坑 #重庆攻略 #重庆旅行攻略 #重庆景点 #重庆citywalk #重庆打卡 #重庆美食 #重庆拍照#山城的浪漫永不停歇 #走过你走过的路 #山城的浪漫至死不渝 #重游那些走过的路 #重庆人的浪漫 #本地人的路线都是这样 #重逢便是庆 #本地人做的攻略",5131,5819,200,https://www.xiaohongshu.com/explore/67a5e141000000001902e079?xsec_token=ABjm2TazVu885kDADUYcTR51iXA58J1MzlMSjCXRt29Fg=&xsec_source=pc_search&source=web_explore_feed,https://sns-webpic-qc.xhscdn.com/202502281324/ab0fa49c7293d53fffa5897f1e02652c/1040g00831djlvleh0k605pc12snmdpahd9akngo!nd_dft_wlteh_webp_3,麦门听我口令,,
重庆本地教你怎么玩,#重庆旅游 #重庆 #山城重庆 #重庆旅行 #重庆旅行推荐 #重庆景点打卡,130,228,120,https://www.xiaohongshu.com/explore/67b038980000000018010177?xsec_token=ABejasOV8JGYUjV6KI1Ml43DuzhMt_uncpjEJTs3_8mlo=&xsec_source=pc_search&source=web_explore_feed,,重庆旅游依依众景,,
重庆4天3晚｜山城的浪漫永不停歇✨,"准备去重庆的朋友看过来！春节刚回，全程亲测好吃好玩，绝不踩雷！👇
	
🔴第一天：抵达日
抵达重庆（坐飞机的朋友一定要从7号口出，可以拍到“黄色法拉利”🚕车流，超震撼）
酒店🏨推荐：榕树下·有间酒店（七星岗店）交通便利，性价比高。
	
🔴第二天：山城步道+十八梯+白象居+洪崖洞夜景
早餐：🥟【藤椒大抄手】抄手皮薄馅大，藤椒味超上头，强力推荐！
➡️第一站：山城步道
起点“佳实养老院”，全程下坡，感受山城独特地形。
➡️第二站：十八梯
可以看看大隧道遗址，感受老重庆的历史韵味。
午餐：🍲【秋姐三样菜】地道的重庆江湖菜，推荐！
➡️第三站：白象居
打车前往，打卡缆车🚠穿楼的魔幻场景，拍照点超多，随手一拍都是大片！
➡️第四站：江滩公园拍洪崖洞夜景
轻轨直达，夜晚的洪崖洞绝美！节假日人太多，建议在江对岸拍照，避开人潮。
晚餐：🍢【秀孃孃串串香 】本地人都排队吃，强烈推荐！
	
🔴第三天：老君洞+黄桷垭老街+龙门浩老街
早餐：🍙【临江门糯米团 】糯叽叽搭配花生碎和白糖，一口回到童年，强烈推荐！
➡️第一站：老君洞
打车到西门，记得拍照后再进（只进不出哦），东门有礼品店，可以买串和求符，祈福超灵验！
➡️第二站：黄桷垭老街+黄葛古道+敦厚坡老街
打车前往，逛逛商业老街，买些麻辣豆干当伴手礼，边走边吃超惬意～
午餐+下午茶：☕️【三毛咖啡】在老街里喝杯咖啡，拍照也很出片，推荐
➡️第三站：龙门浩老街+下浩里老街
打车前往，高低错落的老街建筑，拍照超有层次感！步行游览，适合慢慢逛、慢慢拍。
晚餐：自行选择，推荐尝试下重庆火锅！
	
🔴第四天：动物园+鹅岭公园+大礼堂
早餐：🍜【黄琅苑重庆小面】麻辣鲜香的小面，强烈推荐
➡️第一站：重庆动物园
轻轨直达，有可爱的熊猫🐼和其他动物，适合亲子游或拍照打卡，虫洞周边很好买
午餐：🍛【岭上壹号】环境好，菜品精致，适合小憩一下，推荐
➡️第二站：鹅岭公园+鹅岭二厂
轻轨直达，鹅岭公园俯瞰重庆全景，鹅岭二厂是文艺青年的拍照圣地！
➡️第三站：大礼堂
轻轨直达，打卡重庆的地标建筑，感受历史的厚重感。
晚餐：🐟【巫山纸包鱼总店】纸包鱼麻辣入味，老板热情好客，完美收官！强烈推荐！
	
最后4张图是每日攻略可自行存图
	
#重庆 #重庆旅游 #旅行日记 #旅行攻略 #citywalk #美食",303,395,12,https://www.xiaohongshu.com/explore/67a60aa0000000002900f9c3?xsec_token=ABLbccF-JVHF-PEbPK4BO7O8bfNXHR-Q1-0g-Z5niw3-s=&xsec_source=pc_search&source=web_explore_feed,https://sns-webpic-qc.xhscdn.com/202502281324/11efd9c1e92cdbad875e0a6542a0b070/1040g00831dr1685egm004a5oglvmgo1mo26ank8!nd_dft_wlteh_webp_3,Anitabean,,
重庆已回◎崩溃了！真诚提醒还未出行的⋯,"跟女朋友刚从重庆旅游回来，两人都冷疯了，以为2月后会暖，是我攻略没做足啊😫这次旅行真的太难忘了！根据我们的亲身体验，我精心整理了这份游玩攻略，姐妹们赶紧收藏起来吧✅
.
‌㊙️避雷小贴士‌
♦️学生党们，学生证别忘了，重庆很多景点都能享受优会！比如（重庆动物园、湖南会馆、人民大礼堂）
♦️到重庆一定要尝尝地道的重庆小面和火锅，辣得过瘾，别去网红馆，街边随便一家或居民楼下的就好吃
♦️参观三峡博物馆时，建议租个语音导览器，更深入地了解重庆的历史文化
♦️洪崖洞夜景超美，但不建议去太晚，关灯后黑麻麻的，啥也看不见了
♦️重庆交通以轻轨为主，方便快捷，公交高峰时段会拥挤
♦️不太能吃辣的伙伴，点餐时记得选择微辣，重庆美食的辣度可不一般‌
♦️解放碑旁边就是八一好吃街，步行5分钟！是品尝重庆特色小吃的好地方，如好又来酸辣粉、怀粮生煎、山里人锅巴土豆等
♦️磁器口古镇适合闲逛，但商业化较重，不建议吃喝
♦️观音桥好吃街美食也挺多的，丁家坡洋芋很好吃，还去吃了附近的洋河村•野火锅，舞茸菌一口爆汁，爽！
♦️戴家巷要从上往下逛才比较轻松，楼梯特别多，下来后去附近吃仪表厂火锅、井到吃老火锅不错
♦️马房湾七彩巷很适合打卡涂鸦墙，但要穿浅色系的衣服，马房湾66号江湖菜也不能错过，江湖菜分量很足，麻辣鲜香又下饭
.
‌🔔三日畅游路线‌
🌸‌DAY1‌：抵达重庆—解放碑—八一好吃街—二十二楼川菜馆—白象居—湖广会馆—洪崖洞—千厮门大桥
🌸‌DAY2：龙门浩老街—下浩里老街—南山一棵树—南滨路—长江索道—暹罗之屿•泰式按摩足疗
🌸‌DAY3：人民大礼堂/三峡博物馆—鹅岭二厂—李子坝轻轨穿楼—马房湾七彩巷—马房湾66号江湖菜—磁器口
.
#重庆人的浪漫 #重逢便是庆 #穷游攻略 #出行攻略 #攻略吃喝玩乐 #山城的浪漫永不停歇 #重庆旅游 #重庆 #重庆美食推荐 #重庆美食打卡
@城市情报官 @走走薯 @小红书创作助手 @小红书创作学院 creator academy @吃货薯",49,64,4,https://www.xiaohongshu.com/explore/67bafbf1000000002803c5f5?xsec_token=AB1bGgo0aDuhJBGFe3mpgGj_LUFdNyemuuEMCum3HgAwE=&xsec_source=pc_search&source=web_explore_feed,https://sns-webpic-qc.xhscdn.com/202502281324/e229ae212e45e48f91fa43365563adbe/1040g00831e897htf0m5g5o37ocpg8ks6300ra60!nd_dft_wlteh_webp_3,ccee,,
重庆会惩罚每一个不提前预约的懒人😭,"为了大家不要白跑一趟‼ 出发重庆之前一定要预约啊 - 今天给大家总结了重庆旅游热门景点的预约方式🔥大家赶快收藏起来⭐以备不时之需，来重庆肯定可以用到～
#重庆﻿#重庆旅游攻略﻿ #旅游攻略﻿ #洪崖洞 #长江索道 #重庆拍照﻿ #重庆美食﻿ #旅游群像关键帧 #后劲很大的旅行地 #冬季好去处 #2025跨年 #元旦去哪里 #寒假亲子游 #一口热乎乎开启冬至 #被美食治愈的瞬间 #大声安利地道美食
@创作者助手 @吃货薯 @薯队长 @创作者小助手",2526,3273,27,https://www.xiaohongshu.com/explore/6763c6fa0000000013001f7f?xsec_token=AB9OwRGWvwhryycy6Kidi8DoBavJ3UGRWn3RQ1HdIMO6A=&xsec_source=pc_search&source=web_explore_feed,https://sns-webpic-qc.xhscdn.com/202502281324/6cea1d74db99cdbebb38013fab350b3a/1040g2sg31bj491vogkcg5nsupjgg8q6avfi2mng!nd_dft_wlteh_webp_3,小楠宝在努力,,
重庆会惩罚每一个不做景点攻略的P人😫,"请大数据推给👉想来重庆的姐妹们！
承认吧！觉得重庆不好玩是你们不会玩。。。
这份不交智商税🚫的重庆旅游攻略赶紧码住，只有做好了攻略再出发，才能避免绕弯踩雷‼️
-
🚶‍♀️行程规划
▪️D1：解放碑～罗汉寺～山城步道～十八梯～重庆大轰炸惨案遗址～洪崖洞
▪️D2：重庆动物园～龙门浩～下浩里～开埠遗址公园～南滨路
▪️D3：李子坝～三峡博物馆～人民大礼堂～北仓文创园～观音桥
-
🏨住宿参考
📍解放碑——重庆宇宙的中心，去哪都方便，吃的也很多
📍南滨路——主打一个风景好，江景房落地窗，出门基本就是打车
📍观音桥——大型商圈，晚上很热闹，不过民宿不怎么好，优先选酒店
📍龙湖时代天街——吃喝玩乐一应俱全，性价比高，交通也方便
-
⚠️旅游注意事项
⭕️包里准备个充电宝，随用随充更方便
⭕️不要穿高跟鞋来重庆！经常需要爬坡
⭕️不需要跟团，自由行完全没问题
⭕️不要在景区买红色的果子
⭕️不要随便和铜人、玩偶合照
⭕️学生可以带上学生证，门票可以半价
⭕️路上主动搭讪、推荐你去吃饭的，穿制服、不穿制服的，统一话术都是“你要去的那家不正宗，推荐你去吃正宗的重庆火锅”，都是饭托
⭕️像人民大礼堂、湖广会馆、来福士、洪崖洞，如果只是想拍照🤳，都可以不进去，在外面拍比较方便
	
#寒假旅游#本地人做的攻略#重庆旅游#重庆旅游攻略#重庆旅行攻略#冬季小众旅游#适合冬天去旅游的城市#假期去哪玩#笔记灵感",1728,2379,61,https://www.xiaohongshu.com/explore/67b085bd000000002900b564?xsec_token=ABejasOV8JGYUjV6KI1Ml43EZ3-6SZxoY3jJBH7lSzybU=&xsec_source=pc_search&source=web_explore_feed,https://sns-webpic-qc.xhscdn.com/202502281325/1624e0aa9f762e26d1c3589135859561/1040g2sg31du2hvhq0e705oak4377uo6ag0udmuo!nd_dft_wlteh_webp_3,亚亚星期一去玩,,
✅终于有人把重庆景点讲清楚了！放心冲🫡,"重庆虽然有不少旅游景点，但不是每个景点都是值得去的，来看看重庆本地人对重庆景点的印象🎖️（仅个人观点，不喜勿喷🫡）
一定要仔细看👀全是干货📝真的不允许还有姐妹来重庆不知道怎么玩😡😡😡
	
#人文景点分享 #重庆景点推荐 #重庆旅游 #重庆美食 #重庆旅游打卡 #重庆景点攻略 #重庆景点介绍 #重庆旅行攻略 #重庆路线#重庆旅行",84,72,2,https://www.xiaohongshu.com/explore/672b3db7000000001d039ee4?xsec_token=ABLkwFF8va6HAF9Oy9JzDb7I56lP0rea-mqCJ5FbuOHlA=&xsec_source=pc_search&source=web_explore_feed,https://sns-webpic-qc.xhscdn.com/202502281325/2cf6fd4e5a4da7af411ef306f0622427/1040g2sg319qlbarv7ed05p2md7h44s0takj3tn0!nd_dft_wlteh_webp_3,失眠吐司🍞,,
在重庆待了5年‼给要来的姐妹一些建议,"朋友在重庆呆了5年！最近想去旅游找她要来的攻略！ 2-3月想去重庆的姐妹！！这份攻略赶紧码住🐴 还有交通、住宿、美食等全都是干货💪🏻小白也可以放心抄作业🥰祝大家都玩的开心
.
🚥落地交通指南
1.江北机场：距离市区比较远，有机场巴士K01路可到市区，机场也有地铁、网约车和出租车，较为便利
2.重庆北站：有轻轨直达观音桥，到解放碑也方便，距离市中心各景区比较近，推荐在此下车！
3.重庆西站：离解放碑、观音桥、南滨路位置比较远，住这几个地方不推荐在此下，住大坪、杨家坪的可在此下
.
⚠重庆旅游注意事项
❌洪崖洞亮灯时间18:00-23:00
❌不要去洪崖洞的内部，没什么可玩的，晚上在外面拍拍照就ok
❌洪崖洞11楼才能坐轻轨，1楼打车很困难
❌洪崖洞根本没有快速通道！那些让你花钱走的都是骗子！！！
❌抵达重庆后不要打黑车去市区，去市区乘坐地铁很方便的
❌不要在路边买颜色艳丽的红色果子，都是色素染出来的
❌不要相信出租车司机说的美食，又贵又不好吃
❌长江索道只能当天预约，需要打卡的记得买票，每天07:45放票
.
图文已全部授权@给你一下zi 请不要误判
#重庆 #重庆旅游 #周末去哪儿  #重庆旅行攻略 #重庆旅行攻略 #大学生 #洪崖洞 #亲子游 #重庆美食 #重庆吃喝玩乐 #重庆三日游 #重庆旅游 #重庆美食 #重庆交通 #重庆地图",3959,4007,186,https://www.xiaohongshu.com/explore/67a45df8000000002a002fe8?xsec_token=ABEqeWlwUEEWjp88LtHAsHxE6HmpneeeVM3tJb54y5Lmk=&xsec_source=pc_search&source=web_explore_feed,https://sns-webpic-qc.xhscdn.com/202502281325/7b6d54a12475494705cb73abbd06a42c/1040g2sg31di6mp8n08005pnbnl0ne0ftbf13m28!nd_dft_wlteh_webp_3,A土豆本薯,,
我的2024年度重庆九条城市徒步线路,"最适合城市徒步Citywalk的城市就是重庆了。我把心中的年度值得一走的九条线路整理出来。
	
1️⃣人文城墙线
通远门➡鼓楼巷-️打枪坝-️兴隆街➡️山城巷栈道➡️山城巷➡️南纪门➡️金紫门➡️白象街➡️人和门
🚶🏻‍♂️3KM左右，下坡路为主
	
2️⃣中山四路抗战文化线
曾家岩轻轨站➡️周公馆➡️戴笠公馆➡️潘文华公馆➡️临崖步道➡️嘉东村➡️嘉西村➡️鲜英故居➡️怡园➡️牛角沱轻轨站
🚶🏻‍♂️2.5KM左右，有少量楼梯
	
3️⃣烟火老社区线
七星岗地铁站➡️华一坡➡️新德村➡️胜利路➡️一号桥➡️大井巷➡️若瑟堂➡️巴蔓子将军墓➡️大韩民国临时政府旧址-➡️七星岗通远门
🚶🏻‍♂️3.5KM左右，有上下坡度
	
4️⃣烟火巷子线
➡️通远门➡️鼓楼巷➡️打枪坝➡️枇杷山后街➡️张家花园➡️华福巷➡️枣子岚垭（枣子岚垭步道&枣子岚垭三巷步道）➡️马鞍山堂里➡️人民大礼堂
🚶🏻‍♂️3.5KM左右，下坡为主
	
5️⃣母城记忆线
山城巷➡️东华观藏经楼➡️白象街➡️白象居➡️东水门城墙遗址➡️湖广会馆➡️罗汉寺➡️洪崖洞➡️戴家巷➡️通远门城墙公园➡️枇杷山一厂文创园
🚶🏻‍♂️5KM为主，上下坡都有
	
6️⃣开埠历史文化线
海棠溪筒子楼➡️海棠溪正街➡️马鞍山➡️上新街➡️开埠遗址公园➡️龙门浩老街➡️下浩老街➡️慈云寺➡️黄家巷
🚶🏻‍♂️4KM左右，有上坡楼梯，可看江景
	
7️⃣山城景观线
大坪轻轨站➡️大化步道➡️浮图关公园➡️鹅岭公园➡️鹅岭二厂➡️三层马路➡️孙科圆庐➡️史迪威博物馆➡️李子坝轻轨站➡️桂花园➡️新都巷
🚶🏻‍♂️6KM左右，有上下坡，可看李子坝穿楼
	
8️⃣电影观礼线
中山四路➡️桂园➡️李子坝站➡️鹅岭二厂➡️解放碑➡️左营街➡️长江索道➡️白象居➡️罗汉寺➡️朝天门➡️洪崖洞
🚶🏻‍♂️可用轨道交通结合步行，多个电影场景
	
路线有长有短，可拍照的地方很多，沿途的老食店也很多。大家可以选择适合自己的一路走走停停，拍拍吃吃喝喝。用自己的脚步去感受重庆的深度和温度，体会Citywalk城市徒步的魅力。
	
2025年，我会继续用视频、直播等各种方式带着大家走遍重庆的大街小巷，也走走全世界的小众旅行有趣的地方。
	
#重庆旅游 #重庆旅行 #我的山我的城 #我的私藏旅行路线 #我的年度9图",2893,4482,134,https://www.xiaohongshu.com/explore/676e863000000000140250a8?xsec_token=ABG2BBrZo65Eo_p1Zgywpbw2z1bdWMJ4xeD6rTnxK8A9A=&xsec_source=pc_search&source=web_explore_feed,https://sns-webpic-qc.xhscdn.com/202502281325/c2e29551f1ee62621ab85f96f3f0d898/1040g2sg31btk3nttgs7040oshsig3pidn8r0un0!nd_dft_wlteh_webp_3,WALKER壹叁,,
重庆四天三夜旅游攻略，准备秋冬去重庆啦,"宝子🤗们，山城重庆的景色真的太美啦！！已经约好月底出发了，和闺蜜👭一块~
攻略已经备好！这个秋冬一起去山城重庆玩玩🌀🌀
#重庆 #重庆旅游 #重庆防踩雷 @吃货薯 @小红书成长笔记 @小红书创作助手",360,691,评论,https://www.xiaohongshu.com/explore/672edf1e000000001a035cad?xsec_token=ABNvwC-wV4pbVn5eoVdg4TV03M0jDhXEopYC6SXQezCXg=&xsec_source=pc_search&source=web_explore_feed,https://sns-webpic-qc.xhscdn.com/202502281325/686744fc93be0b8340ef22207b38cef6/1040g008319vevau772605n0o9401tiamaqqsedg!nd_dft_wlteh_webp_3,飘零,,
重庆会惩罚每一个不提前预约的人....😡,"都是真心话，📢建议大家都做好攻略、把景点预约好再来重庆！寒假春节真的很多人来！！！今天给大家整理了，重庆最全预约攻略～✨分享
#重庆 #重庆旅游 #重庆旅游攻略 #重庆景点打卡 #朝天门 #观音桥 #洪崖洞",3448,3083,261,https://www.xiaohongshu.com/explore/67a2f8ec0000000029036cff?xsec_token=ABe5yDrHE0IlZbbrvQs7Zd-VsoOo6Ct5sbtzOOM5muJu8=&xsec_source=pc_search&source=web_explore_feed,https://sns-webpic-qc.xhscdn.com/202502281325/7eaa852d6bb93cd69edb543ecfd9f619/1040g00831dgr12fqg8605ona4t57jscnbf5hi78!nd_dft_wlteh_webp_3,重庆小灵通,,
划重点👀 2-3月来重庆的姐妹速看‼,"图片来源于@小红薯5F641894
#重庆 #重庆旅游 #周末去哪儿 #淡季旅游 #重庆吃喝玩乐 #重庆美食 #重庆旅游攻略 #重庆出行 #重庆出行必备 #重庆打卡
@创作者小助手 @创作者助手 @吃货薯 @时尚薯 @薯队长 @薯管家 @小红书创作助手",1104,1248,95,https://www.xiaohongshu.com/explore/67b04f38000000002901b8f5?xsec_token=ABejasOV8JGYUjV6KI1Ml43M2Orh7HBAc1QrEM6Uyb9IQ=&xsec_source=pc_search&source=web_explore_feed,https://sns-webpic-qc.xhscdn.com/202502281325/6996f027383128965574de45a4e7ee64/1040g00831dtrt6lugu6g5nsupjgg8q6a0rfeuro!nd_dft_wlteh_webp_3,小楠宝在努力,,
重庆三日游💡大足涪陵文化之旅🎊,"多年前去过龙门石窟，一直记得以武则天形象雕刻的卢舍那大佛，这次去重庆自然不能错过大足石刻🌱
	
杭州==重庆  三日游
📝周四晚飞机杭州出发，周日中午飞机返回。
住较场口地铁站附近的公寓，67元一晚，周边公寓非常多，都很便宜。
周五：大足石刻
报了大足石刻一日游小团，北山石刻+电影+宝顶山石刻+大足石刻博物馆，含往返交通讲解不含午餐306元一人。大足石刻最初开凿于初唐永徽年间，历经晚唐、五代十国的雕琢，到了两宋时期，它迎来了最为辉煌的时期。⛏各种造像因时代变化，反映了当时人们信仰和审美的变化。尤其千手观音✨，非常震撼，尤其电影一定要看，效果身临其境，不介意路途远的小伙伴一定要去看看
周六：白鹤梁水下博物馆+乌江画廊+816工程，朋友开车自驾。
白鹤梁是世界首个水下博物馆，门票50元，有博物馆讲解员带领参观。🤿 非常震撼的是水下参观区，通过几十米长的电梯深入水底，🌊🚀 透过玻璃舷窗，清晰地看到白鹤梁上的题刻和石鱼等文物，这些题刻记录了1200多年来长江水文情况📊也留下了各种文人墨宝；
📍816工程，门票60元，全称“816地下核工程”，是冷战时期，中国想通过自己发展核武器成为大国战略威慑的重要手段。🛤️整个工程地下建筑面积约为10万平方米，共有大小洞室19个，道路、导洞、支洞、隧道及竖井130多条。而这些都是当时在没有现代化机械的条件下靠人力一点一点挖凿出来的💪，真的相当惊人，全程工作人员陪同讲解，不要自己随意脱队，里面太大，容易迷路🕸
乌江画廊，可以做游船，但是其实在观景台拍照就足够了，风景很美
📫晚上回市区打卡了三毛故居，门票10元，可以买文创，拍照非常出片，感觉专门就是为了拍照的
周日：重庆渝中区罗汉寺+重庆三峡博物馆
因为只有半天的时间，所以起个大早就在附近逛了下🍂罗汉寺，门票20元，重庆连寺庙都是立体的，五百罗汉堂可以数下自己年龄的罗汉解签
三峡博物馆，国家一级博物馆，🎆集巴渝文化、三峡文化、抗战文化、移民文化和城市文化等为一体，是来重庆必须打卡的地方，门口对面就是人民大会堂，类似于天坛的建筑非常有特色
🏷️ #大足石刻 #白鹤梁 #重庆 #涪陵 #816工程 #重庆旅游 #人文景点分享",75,134,8,https://www.xiaohongshu.com/explore/67680fa5000000001300b710?xsec_token=ABHx9LAu-CzSXIJnFFG4uPOvLgUtH62xLnQ3u0lY4cn5M=&xsec_source=pc_search&source=web_explore_feed,https://sns-webpic-qc.xhscdn.com/202502281325/494a2beabc258ac34112f423852f906c/1040g00831bna3svm0k6044q6ufbe0plqoo4treo!nd_dft_wlteh_webp_3,四处游荡一小枝,,
重庆会惩罚每一个不做旅游攻略的P人😖,"请大数据推给👉想来重庆的姐妹们👭🏻
承认吧！觉得重庆不好玩的人是你们不会玩…
这份超详细不踩雷的重庆旅游攻略赶紧🐴住，做好准备再出发😎
-
🔅三日游行程
✅Day1:解放碑→山城步道→十八梯→八一好吃街→湖广会馆→罗汉寺→洪崖洞
✅Day2:李子坝→鹅岭二厂→人民大礼堂→三峡博物馆→观音桥→观音桥好吃街→北仓文创园
✅Day3:两江小渡→弹子石老街→钟楼广场→下浩里老街→龙门浩老街→长江索道
-
✔️住宿建议
①选择靠近地铁站或商圈的住宿，便于出行和吃美食
②别选出租司机推荐或路边叫喊的酒店，以防价格高、环境差
③节假日可能会涨价，建议提前预定
-
#寒假旅游#本地人做的攻略#重庆旅游#重庆旅游攻略#重庆旅行攻略#冬季小众旅游#适合冬天去旅游的城市#假期去哪玩#笔记灵感",72,103,评论,https://www.xiaohongshu.com/explore/67bc2e58000000002900ce95?xsec_token=ABa24pGds3urSNzETqnEqRYfwDIU3qaa9IEN0896t0y_Q=&xsec_source=pc_search&source=web_explore_feed,https://sns-webpic-qc.xhscdn.com/202502281325/3d9c021d04a07ce8daefa1745f430940/1040g00831e9espp50e005pf1cej19lajutjf30o!nd_dft_wlteh_webp_3,山城少年,,
重庆三日游🔥穷游拿下16个景点！不绕路,"淡季来重庆旅游的姐妹们！提前看看这篇游玩规划，本人亲测的～根本不绕路
～
#重庆 #重庆旅游 #重庆旅游打卡 #重庆旅游推荐 #重庆旅行 #重庆旅行攻略 #重庆旅行打卡 #重庆吃喝玩乐攻略 #重庆小众旅游攻略 #穷游",1.3万,1.5万,624,https://www.xiaohongshu.com/explore/674040f90000000002019417?xsec_token=ABm-zBUgQH5hn4xqDcekynPSGTv8vEwfhl30Cb57At2bA=&xsec_source=pc_search&source=web_explore_feed,https://sns-webpic-qc.xhscdn.com/202502281325/4b74bb18eaa386e6262a332281c75c72/1040g2sg31age5jivn2dg5pi02cjguao0housf80!nd_dft_wlteh_webp_3,一只胖肥羊,,
去重庆呆7天，很失望，不吹不黑，说几句大实话,"第一：别去洪崖洞。就是一美食街，所有人到那就在楼下，拍张照片就走了，关键拍洪崖洞，这里并不是最佳的机位，而且游客超级多，拍出来都是人头，最好的拍照位置，是往江对岸走，千厮门大桥那边
第二：别去磁器口。跟成都的锦里一样，说是古镇，其实就是大一点的美食街，里面的店铺同质化严重，都是卖火锅底料，烤串的，走到哪空气中都是牛油火锅的味道，闻得时间长了有点反胃。位置距离市中心有点远，从解放碑到磁器口，做地铁需要1小时，顺道看看可以，专门去一趟不值得。
第三：别去重庆两江夜游。游船门票168一人，竟然是站票，上去连个坐的地方都没有，重庆的游船座位很少，但不限制上船人数，船上满满当当的人大都全程站着。关键是船头还被围起来了，不让人去，你如果想去船头，还得单独再额外加钱，去过那么多城市，做过那么多游船，都没有吃相这么难看的。
第四：别去重庆1949大剧院。舞台设计挺好看，但演出属于高雅艺术形式的，不是很通俗，普通观众可能觉得枯燥，演员都是假唱，中间有一小段舞蹈，大部分时候，都是演员在舞台上说话，对白太多，如果唱歌和舞蹈再多一些，可能会更吸引人#重庆 #重庆旅游 #重庆旅行攻略",744,960,434,https://www.xiaohongshu.com/explore/6747175e000000000202c73e?xsec_token=ABoHkNV10_C8vHFsCmA5YQNnLOE0rVOY-XtO_TXWroQ6g=&xsec_source=pc_search&source=web_explore_feed,https://sns-webpic-qc.xhscdn.com/202502281325/420c9b9affecce3f37d87942e1c47981/1040g00831an3r1hfn2005otb09f9gt7808c2100!nd_dft_wlteh_webp_3,花不刺,,
去了成渝5天...已被宰！回来说点大实话,"去了趟成都和重庆，玩了5天后真的踩了很多雷🤬，还未出行的姐妹们别再踩这些雷
#成都 #成都旅游攻略 #成都旅游 #当代年轻人旅游现状 #成都旅行 #成都美食 #跟着本地人 #成都重庆旅游 #重庆 #重庆旅游",384,528,10,https://www.xiaohongshu.com/explore/675a4741000000000600e6b5?xsec_token=AB40FcSNoAPzLMDz4aetpfMtxAfTktC-znk9nvJrT8DaI=&xsec_source=pc_search&source=web_explore_feed,https://sns-webpic-qc.xhscdn.com/202502281326/a149017122a2b143a372bbc7ea9df731/1040g00831b9re4beng5g5pf45uuh9g6m067d0i0!nd_dft_wlteh_webp_3,酣睡小熊,,
谁懂啊..被J人朋友做的重庆攻略震惊到！！,"没有做攻略和准备的真的不要去重庆‼但是J人朋友做得如此细致也是有被震惊到！！特意分享出来给近期准备去重庆的姐妹们，包含了重庆的吃住行攻略（巨全📝
-
🔆p1-3：重庆三日游路线规划
🔆p4：重庆交通指南
🔆p5：重庆住宿指南+重庆景点预约
🔆p6：重庆美食攻略
-
#重庆 #重庆旅游攻略 #重庆旅游 #重庆美食 #冬季旅游 #寒假去哪玩#重庆景点推荐 #本地人做的旅游攻略 #元旦节旅游 #旅游攻略 #当代年轻人旅游 #重逢便是庆 #重庆拍照打卡 #重庆懒人攻略 #重庆三日游 #重庆美食 #重庆交通 #重庆住宿 #重庆景点分布 #薯队长 #薯管家",914,1198,8,https://www.xiaohongshu.com/explore/6769049e000000000b021d04?xsec_token=ABaVmgI2qj2t0q0BPQvcgCEkGsjQoMORdRM4Lmu-Ezz7c=&xsec_source=pc_search&source=web_explore_feed,https://sns-webpic-qc.xhscdn.com/202502281326/7ed3d9db6206539374adfb8338d31c72/1040g2sg31bo81q0vgu705pmle9v7e0pr69qig08!nd_dft_wlteh_webp_3,姜姜蚝大王,,
🤣去重庆的10个浪费金钱和时间的行为...,"谁懂这份重庆攻略的含金量有多高啊😘去重庆不踩雷真的靠TA了🙏！！！
🥀洪崖洞不要白天去内部逛
🥀不要乘坐豪华两江游
🥀华生园梦幻城堡一点也不梦幻
🥀鹅岭二的爱情天台别去
🥀云端之眼观景台太坑人了
🥀朝天门就是来福士
🥀石井坡彩虹房子没意思
🥀下雨天别去南山一棵树
🥀皇冠大扶梯没有什么特色
🥀乘坐长江索道别跟风去北站排队
❤️重庆三日游路线：
🔅Day1：
到达重庆→先去解放碑放行李→八一好吃街→白象居→湖广会馆→洪崖洞→千厮门大桥→回住宿
🔅Day2：
怀旧轮渡→弹子石老街→南山一棵树→南山有烧烤→长江索道→回住宿
🔅Day3：
山城步道→人民大礼堂→鹅岭二厂→马房湾七彩巷→马房湾66号江湖菜→磁器口古镇→返程
---
#重庆游玩攻略 #重庆防踩雷 #血泪教训 #五一旅行 #浪费 #重庆避雷 #大数据推荐给有需要的人 #重庆旅游路线 #五一去哪玩 #重庆景点 #我的私藏旅行路线 #浪漫生活的记录者 #景点前方发来报道 #重庆旅游建议 #重庆吃喝玩乐 #旅游干货 #旅行大玩家 #城市推荐官 #笔记灵感 #别浪费你的学生证 #旅行搭子 #笔记灵感 #大数据推送 #大学生旅游攻略 #毕业季旅行 #高考毕业旅行
@城市情报官  @走走薯  @小红书创作助手  @小红书创作学院  @吃货薯",2041,2491,35,https://www.xiaohongshu.com/explore/662213d600000000010319bb?xsec_token=AByXFhUJ8moi9PqgF89Y38cfEOPIqWF1JZ1O06w1iCQ5w=&xsec_source=pc_search&source=web_explore_feed,https://sns-webpic-qc.xhscdn.com/202502281326/db53d4455515eadd569317271c23da44/1040g2sg311ov5999na6g5nb8r72094n726cgvao!nd_dft_wlteh_webp_3,😦😦😦,,
重庆已回！！纯手写四日游攻略奉上。。。,"去了一次重庆才知道有多好玩！！和闺蜜去了整整四天，回来之后立马总结了一些经验！包含了重庆地图、路线、交通住宿攻略等等！分享给即将出发去重庆的宝们！！参考参考！
.
🌈四日游路线规划
🧊DAY1：解放碑→八一好吃街→山城步道→十八梯→湖广会馆→来福士→洪崖洞
🧊DAY2：鹅岭二厂→李子坝→人民大礼堂→三峡博物馆→北仓文创园→观音桥
🧊DAY3：两江小渡→弹子石→钟楼广场→下浩里→龙门浩→黄玉明烤肉→长江索道
🧊DAY4：磁器口→宝轮寺→七彩巷→重庆动物园→涂鸦一条街
.
✅游玩小Tips
🔸洪崖洞白天很普通，适合晚上去打卡，夜景超好看！
🔸如果想要体验游轮的话，15r的两江小渡性价比更高
🔸磁器口商业化比较严重，逛逛拍拍照就可以了，不建议在里面消费买东西
🔸景点的游玩顺序很重要，比如先去鹅岭二厂再去李子坝，这样全程下坡更轻松
🔸在重庆别太相信导航，有时候导航一点也不准！本地人也常常绕晕了
🔸重庆天气多变，出门前记得要及时确认天气情况，zui好带伞备好
#重庆 #重庆旅游 #重庆打卡 #重庆旅游攻略 #重庆出行 #重庆攻略 #重庆美食 #重庆旅行 #重庆拍照 #周末去哪儿 #假期去哪儿 #山城",608,561,20,https://www.xiaohongshu.com/explore/67ada656000000001701ef1e?xsec_token=ABvoYsqKFndENxit8jt5r_UKW1Ut-uO0w7ZuIYgIZ4V9k=&xsec_source=pc_search&source=web_explore_feed,https://sns-webpic-qc.xhscdn.com/202502281326/d04c7273446636e1ba43d8d87fbc004a/1040g00831dr8pguh0k005pntd6anc80ekqppqno!nd_dft_wlteh_webp_3,想吃土豆丝,,
哭晕了😭为什么出发前没有刷到这篇啊…,"去过重庆之后才知道重庆游玩地图的重要性！为什么出发之前没有刷到这篇攻略啊…这样安排完全不会绕路，游玩起来很顺畅！
.
游玩第一天路线安排（2-3页）
游玩第二天路线安排（4-5页）
游玩第三天路线安排（6-7页）
游玩第四天路线安排（8-9页）
游玩注意事项（10-12页）
.
#穷游攻略 #重庆 #重庆旅游 #重庆旅游推荐 #重庆出行 #重庆吃喝玩乐 #重庆游玩攻略 #重庆地图 #重庆旅游地图",1.5万,2.1万,247,https://www.xiaohongshu.com/explore/66c857f1000000001d038cd4?xsec_token=AB3V1GOm9Lw2ojxciJROb8rJ-w8QhRUTxNyhY5zDjsyJc=&xsec_source=pc_search&source=web_explore_feed,https://sns-webpic-qc.xhscdn.com/202502281326/30976eaf5f34fbefbf8f1dd02080c87e/1040g2sg316rav9gjgqd05ngn72009ei1p4tevn0!nd_dft_wlteh_webp_3,重庆吃喝玩乐全攻略,,
被自己做的重庆旅游攻略满意的睡不着🧠,"马上就要到春节假期了，速速整理出了重庆三日游路线规划，以及各个景点需要注意避雷的，姐妹们速速快来抄作业了
✔️一月重庆的天气气温大概在六度左右，属于湿冷，大家要做好防风以及保暖措施，是需要穿厚羽绒服一类的衣物的
✔️大家去洪崖洞一定要注意他没有快速通道，也不要和铜人合影收费的，也不要买路边金灿灿的红彤彤的果子全是色素浸泡的
✔️推荐几个洪崖洞的打卡机位1️⃣戴家巷步道2️⃣洪崖洞一楼3️⃣千厮门大桥4️⃣江滩公园，这几个都是超经典的
✔️去这几个景点注意游玩的先后顺序，先山城步道再十八梯梯，先鹅岭二厂再李子坝，这样是下坡的
✔️住宿推荐，解放碑观音桥，因为景点多，周围吃喝玩乐也比较方便，出行也方便
✔️重庆绝大部分的景点是不需要提前预yue的，一般当天购票都是可以的
.
#重庆#重庆三日游路线#重庆旅行攻略#重庆打卡#重庆景点避雷#重庆拍照#重庆旅游建议#重庆景点攻略#重庆旅游路线",1404,1989,29,https://www.xiaohongshu.com/explore/677fd07d000000000800eafd?xsec_token=ABTrh_dhyGifs4PFFy5tWQvRMqhdFI-19gx8Lb4THS4j8=&xsec_source=pc_search&source=web_explore_feed,https://sns-webpic-qc.xhscdn.com/202502281326/9a41d11f0311e1844e03791a91e4fb1d/1040g2sg31cege79th6805orne6s7rmik4ks9q58!nd_dft_wlteh_webp_3,在山城吃微微辣,,
重庆｜北京出发三天两晚攻略（附路线）,"11月就计划到重庆玩了
因为卑微打工人不敢请假加上错过了机票好价
硬生生拖到12月终于安排上啦！
	
话不多说直接上攻略
打工人周末加工作日请一天假版  可照搬
	
✅交通
北京-重庆
周六早上7:35大兴机场出发10:05落地
重庆-北京
周一下午13:45江北机场返程15:52落地
	
🔹Tips：
✔️上班族若需请假，选周一比周五更合适，因为往返机票更便宜，且景区周一比周五人更少
✔️住北城的宝宝若选择地铁出行，注意要5号线转2号线，不要5号转10号
✔️重庆景点比较集中，三天时间基本所有景点都能打卡到，没必要为了预留游玩时间赶晚上航班
	
✅行程安排
1⃣️第一天：解放碑-戴家巷-来福士-洪崖洞-千厮门大桥
	
🔹Tips：
✔️解放碑和洪崖洞晚上亮灯比较好看，所以可以落地中午吃完火锅到酒店休整一会再出发（我们是下午4点才从酒店出门）
✔️重庆的路真的一直在上楼梯下楼梯，导航不明白时真的会多走很多路，我们去来福士就是明明看到了就是走不到
✔️重庆的出租车真的要慎坐！路况加司机真的坐一次晕一次
	
2⃣️第二天：下浩里-龙门浩-长江索道-鹅岭二厂-李子坝-观音桥-大剧院江滩公园
	
🔹Tips：
✔️可以按我的路线走，与大众路线相反，早上在下浩里人少可以随便拍，长江索道排的也很快
✔️鹅岭二厂到李子坝可以坐接驳车，5块钱一位，可以少走很多路
✔️因为拍洪崖洞有好几个机位，我们第一天因为找来福士走了好久所以第二天晚上又到江滩公园拍洪崖洞夜景，相当于欣赏了两天美景
	
3⃣️第三天：山城步道-十八梯
	
🔹Tips：
✔️山城步道和十八梯距离很近，几分钟的路程，先去山城步道再去十八梯，可以一路下坡
✔️由于是周一，人不多，可以在十八梯拍出无人机视角大片
	
✅住
解放碑附近
	
✅吃
火锅：居民楼里的火锅更正宗更好吃
抄手：老麻抄手
小面：小面必吃
肥肠粉：粉必吃！
板凳面：阿福板凳面，少放辣椒！
蹄花：我们吃的干锅蹄花，下次尝尝别的
	
落地就奔赴的火锅、每天一杯的茶颜、好吃的小面、念念不忘的抄手、永远分不清在几层的建筑…
这座8D魔幻城市真的好逛好吃又好拍！！
真的太太太太太适合City walk了！！！
独特的地貌及建筑非常值得去体验一次 冲！！
	
#山城的浪漫永不停歇 #重逢便是庆 #山城的浪漫至死不渝",113,159,8,https://www.xiaohongshu.com/explore/67663863000000000b015a5a?xsec_token=ABRCkPBAsU6DPBJikVqu1t2XoRek1pcwKligMviqBEbUw=&xsec_source=pc_search&source=web_explore_feed,https://sns-webpic-qc.xhscdn.com/202502281326/735b0b9505e3eeb72b21bbd1730cadd2/1040g2sg31blgi4jf0m704a5e9udfd6cfmodq5l8!nd_dft_wlteh_webp_3,有一只圆子,,
J人4天极限游重庆🌶️,"2.12更新：很多姐妹打算走我规划的旅游路线，开熏！！我一般都自己在小程序添加好定位，这样走起来很方便（就像图五），所以我做了视频演示怎么添加，有需要的可以移步我最新发布的视频查看
	
更新本是J人寻求土著意见的一条帖子，没想到有这么多游客宝宝的喜欢不会删帖的，请各位放心，同时更新一些目前觉得功课里值得尝试的部分
1️⃣如果不介意走一段上坡路，请一定从较场口地铁坐到李子坝，第一视角超震撼（记得坐第一车厢！等一辆老地铁窗口大，新地铁窗口小只能看到司机的头）
	
2️⃣功课中磁器口返回洪崖洞的轮渡推荐乘坐，途中经过多个著名景点，是不一样的打卡体验
	
————————更新——————————
	
土著家人们帮我看看还有没有可以优化的地方好吃好喝也可以多多推荐目前攻略里如果有避雷请务必告知我
重庆特产也会听话码住，来评论区饿狠狠地告诉我吧，我承受得住！下面是过年期间我混迹在各大友人评论区总结出来的美食
	
三大美食社区❗❗❗
凉亭子社区
1. 显芳面馆
* 重庆传统面馆，主打豌杂面、牛肉面等，本地人推荐较多。口味正宗，价格实惠，环境简单，适合早上吃碗重庆面。
2. 十八梯凳凳面
* 以重庆小面和凳凳面闻名，有本地人推荐。 属于怀旧味道的小店，体验地道的重庆风味。
3. 一瓢油卤菜
* 主要以卤菜拼盘为主，多被本地人推荐。卤味香浓，适合带走或作为冷食小吃。
4. 熨斗糕老烧饼（营业到中午12点）
* 手工制作的传统重庆烧饼，口感酥脆，风味地道。营业时间较短，需注意错过时间可能无法品尝。
	
大井巷社区
1. 唐潮甜品
* 疑似推广：近期出现在多个平台的推荐内容较多。评论中提及“网红打卡”较频繁，口味和服务体验反馈不一。
2. 唐红英火锅
3. 渝味道冰汤圆、抄手、串串
	
凯旋路社区
1. 罗文丽火锅（豆果牛肉、牛杂拼盘）
	
🆕目前发现真实推荐较多的店
沙坪坝俊杰火锅、秀孃串串香、老太婆蹄花、兴怡餐馆、老面馆、眼镜凉虾、李子坝梁山鸡、串串香：李杰一家三口
	
重庆的朋友给了一些推荐：曾老幺鱼庄长滨路店（肖战吃过）、老麻抄手重庆小面解放碑店、江二娃串串香大同路店
	
#重逢便是庆 #大学生旅游特种兵 #极限特种兵旅游 #山城的浪漫至死不渝",1474,1629,129,https://www.xiaohongshu.com/explore/67a3271b0000000029025dbc?xsec_token=ABg1G-GnLsdK--RDFG2-wYEqEmVwo_VSdA9oAI1FCSjx8=&xsec_source=pc_search&source=web_explore_feed,https://sns-webpic-qc.xhscdn.com/202502281326/1bc10d2ba84923e140545584a5088b67/1040g2sg31dh0oj0ig87049o8e5dv26cialbcqv8!nd_dft_wlteh_webp_3,倔强的小萝卜头（碎碎念,,
重庆旅游打卡“怎么吃”🤤攻略秘籍💯,"第1次去重庆玩，还不知道吃什么美食吗？
不用再看👀啦，已经贴心的给宝儿们整理好了
再也找不到比这更全的了～😍
.
在重庆吃喝玩乐累了可以去按摩放松，暹罗之屿泰式按摩足疗还不错，里面还可以免费吃泰餐，穿泰装拍照
#重庆旅游 #重庆 #旅游 #美食 #吃喝玩乐 #美食日常 #大声安利本地美食 #小众旅行地",1022,855,39,https://www.xiaohongshu.com/explore/6649f44c000000001401bb7e?xsec_token=ABirxBfkX-nk2z9IpqKK1c9tp7fZXofghfMGwGUMpTFes=&xsec_source=pc_search&source=web_explore_feed,https://sns-webpic-qc.xhscdn.com/202502281326/c67fba9fca8a9ab3cc49b353c45e6b49/1040g008312vta0enju005o2l8tr0836bosic4io!nd_dft_wlteh_webp_3,多乐,,
重庆两日游最佳攻略,相信我，重庆两日游就这么玩，不走一步冤枉路#旅游攻略 #重庆旅游 #重庆旅行攻略,2.8万,2.2万,481,https://www.xiaohongshu.com/explore/67125d6d000000001402dd2e?xsec_token=ABqmxye7BW3YUkDN6g3ciTuIRdO5ET6eJC4qJNYgoo1qM=&xsec_source=pc_search&source=web_explore_feed,,暴躁小帅-攻略版,,
重庆两日游｜土著吐血整理的不绕路下坡路线,#重庆旅行攻略 #山城的浪漫永不停歇 #重庆旅游 #山城的浪漫至死不渝 #重庆 #旅游攻略 #游玩攻略 #我的小众旅行攻略 #城市的一百种玩法 #城市文化和旅游,1188,1664,20,https://www.xiaohongshu.com/explore/6777cb7b000000000900fead?xsec_token=ABwTkY6jE3W71DO4teNJNxX1OItLeLwSoB9vEQliCTVMw=&xsec_source=pc_search&source=web_explore_feed,https://sns-webpic-qc.xhscdn.com/202502281326/88f9842f26f10ced38f14acc9522fbed/1040g2sg31c6lqki80m6g5pda3muhoi8sugaghh8!nd_dft_wlteh_webp_3,重庆攻略埋,,
山城步道-十八梯-解放碑一站打卡不走冤枉路,"来重庆不要再走冤枉路了！不听劝真的会走到崩溃😫，山城步道不是从下往上爬楼梯，正确的游玩顺序是导航到“佳实养老院”从上往下游玩，游玩路线➡️（山城巷-荒野花园-山城时光里图书馆-爱情小巷-悬崖栈道-防空洞-山城记忆馆）从山城步道出来以后一路打卡十八梯和解放碑，全程轻松游玩不绕路！不走一点回头路，一路上都是打卡点🉑
.
✅山城步道：重庆很有氛围感的步道，很有重庆气息。
✅十八梯：电影《从你的全世界路过》拍摄取景游玩地点，里面拍照很好看。
✅解放碑：重庆标志性打卡建筑。
.
#重庆#重庆旅游 #重庆旅行#重庆旅游攻略#重庆出行指南#旅行攻略重庆打卡 #重庆旅行攻略 #山城步道 #重庆打卡 #解放碑",3930,4276,30,https://www.xiaohongshu.com/explore/6773c57e000000000800dd62?xsec_token=ABHnkpgbM8ijx4M1AMDLKj_yR7g5b3O_HQZlZDHHNaMrI=&xsec_source=pc_search&source=web_explore_feed,https://sns-webpic-qc.xhscdn.com/202502281327/2855e8735876459320a2f383d93ca089/1040g2sg31c2o2f7pgu005nfglgp08uaqppkv5u8!nd_dft_wlteh_webp_3,吃辣辣辣,,
J人手写版⭕成都+重庆五日游攻略✨亲测好玩,"J人花了好几个小时整理出来的📝：
🌟成都➕重庆五日游详细攻略🌟
	
专门给想要来成都和重庆游玩的姐妹们做参考💯
👉PS.来川渝游玩，记得备好一个空空的胃，因为好吃的实在是太多啦！！
在这里旅游的满足感和幸福感超强🔥
	
计划去游玩的宝子们，冲‼️
	
#成都 #成都旅游攻略 #成都旅游 #成都旅游打卡 #成都重庆旅游 #成都吃喝玩乐 #重庆 #重庆旅游 #重庆旅游打卡 #重庆吃喝玩乐",337,415,2,https://www.xiaohongshu.com/explore/67a47f960000000029012f86?xsec_token=ABEqeWlwUEEWjp88LtHAsHxOXSHOvn1R5jh-LOHa5qLZs=&xsec_source=pc_search&source=web_explore_feed,https://sns-webpic-qc.xhscdn.com/202502281327/3ae8261059acc20f4726810cc563e8d1/1040g00831diaq43ugkdg5ppurlt7dlmj2nmbl48!nd_dft_wlteh_webp_3,心事土豆饼,,
重磅！终于有人把重庆旅游说清楚了,"人你们要干嘛？同事写的重庆旅游攻略...
上班发现同事在摸鱼写重庆旅游攻略😆，提前两周就写好了，好恐怖...
内容细化到从出行准备、交通、住宿、美食、景点予约、避雷等，也太详细了吧！！好适合我们P人无脑跟着走~
偷偷分享给12月份要到重庆的宝子们👏👏
-
⭐重庆旅游小tips：
☁天气：12月份平均温度是8℃-12℃，携带保暖衣物🧥
✈飞机：重庆只有江北国际机场，注意有两个航站楼：T2、T3！别走错了❗
🚅高铁&火车站：重庆北站、重庆西站和重庆沙坪坝站，建议选择重庆北站，距离市中心更近，乘坐轻轨、出租车即可
✅来重庆不需要报团，提前做好攻略即可，享受本地人的惬意松弛感
❌不要轻易挑战特辣等级别，重庆人也只敢尝试中辣
-
📍重庆三日游不绕路行程
第1⃣天：三峡博物馆—鹅岭二厂—李子坝—山城步道—解放牌—洪崖洞
第2⃣天：戴家巷—白象居—长江索道—下浩里—龙门浩老街—南山一棵树
第3⃣天：重庆动物园—涂鸦一条街—磁器口古镇—鸿恩寺公园—北仓文创园—观音桥
-
🥘美食指南
💛烤匠麻辣烤鱼（观音桥大融城店）
💛李恩恩•熊猫小院火锅（解放碑店）
💛盒止于礼·伴手礼
-
#重庆拍照#重庆旅行#重庆打卡#重庆美食#旅游#旅行#旅游推荐#旅游攻略#寒假去哪玩#度假#假期去哪玩",5,12,1,https://www.xiaohongshu.com/explore/67bcced5000000000b015ed4?xsec_token=ABa24pGds3urSNzETqnEqRYf8rIMvirEXnvenH6JFJ2hI=&xsec_source=pc_search&source=web_explore_feed,https://sns-webpic-qc.xhscdn.com/202502281327/478287d7cb87ed22b2f0d7644f7c16fc/1040g00831e9nk1ll0s5g5o1g9bhg80mvtkgu6l0!nd_dft_wlteh_webp_3,重庆梁师兄,,
来重庆不要乱带包！❌真的崩溃了,"划重点👀 2-4月来重庆的姐妹们👯‍♂️速看‼
重庆是一座8D魔幻城市，既有山城的独特地貌，也有火锅的热辣风情
这份攻略涵盖交通、路线和实用建议，帮你轻松玩转重庆！
.
✅交通指南
✈️飞机：重庆江北国际机场，距离市中心约20公里，地铁10号线直达解放碑。
🚄高铁：重庆北站、重庆西站、沙坪坝站，建议选择重庆北站，离市区最近。
🚇地铁：重庆地铁覆盖主要景点，推荐使用“渝畅行”APP扫码乘车。
🚕出租车/网约车：起步价10r，适合短途或夜间出行。
.
✅路线推荐
Day 1️⃣：解放碑➡️洪崖洞➡️千厮门大桥
上午：抵达重庆，入住解放碑附近酒店，放好行李后逛解放碑步行街，打卡重庆地标。
中午：在八一好吃街解决午餐，推荐酸辣粉、山城小汤圆、降龙爪爪。
下午：步行至洪崖洞，逛吊脚楼建筑群，体验11层楼的魔幻落差。
晚上：在洪崖洞看夜景，步行至千厮门大桥拍摄洪崖洞全景。
.
Day 2️⃣：长江索道➡️龙门浩老街➡️南山一棵树
上午：乘坐长江索道（建议从新华路站上），感受“空中公交车”的独特视角。
中午：在龙门浩老街吃午餐，推荐老街旁的江湖菜馆。
下午：逛龙门浩老街，打卡文艺小店和观景台。
晚上：前往南山一棵树观景台，俯瞰重庆夜景。
.
Day 3️⃣：磁器口古镇➡️李子坝轻轨站➡️鹅岭二厂**
上午：地铁1号线到磁器口古镇，逛古街、尝陈麻花、毛血旺。
中午：在磁器口解决午餐，推荐古镇内的老火锅店。
下午：打卡李子坝轻轨站，看轻轨穿楼的奇观；随后前往鹅岭二厂，拍文艺大片。
晚上：在二厂天台看夜景，感受山城的浪漫。
.
Day 4️⃣：朝天门➡️来福士➡️返程
上午：前往朝天门广场，看两江交汇（长江和嘉陵江），逛来福士购物中心。
中午：在来福士吃午餐，推荐重庆小面或江湖菜。
下午：根据返程时间，自由安排购物或休闲，结束行程。
.
✅重庆泥不知道的小tips:
①重庆地形复杂，导航可能不准，多问路或看路标。
②穿舒适的鞋子，爬坡上坎是常态。
③火锅微辣已经很辣，不能吃辣的朋友记得点鸳鸯锅。
.
图文@半夜烤地瓜 已授权转载 别误判蟹蟹
#重庆#浪漫生话的记录者#重庆拍照 #重庆旅游 #重庆探店 #重庆旅游攻略 #重庆吃喝玩乐 #重庆美食 #洪崖洞",23,20,评论,https://www.xiaohongshu.com/explore/67b69fc9000000000302bfac?xsec_token=ABxLz7581aBxbNPwVtPktCewnbHgRY0odn5wdU_pMqSsw=&xsec_source=pc_search&source=web_explore_feed,https://sns-webpic-qc.xhscdn.com/202502281327/072864a8b6f422f398ad443901e8bc75/1040g2sg31e417t8p0kdg5pr3sbs63s3jmo73ap8!nd_dft_wlteh_webp_3,想过星期9,,
重庆一日游｜不绕路高效率打卡13个热门景点,"本路线串联重庆必打卡的景点，不绕路，有点极限，但是能接受！特种兵玩法，还能体验到两江小渡和长江索道这两种特色交通工具。
🙌沿途有哪些可以吃的也附带上啦，大家根据自己需求来
👉路线：山城步道–十八梯–解放碑–魁星楼–两江小渡–下浩里–龙门浩–开埠遗址公园公园–长江索道–白象居–来福士–洪崖洞–千厮门大桥。
🌈建议：早上9点抵达山城步道。
上午：山城步道–十八梯–解放碑
下午：魁星楼–两江小渡–下浩里–龙门浩
晚上：开埠遗址公园–长江索道–白象居–来福士–洪崖洞–千厮门大桥
#重庆旅行攻略 #本地人的路线都是这样 #重庆旅游 #山城的浪漫至死不渝 #重庆 #重庆人的浪漫 #本地人做的攻略 #走过你走过的路 #重庆打卡 #人文景点分享",1587,1826,18,https://www.xiaohongshu.com/explore/67713901000000000b016e22?xsec_token=ABiYz3JgEYVuxDvK4uc8kHyYBpAxRoQtx2GXt_q84qUPQ=&xsec_source=pc_search&source=web_explore_feed,https://sns-webpic-qc.xhscdn.com/202502281327/733e172bbca96b93de366705bd48f299/1040g2sg31c08ebcugmd05pda3muhoi8s7oqundo!nd_dft_wlteh_webp_3,重庆攻略埋,,
淡季重庆已被宰，说点难听但有用的大实话,"真不要相信重庆淡季没啥人这种话，都是假的！！！现在街上还是到处都是人，还有很多旅游团，真心建议来重庆之前认认真真做好攻略，千万别跟我一样，做了个标准P人攻略，结果一踩一个大坑。
-
熬夜整理的重庆旅游经验：
20条大实话：图2-5
重庆景点地图分布：图6
淡季重庆三日游行程：图7-9
-
#重庆 #重庆旅游 #旅游攻略 #淡季旅游 #淡季旅游攻略 #避雷 #重庆旅行攻略 #旅游 #重庆打卡",154,232,3,https://www.xiaohongshu.com/explore/6743f1310000000007038498?xsec_token=ABE-3WWOJ9xA_wNIAkf2idzB6go4HE3x7bbdkRYEdF1UQ=&xsec_source=pc_search&source=web_explore_feed,https://sns-webpic-qc.xhscdn.com/202502281327/cfb60df9187bc69f092480db8bc9eced/1040g00831ak1dsh5mm6g5ns2s5e08b5km574lo0!nd_dft_wlteh_webp_3,动动闲不住,,
重庆本地人大实话✅这样玩才不会踩雷😭,"该说的都在图里面了，这里再啰嗦几句吧：
✔鞋子穿运动鞋、平底鞋
✔喜欢拍照的姐妹尽量多带内存卡或者充电宝
✔夜景打卡点真的有很多很多，一次性打卡完的路线不好规划的！
✔有盖章需求的姐妹尽量自带本子，避免~你们懂得~
✔夜景拍剪影更出片哦
✔非热门出片街道：马鞍山老街、超级80街、黄桷垭老街
#重庆 #重庆旅行攻略 #重庆旅游 #旅行 #旅游",382,512,2,https://www.xiaohongshu.com/explore/673f32970000000007032d25?xsec_token=ABT7Op3OY5Qu8UxAWjCL-vRP4V1xqMFujR0q4fKYOQkYY=&xsec_source=pc_search&source=web_explore_feed,https://sns-webpic-qc.xhscdn.com/202502281327/ef51513a4e70932b7605318e99416f7c/1040g2sg31afd52407g705nmeatvg82p9kfdncio!nd_dft_wlteh_webp_3,小小桃子,,
土著建议：来重庆一定不要错过三峡博物馆,"三峡博物馆里面真的有很多值得参观的东西，可以了解到很多有意思以及有意义的历史，给大家总结了一篇比较全面的攻略
.
🚇地铁：2\10号线曾家岩3号口出
⏰开放时间：周二至周日9：00-17：00（16：30停止入馆）
🎫门票：免费
预约之后，可以凭借预约的ma进入
.
各楼层的索引❗❗
👉🏻1F：壮丽三峡、大三峡环幕电影、临时展厅A、123创艺坊
👉🏻2F：重庆：城市之路、远古巴渝、临时展厅B
👉🏻3F：巴蜀汉代雕塑艺术、西南民族民俗风情、抗战岁月、历代钱币、临时展厅C
👉🏻4F：历代书画、历代瓷器、社会捐赠文物展、临时展厅D
.
游览顺序❗❗
个人比较建议在1楼乘坐电梯到4楼，从4楼一楼一楼走下来，因为电梯也是比较难等的，如果不想爬楼就可以这样来参观哟
.
关于盖章❓❓
✔️需要消费：博物馆有一个寻宝盖章的，这个需要在1楼购买册子，然后在各个楼层找到机器进行盖章
✔️不需要消费：自带本子盖章，共有46个免费章（1楼37个；2楼6个；3楼3个）
.
关于行李寄存❓❓
如果是小件的行李，在门口就有寄存的柜子，如果是行李箱一类的大件行李，进门右拐就有一个寄存大件行李的柜台就可以寄存了
.
参观完三峡博物馆还能去哪儿玩❓❓
✅人民大礼堂：就在对面，可以打卡各个机位
✅中山四路：距离不远，步行10分钟左右就可以到达，很美的街道
✅解放碑：乘坐2号线可以直达，距离很近
✅洪崖洞：晚上可以到这里看夜景，也是不错的选择
#博物馆 #三峡博物馆 #重庆 #重庆旅游 #人民大礼堂 #周末去哪儿 #人文景点分享 #重庆旅行攻略",2314,2049,56,https://www.xiaohongshu.com/explore/676d30c10000000014027e7e?xsec_token=AB5S4ThkqHl9pD5n5oLFTS6aeAdqKXqO_16dnCX-7wp6I=&xsec_source=pc_search&source=web_explore_feed,https://sns-webpic-qc.xhscdn.com/202502281327/d054202cd372ea71335053394568b7fc/1040g2sg31bsadk3ugmdg5nf0s05086arj80po3g!nd_dft_wlteh_webp_3,香菜哒哒,,
来重庆不要乱带包！❌真的崩溃了……,#重庆旅游 #重庆 #重逢便是庆 #重庆旅行攻略 #旅游 #周末去哪玩 #春节旅游,5992,5619,361,https://www.xiaohongshu.com/explore/6787c585000000001801fbf9?xsec_token=ABs261qendx_HRuSccvMjgPd4ozOBCS1RiwhrqYzu4Of4=&xsec_source=pc_search&source=web_explore_feed,https://sns-webpic-qc.xhscdn.com/202502281327/634e25d3b9ebcbb9c136d880810bd3d8/1040g2sg31cm93bsig8bg5ona4t57jscnfpbi9vo!nd_dft_wlteh_webp_3,重庆小灵通,,
在重庆待了5年‼给2-3月要来的姐妹一些建议,"2-3月想去重庆的姐妹！！这份攻略赶紧码住🐴还有交通、住宿等全都是干货💪小白也可以放心抄作业🥰祝大家都玩的开心
-
✈交通指南
🚏怎么到重庆❓
➡重庆江北国际机场:乘坐k01或轻轨直达市中心
➡重庆西站:乘坐G01或轻轨直达市中心 ➡重庆北站:乘坐G04或轻轨直达市中心
🚏轻轨:zfb或wx搜索重庆公共交通乘车码，运营时间6:30~23:00
🚏公交:统一票价2元，站点多，花费时间长
🚏出租车&网约车:晕车慎坐，高峰期不建议乘坐，堵车严重#重庆人的浪漫 #本地人做的攻略 #重逢便是庆 #山城的浪漫至死不渝 #旅游不踩坑 #攻略 #穷游攻略 #旅游攻略 @创作者小助手 @吃货薯 @薯队长",475,439,14,https://www.xiaohongshu.com/explore/67a34e1d0000000018009c58?xsec_token=ABg1G-GnLsdK--RDFG2-wYEgJGF78v0K1tu_Is-BsS2PI=&xsec_source=pc_search&source=web_explore_feed,https://sns-webpic-qc.xhscdn.com/202502281327/9e02b901cb1da5f7548b8cc9a2aab6ff/1040g2sg31dh5gqh0gm705osocsc9tbp9o5t9lj0!nd_dft_wlteh_webp_3,多吃蔬菜,,
重庆3日游｜不绕路玩转30个核心景点(土著版,"春节来重庆游玩，记得这样玩，给大家规划了一些不绕路的线路，可以深度游玩重庆土著的小众景点，以及重庆一些春节玩法
–
🌈第一天:山城步道-十八梯-八一好吃街-解放碑-白象居-来福士-洪崖洞-魁星楼-戴家巷
拆解为：
📍上午：山城步道、十八梯、八一好吃街、解放碑
📍下午：白象居、有空就可以去湖广会馆、来福士
📍晚上：去洪崖洞1楼看夜景后，魁星楼坐回22楼，去戴家巷
🙋‍♀️沿途美食建议：可以去八一好吃街吃好又来酸辣粉，中午可以在解放碑附近吃聂发财重庆江湖菜或者蛙鱼郎美蛙鱼，到了晚上回洪崖洞附近可以去吃莲姐火锅。
🌈第二天:老君洞-黄桷垭老街-三毛故居-黄葛古道-敦厚坡老街-上新街-开埠遗址公园-龙门浩-下浩里
第二天根据自己的情况来拆解，整个路线都是下坡路，而且三毛故居那里完全看你自己待多久，因为那里真的很好玩。
🙋‍♀️沿途美食建议：可以去老君洞吃豆花饭，要么就去黄桷垭老街随便吃，基本不会踩雷。
沿途美食建议：
🌈第三天:观音桥–天之椒子–观音桥好吃街–我在重庆大屏天桥机位–塔坪–北仓文创园–北城天街–曼哈顿机位–星光68–方圆live–地铁站
这条的路线比较轻松，可以逛一天也可以逛半天，自己掌握节奏！全程不绕路，还可以逛完后，直接坐轻轨离开重庆。3号线离机场和动车站非常近！
沿途美食:大彬火锅很好吃，价格也不贵，附近有饭饱香也不错！好吃街的土豆很好吃。
#重庆旅行攻略 #重庆旅游 #重庆 #小众游玩路线 #山城的浪漫永不停歇 #逛吃全攻略 #重逢便是庆 #旅行必逛打卡点 #重游那些走过的路 #重庆人的浪漫",1603,1998,27,https://www.xiaohongshu.com/explore/679cae6c0000000018010b2d?xsec_token=ABN9sZ0jBRDL8mmDUJwOiQD7HaK4KvvhEYi8mZxIk7j90=&xsec_source=pc_search&source=web_explore_feed,https://sns-webpic-qc.xhscdn.com/202502281327/c2f92bc0bec4127e0613cfa9c0e5decf/1040g2sg31damh2a40udg5pda3muhoi8s741mofg!nd_dft_wlteh_webp_3,重庆攻略埋,,
重庆必看的12大骗局❌你中过招吗‼️,"有准备来重庆旅游的，大家可以提前看看这些骗局，以免到时候踩坑了，祝大家在重庆玩得开心！
-
📍旅游路线：
Day1:解放碑—魁星楼—戴家巷—白象居—来福士—洪崖洞
Day2:三峡博物馆—人民大礼堂—李子坝—鹅岭二厂—下浩里老街—南滨路
Day3:重庆动物园—磁器口古镇—两江小渡—弹子石老街—观音桥—不夜九街
-
❌注意避雷
1.重庆机场或高铁有很多黑车，要认准小黄出租车
2.李子坝不要走到鹅岭二厂，直接打车很快就到了
3.不要买解放碑的金西梅，这种吃起来齁甜还没营养
4.钟书阁开在一个废弃的商场里，书店还很小一个
5.冒烟冰淇淋不要吃，像在吃塑料还会伤到舌头
6.重庆的路大多都是坡坡坎坎，要带一双运动鞋
7.洪崖洞要等到晚上开灯再去，白天基本成商业街了
（详细请看图12）
-
👉🏻重庆美食
🔸天棒老火锅
渝中区较场口磨房巷25号1-2门面
-
🔸罗文丽火锅
渝中区凯旋路96号
-
🔸秋姐三样菜
渝中区解放碑街道新华路得意世界负一层
-
	
#重庆旅游 #重庆居民楼下的火锅 #重庆旅游攻略",82,64,2,https://www.xiaohongshu.com/explore/679a42ec0000000018008075?xsec_token=ABKt0Gzm1vXa9GhKb2YSpsqSIbB_nUzHVQ5EN4-mtSV-E=&xsec_source=pc_search&source=web_explore_feed,https://sns-webpic-qc.xhscdn.com/202502281328/818ddbecd193427224fcb604da2064a4/1040g2sg31d8astsogs705pqiqjt215dtfp0ov40!nd_dft_wlteh_webp_3,吃一口鱼鱼🐟,,
,在重庆，公共交通也能有隐藏玩法？这5个方法带你换个方式玩转重庆 #重庆  #重庆旅游  #旅行推荐官  #公共交通  #轨道交通  #重庆旅行攻略,441,767,7,https://www.xiaohongshu.com/explore/66ed5328000000001e0185ed?xsec_token=ABCdJdu_4Ced8flcHzoEpINNngj3yWJbu1LQTdwq1jyL4=&xsec_source=pc_search&source=web_explore_feed,,重庆周末去哪,,
被J人男朋友做的重庆四日游攻略惊呆了‼️,"和男朋友打算去重庆玩三四天，旅游约会，还没有出发，男朋友就做好了重庆的旅游攻略，感觉写的很详细也很清楚，本p人狠狠惊呆了🥹🥹🥹
分享给准备去重庆的姐妹们！！可以直接冲～#重庆人的浪漫 #我的小众旅行攻略 #重庆旅游 @创作者小助手 @吃货薯 @薯队长",1.4万,1.5万,226,https://www.xiaohongshu.com/explore/6707d8f1000000002a03467d?xsec_token=AB1t5BMq9Gr9CEsMy2edHpysm0jGeZSL-asM1QWLdTwXY=&xsec_source=pc_search&source=web_explore_feed,https://sns-webpic-qc.xhscdn.com/202502281328/cf20e87f1fab658e1ab9d2e1f2050833/1040g008318pbf0qf466g5pg2lqu3cv1dts4gk30!nd_dft_wlteh_webp_3,心事蛋蛋,,
第一次去重庆的旅游攻略，还好提前刷到了,"重庆旅游攻略，12月-2月来重庆姐妹听劝不要错过这份攻略喔，给大家作为参考！希望即将去重庆游玩的姐妹能够避坑！
-
⭐重庆旅游小tips：
☁天气：12月份平均温度是8℃-12℃，携带保暖衣物🧥
✈飞机：重庆只有江北国际机场，注意有两个航站楼：T2、T3！别走错了❗
🚅高铁&火车站：重庆北站、重庆西站和重庆沙坪坝站，建议选择重庆北站，距离市中心更近，乘坐轻轨、出租车即可
✅来重庆不需要报团，提前做好攻略即可，享受本地人的惬意松弛感
❌不要轻易挑战特辣等级别，重庆人也只敢尝试中辣
-
🧣穿搭建议‌： ‌
▶上衣‌：羽绒服、棉服、厚外套、毛衣、打底衫等（保暖为主‌）
▶‌下装‌：长裤、打底裤，加绒款式更好
▶‌鞋子：棉靴或舒适好走路的鞋子，避免高跟鞋，因重庆多为山路‌
‌▶配饰‌：围巾、手套🧤等（既保暖又时尚‌）
	
#重庆#重庆旅游#重庆旅游攻略#重庆景点#重庆景点攻略#重庆景点预约#重庆美食#重庆火锅#重庆游玩",292,357,评论,https://www.xiaohongshu.com/explore/675c09d0000000000603ca14?xsec_token=ABwORGPiVXBaRyC4loSAiMhcqQUUNuNfmIbp_X4VvbAe4=&xsec_source=pc_search&source=web_explore_feed,https://sns-webpic-qc.xhscdn.com/202502281328/8349ed5655ffb7e38efb82b26b23763a/1040g2sg31bbie4om7idg5ob6vo27v2umrqlb3h0!nd_dft_wlteh_webp_3,美少女的游玩日记,,
听劝🙋🏻‍♀️1-2月来重庆的姐妹🐴住（超全）,"重庆很好玩，但是攻略也是必须的，一定要提前做攻略，不然就会遇到好多🕳，整理了一份攻略，涵盖景点、交通、注意事项希望能帮到即将来重庆或者准备来重庆的姐妹们😘
-
🔵各区景点
📍渝中区:
洪崖洞、解放碑、白象居、山城步道、长江索道、国泰艺术中心、八一好吃街、湖广会馆、朝天门、千厮门大桥、李子坝、小黄楼
📍南岸区:
弹子石老街、南山一棵树、壹华里夜景公园、南滨路、龙门浩老街、法国水师兵营
📍江北区:
北仓文创园、观音桥步行街、不夜九街、重庆大剧院、鸿恩寺
📍九龙坡区:
涂鸦一条街、交通茶馆、川美黄桷坪校区、铁路四村、万象城
📍沙坪坝区:
磁器口、白公馆、渣滓洞、熙街、川美虎溪校区、罗中立美术馆
#重庆 #重庆旅游#重庆旅游推荐#重庆三天两夜自由行#旅游攻略#我的小众旅行攻略#重庆景点推荐#重庆热门#重庆热门景点#重庆游玩攻略",897,593,4,https://www.xiaohongshu.com/explore/6784df40000000000b021c0c?xsec_token=AB20F8D470Xjn7Rx2zzSNClblOlMsKh11V0BHGvXdQHM0=&xsec_source=pc_search&source=web_explore_feed,https://sns-webpic-qc.xhscdn.com/202502281328/4c5c77da36a3867ed5d1b1264c8e1406/1040g00831cjefrfggu005pl3in3nc68j2dq13ng!nd_dft_wlteh_webp_3,迪士尼在逃公主👸,,
听劝，重庆现状😰！写给2-3月来重庆的,"不要盲目来重庆了，❌真的很容易踩坑，才从重庆回来，希望可以帮助到大家😭
♨️怎么到达重庆
1⃣️重庆江北国际机场：乘坐k01或轻轨直达市中心
2⃣️重庆西站：乘坐G01或轻轨直达市中心
3⃣️重庆北站：乘坐G04或轻轨直达市中心
#重庆旅行攻略#旅行穿搭#重庆火锅#观音桥#旅游城市#出发去旅行 #寒假去哪玩#重庆周边游 #美食日常#假期去哪玩#观音桥旅游城市#小众旅行地#旅途中的美景#攻略#旅行推荐官#每一帧都是热爱#旅游转场#旅游vlog#旅行攻略#寒假#周末去哪儿#反向出门溜溜#不早起旅行日记#重庆美食#大学生#citywalk#薯条小助手#重庆旅游#记录我的城市#旅行#重庆拍照#带爸妈反向过年#重庆探店#度假好去处 #手机里第一张春天#重庆#洪崖洞#假期去哪玩#旅行",120,123,19,https://www.xiaohongshu.com/explore/67b3453a0000000018011bd3?xsec_token=AB7ssgT-_LuacMgURsNqPOmeVlgX4U_Xi2zM1OfdG1XzY=&xsec_source=pc_search&source=web_explore_feed,https://sns-webpic-qc.xhscdn.com/202502281328/19c4e8d5a5df4f9c41842309ac098e45/1040g00831e0oe1j80m005pet82u194lbm5t6aj8!nd_dft_wlteh_webp_3,猜猜的旅行日记,,
