标题,内容,点赞,收藏,评论,笔记链接,图片链接,作者,keyword:重庆 旅游 注意事项,2025年02月28日 19:43
要是在去重庆之前刷到这篇就好啦✔💥超全,"近期准备来重庆旅游的朋友们赶紧看过来，不费脑攻略
·
重庆住宿、重庆美食、重庆防坑、重庆伴手礼、重庆美食街、重庆交通都在图上，宝贝们自取哦
·
🎒行前准备
证件类：身份证、学生证、现金
药品类：肠胃药、晕车药、驱蚊水
生活用品：化妆品、洗漱用品等
·
洪崖洞、解放碑、李子坝轻轨穿楼、武隆仙女山、天生三桥、酉阳桃花源、九黎城、乌江画廊……🍃🌸
#旅行攻略
·
✅重庆必打卡景点
📍洪崖洞：不用多说，洪崖洞夜景yyds，😍来重庆必打卡！
📍解放碑：重庆地标，值得打卡，旁边的八一路好吃街也可以去逛吃🤤
📍李子坝轻轨穿楼：火爆全网的打卡点，快来拍照~
📍武隆仙女山：“东方小瑞士”，超美超治愈！😌
📍武隆天生三桥：将重庆的侠气体现的淋漓尽致，是超多热门影视作品的取景地！
📍酉阳桃花源：春日限定！感受陶渊明笔下的《桃花源记》🌸
📍蚩尤九黎城：雄伟壮丽，拍照绝佳，夜景更是一绝！👍🏻
📍乌江画廊：船游乌江画廊，如同身在画卷中，洗涤心灵~☺️
·
🌈🌈路线参考
1⃣️第1天：自行抵达重庆，专车接站入住酒店
2⃣️第2天：天生三桥-仙女山大草原
3⃣️第3天：蚩尤九黎城-百里乌江画廊
4⃣️第4天：李子坝轻轨穿高楼-磁器口-洪崖洞
·
‼️第yi次来重庆的宝子，想省心省事省力，可以报一个当地tuan，类似以上的纯玩行程800左右，不用想去哪玩？吃什么？玩什么的问题等等，通通都安排好了，你只需要开开心心的玩就可以了
·
#五一去哪玩 #重庆 #重庆旅游 #重庆旅行攻略 #重庆旅行 #旅游 #旅行 #遛娃好去处 #带娃旅行 #五一旅游攻略",1187,1245,18,https://www.xiaohongshu.com/explore/65f170a70000000012022d0e?xsec_token=ABJ721Oo07xlRW4DsVOj65vHBz09Nw2RsgkrUjAKXBHhk=&xsec_source=pc_search&source=web_explore_feed,https://sns-webpic-qc.xhscdn.com/202502281943/b131a1e367fcb192f19167629c0fb4c9/1040g0083109f7nf86g6g5p57ui79eo7unv347tg!nd_dft_wlteh_webp_3,小红薯66524441,,
记住这12条注意事项⚠重庆很好但别再被骗了,"来重庆建议好好看看这篇重庆的避雷攻略📝
里面将来重庆要注意的都写全了🎉
重庆真的很适合自由行，但是不做好攻略就来⭐
也很容易踩坑的，希望大家来重庆都能玩的开心❤
-
🙅‍♀🙅‍♀🙅‍♀来重庆要注意的这12条，千万别踩坑
1⃣不要买颜色艳丽的金西梅，本地人都叫他哈儿果
2⃣不要买竹筒奶茶，不好喝只能拍拍照
3⃣在洪崖洞遇到送花的，直接拒绝，都是要给钱的
4⃣不要大白天的就去洪崖洞，里面就是卖东西的
5⃣不要和景区里面的铜人合影，都是收费的
6⃣切勿相信花钱带你走快速通道的，都是骗人的
7⃣解放碑附近保安推荐的火锅不要吃，又贵又坑
8⃣在重庆出行不建议乘坐公交，很容易堵车
9⃣在大剧院江滩遇到拍照的，一定要问好价格再拍
🔟不要信拉你去坐两江游的，价格很贵，想游览江景就去坐两江小渡
1⃣1⃣长江索道不要往返坐，多坐一次要多排一次队
1⃣2⃣景点路边拉你采耳的不要体验，不干净，几分钟就要30块
	
#重庆旅游#重庆旅行#重庆旅游攻略#重庆旅行攻略#重庆美食#重庆火锅#重庆江湖菜#重庆探店#重庆景点#重庆打卡#重庆民宿#重庆酒店#重庆路线#解放碑#洪崖洞#周末去哪儿#假期去哪儿",276,239,3,https://www.xiaohongshu.com/explore/671f9b65000000001b03e43e?xsec_token=AB9Bj67vz6BtJAoN_BP_snmQDfbKXNgXP5UZfkAcBLKMY=&xsec_source=pc_search&source=web_explore_feed,https://sns-webpic-qc.xhscdn.com/202502281943/8a8f0ae6af3721ff0aa31d7531236d6e/1040g008319ghuou96s605ov2cii9t27375nouc0!nd_dft_wlteh_webp_3,打嗝呆呆鱼,,
来重庆不要乱带包！❌真的崩溃了……,#重庆旅游 #重庆 #重逢便是庆 #重庆旅行攻略 #旅游 #周末去哪玩 #春节旅游,5997,5623,362,https://www.xiaohongshu.com/explore/6787c585000000001801fbf9?xsec_token=ABs261qendx_HRuSccvMjgPd4ozOBCS1RiwhrqYzu4Of4=&xsec_source=pc_search&source=web_explore_feed,https://sns-webpic-qc.xhscdn.com/202502281943/586b7c60b10950f8701c7957eaf912f3/1040g2sg31cm93bsig8bg5ona4t57jscnfpbi9vo!nd_dft_wlteh_webp_3,重庆小灵通,,
不开玩笑，来重庆旅游千万别做18件事！,"新鲜出炉的重庆游玩攻略！在重庆千万不要做的18件事，跟着攻略一起避坑吧
-
🟣重庆出行准备
✔️证件类：身份证（必带）、学生证
✔️电器类：充电器、充电宝、手机、相机、耳机、自拍杆
✔️日用品：化妆品、护肤品、毛巾、牙刷牙膏、面膜
✔️药品类：感冒药、肠胃药、晕车药、健胃消食片
✔️衣物类：外套、卫衣、长袖、短袖、裤子、平底鞋、内衣裤、袜子
✔️其他：水杯、雨伞、背包、帽子、墨镜
✔️Tips：重庆这几天降温了，如果下雨会有点冷，一定要带保暖一些的外套、卫衣哦
-
🟠重庆热门景点
🌟解放碑：抗日战争胜利纪念碑，历史意义深厚
🌟魁星楼：你以为在1层，其实在22层
🌟长江索道：重庆特色的空中跨江交通
🌟洪崖洞：亮灯后是现实版“千与千寻”
🌟山城步道：悬崖步道，很有老山城的韵味
🌟湖广会馆：暖黄色清代建筑群，有西游记、封神榜等的雕栏画栋，非常精美
🌟李子坝：楼中车站，轻轨从19层居民楼中穿过
🌟鹅岭二厂：旧厂区改造而成，有很多涂鸦墙和文创
🌟来福士：外形很有赛博朋克风的建筑
🌟重庆动物园：大熊猫超多，园区很大
🌟龙门浩老街：很多依山而建的民国风建筑，视野很好，能看到渝中江景
🌟下浩里老街：吊脚楼和山水树木融合，山城特有的江南水乡之景，夜景很美
-
🟢周一闭馆的景点
📢重庆有些景点会在周一闭馆维护，比如罗中立美术馆、三峡博物馆、重庆科技馆等，注意时间安排，提前预约好再去！
-
#重庆旅游 #重庆旅行 #重庆旅游攻略 #重庆旅行攻略 #国庆",361,435,19,https://www.xiaohongshu.com/explore/66fe97e4000000001b02332e?xsec_token=ABadMTMYFAQDrx5fsVWE4spC43Dw8M_XxywKVymNo9ax8=&xsec_source=pc_search&source=web_explore_feed,https://sns-webpic-qc.xhscdn.com/202502281944/10dfe70f9ab3913eaa65a32a048f481a/1040g2sg318g289fpgmb05oak4377uo6ae46mh48!nd_dft_wlteh_webp_3,亚亚星期一去玩,,
听劝👂2-3月去重庆的姐妹👭码住（巨全！,#重庆 #重庆旅游 #重庆旅游攻略 #重庆旅行 #重庆旅行攻略 #重庆游玩攻略 #重庆打卡 #重庆拍照 #重庆美食 #重庆美食攻略,451,486,9,https://www.xiaohongshu.com/explore/67b5a2bd00000000090394f7?xsec_token=ABUG3PXM2rkDKZT301D-MHGHwKr7Wke-yOXSwAhK-vVfc=&xsec_source=pc_search&source=web_explore_feed,https://sns-webpic-qc.xhscdn.com/202502281944/3a51b424fdeb115bfa1c816b979bf7f2/1040g00831e327d6th6505pd4un0gsss1qraium8!nd_dft_wlteh_webp_3,小鱼冻干🥣,,
⭐️⭐️⭐️重庆旅游注意事项,"🌟重庆旅游🏕注意事项
1⃣不要穿高跟鞋👠逛重庆，重庆都是上破下坎的，高跟鞋不方便穿平底鞋和运动鞋
2⃣赶时间别坐出租车🚕，建议选择乘坐地铁🚈
3⃣不要排队买景点门票，很多景点都可以直接在公众号上预约购买
4⃣白天不要去洪崖洞了，洪崖洞最出名的是夜景，白天指挥看到它商业化
5⃣在重庆不要完全相信导航，导航根本找不到路，最好问本地年轻人
6⃣不能在罗中立美术馆里喝水，美术馆是不允许带水的，每周一闭馆哦！
7⃣别去🚖出租车司机介绍的火锅馆，很多真正地道的重庆美食都藏在小巷子里，司机师傅推荐的大多都比较贵
8⃣来福士最佳 Dakar 机位在""重庆饭店"".""港渝广场""
9⃣❌要去景区特产店买特产有些不会明码标价
🔟❌要专门去打卡网红小吃店，炒作比较厉害，味道不①定好吃
	
💥建议自驾和骑行，本地人都要好久才能熟悉路线，到处都是上下坡，导航可能会失效，出行可当地团或者轻轨
#重庆旅游#重庆旅游建议#重庆小众游#",7,2,评论,https://www.xiaohongshu.com/explore/66db477d000000002603f249?xsec_token=ABD7aLIdTO53_q2i39eNclmGu3vLnbIjioAxxGqtbmp7A=&xsec_source=pc_search&source=web_explore_feed,https://sns-webpic-qc.xhscdn.com/202502281944/45c3f6b7dd2b266b8cfd0eaa424a3a89/1040g2sg317dqn2md3u6049vvsh2un71ke8bihig!nd_dft_wlteh_webp_3,茜妹儿,,
来重庆不要乱带包！❌真的崩溃了……,#重庆旅游 #重庆 #重逢便是庆 #重庆旅行攻略 #旅游 #周末去哪玩 #春节旅游,5997,5623,362,https://www.xiaohongshu.com/explore/6787c585000000001801fbf9?xsec_token=ABs261qendx_HRuSccvMjgPd4ozOBCS1RiwhrqYzu4Of4=&xsec_source=pc_search&source=web_explore_feed,https://sns-webpic-qc.xhscdn.com/202502281944/27c426a840d4f9fa294501e223715a91/1040g2sg31cm93bsig8bg5ona4t57jscnfpbi9vo!nd_dft_wlteh_webp_3,重庆小灵通,,
重庆已回◎崩溃了！真诚提醒还未出行的⋯,"跟女朋友刚从重庆旅游回来，两人都冷疯了，以为2月后会暖，是我攻略没做足啊😫这次旅行真的太难忘了！根据我们的亲身体验，我精心整理了这份游玩攻略，姐妹们赶紧收藏起来吧✅
.
‌㊙️避雷小贴士‌
♦️学生党们，学生证别忘了，重庆很多景点都能享受优会！比如（重庆动物园、湖南会馆、人民大礼堂）
♦️到重庆一定要尝尝地道的重庆小面和火锅，辣得过瘾，别去网红馆，街边随便一家或居民楼下的就好吃
♦️参观三峡博物馆时，建议租个语音导览器，更深入地了解重庆的历史文化
♦️洪崖洞夜景超美，但不建议去太晚，关灯后黑麻麻的，啥也看不见了
♦️重庆交通以轻轨为主，方便快捷，公交高峰时段会拥挤
♦️不太能吃辣的伙伴，点餐时记得选择微辣，重庆美食的辣度可不一般‌
♦️解放碑旁边就是八一好吃街，步行5分钟！是品尝重庆特色小吃的好地方，如好又来酸辣粉、怀粮生煎、山里人锅巴土豆等
♦️磁器口古镇适合闲逛，但商业化较重，不建议吃喝
♦️观音桥好吃街美食也挺多的，丁家坡洋芋很好吃，还去吃了附近的洋河村•野火锅，舞茸菌一口爆汁，爽！
♦️戴家巷要从上往下逛才比较轻松，楼梯特别多，下来后去附近吃仪表厂火锅、井到吃老火锅不错
♦️马房湾七彩巷很适合打卡涂鸦墙，但要穿浅色系的衣服，马房湾66号江湖菜也不能错过，江湖菜分量很足，麻辣鲜香又下饭
.
‌🔔三日畅游路线‌
🌸‌DAY1‌：抵达重庆—解放碑—八一好吃街—二十二楼川菜馆—白象居—湖广会馆—洪崖洞—千厮门大桥
🌸‌DAY2：龙门浩老街—下浩里老街—南山一棵树—南滨路—长江索道—暹罗之屿•泰式按摩足疗
🌸‌DAY3：人民大礼堂/三峡博物馆—鹅岭二厂—李子坝轻轨穿楼—马房湾七彩巷—马房湾66号江湖菜—磁器口
.
#重庆人的浪漫 #重逢便是庆 #穷游攻略 #出行攻略 #攻略吃喝玩乐 #山城的浪漫永不停歇 #重庆旅游 #重庆 #重庆美食推荐 #重庆美食打卡
@城市情报官 @走走薯 @小红书创作助手 @小红书创作学院 creator academy @吃货薯",52,76,4,https://www.xiaohongshu.com/explore/67bafbf1000000002803c5f5?xsec_token=AB1bGgo0aDuhJBGFe3mpgGj_LUFdNyemuuEMCum3HgAwE=&xsec_source=pc_search&source=web_explore_feed,https://sns-webpic-qc.xhscdn.com/202502281944/ed10a01a64174e343488ccc2f5d1df3e/1040g00831e897htf0m5g5o37ocpg8ks6300ra60!nd_dft_wlteh_webp_3,ccee,,
听劝👂2-4月来📍重庆的姐妹请🐴住 重庆真,"重庆真的太好玩了，消费总体也不高，但就是比较容易踩坑🤕，所以第1次去重庆的宝子们要做好攻略📝再去！今天把重庆旅游的一些小建议整理出来，给大家作为参考！
·
🔹重庆交通指南
⭕️去重庆坐飞机：江北机场，直接叫车去酒店比较方便。
⭕️动车高铁：首选重庆北站，离市区近，方便。
⭕️市内交通：地铁、打车都非常方便。
·
👇旅行小tips：
1️⃣洪崖洞、十八梯有试吃试喝，可以尝尝，别去买东西，非常贵！类似试喝的花茶，1克1.2r，随便一装就三四百
2️⃣重庆高铁优先选择重庆北站，进入市区方便，住宿订在龙湖时代天街、大坪的朋友，可以选择重庆西站、沙坪坝站，这两个站离得比较近
3️⃣鹅岭二厂真的要选天气好的时候再去，不然拍出来的照片都是废片
4️⃣解放碑到洪崖洞步行可至，洪崖洞不要相信收费带路的！根本没有所谓的“快捷通道”，一定要在小红书搜路线攻略
5️⃣千厮门大桥不要错过，可以俯瞰整个洪崖洞的夜景，从洪崖洞11楼步行上桥更方便，千万不要打车上去
6️⃣白象居不知道怎么走的话，导航“胖哥面庄”，左手边下S坡就能走到观景台，在这可以和长江索道、双子塔拍合影
7️⃣山城步道保留了很多重庆老文化，里面有很多老建筑、茶馆，还有很多文艺店、古玩店、咖啡店，可以带一些值得纪念的小物品，比如买几张明信片，盖几个章当做纪念
8️⃣来之前记得先看天气预报，免得来了之后一直阴雨天，到处都雾蒙蒙的又冷
·
#重庆 #重庆打卡 #重庆避雷 #重庆旅游 #重庆旅行 #重庆美食 #旅游",433,677,17,https://www.xiaohongshu.com/explore/67b353830000000029032992?xsec_token=AB7ssgT-_LuacMgURsNqPOmctD38vNjYx65KWLljNaDzA=&xsec_source=pc_search&source=web_explore_feed,https://sns-webpic-qc.xhscdn.com/202502281945/263b41d73cf7f68f7b43373e347e929d/1040g2sg31e0q5urige705oak4377uo6a5og0tdo!nd_dft_wlteh_webp_3,亚亚星期一去玩,,
重庆会惩罚每一个不提前预约的懒人😭,"为了大家不要白跑一趟‼ 出发重庆之前一定要预约啊 - 今天给大家总结了重庆旅游热门景点的预约方式🔥大家赶快收藏起来⭐以备不时之需，来重庆肯定可以用到～
#重庆﻿#重庆旅游攻略﻿ #旅游攻略﻿ #洪崖洞 #长江索道 #重庆拍照﻿ #重庆美食﻿ #旅游群像关键帧 #后劲很大的旅行地 #冬季好去处 #2025跨年 #元旦去哪里 #寒假亲子游 #一口热乎乎开启冬至 #被美食治愈的瞬间 #大声安利地道美食
@创作者助手 @吃货薯 @薯队长 @创作者小助手",2530,3278,27,https://www.xiaohongshu.com/explore/6763c6fa0000000013001f7f?xsec_token=AB9OwRGWvwhryycy6Kidi8DoBavJ3UGRWn3RQ1HdIMO6A=&xsec_source=pc_search&source=web_explore_feed,https://sns-webpic-qc.xhscdn.com/202502281945/53a75804b5f78701e65c2b9cea16c2be/1040g2sg31bj491vogkcg5nsupjgg8q6avfi2mng!nd_dft_wlteh_webp_3,小楠宝在努力,,
从重庆回来才知道被骗了,重庆根本不是网上说的呀，给大家整理了几条重庆避坑，希望家人们看完不踩雷#重庆旅游 #重庆 #重庆旅行 #重庆旅行攻略 #重庆景点推荐 #重庆景点打卡,879,860,261,https://www.xiaohongshu.com/explore/67bb0144000000000900cfa9?xsec_token=ABpIqEzr-y12t7sVl2ojTwxmKq20PG-RYSV1nBFYP9jD8=&xsec_source=pc_search&source=web_explore_feed,,重庆旅游依依众景,,
去重庆前，听点不一样的大实话,"2-3月份来重庆旅游的宝宝，不要错过这份攻略喔，给大家作为参考!
希望即将去重庆游玩的姐妹能够避坑!送给来重庆旅游的姐妹!!
#重庆#浪漫生话的记录者#重庆拍照 #重庆旅游 #重庆探店 #重庆旅游攻略 #重庆吃喝玩乐 #洪崖洞#旅游攻略@小红书创作助手",4899,6180,628,https://www.xiaohongshu.com/explore/6799dd5b000000002903e8b6?xsec_token=ABYHj8eq66t5sQyW5esNoh_ak3d3aa5NxiDRtmdxjqtF0=&xsec_source=pc_search&source=web_explore_feed,https://sns-webpic-qc.xhscdn.com/202502281945/a78fdafa1eac54b4eb1a0a786bb2d27a/1040g00831d7ugelbgk005pas1j5204ai0odhu88!nd_dft_wlteh_webp_3,不吃番茄,,
去了重庆3次‼️我的建议是…,"打算3-5月去重庆的姐妹们注意了💓这篇重庆旅游攻略包含了重庆精华景点、美食、注意事项、出行交通、住宿指南，一篇轻松get✅快来🐎住，体验重庆山城慢生活~
攻略已经整理出来了，不知道怎么玩的姐妹们赶紧来抄作业啦🥳
#重庆美食#重庆旅游攻略#重庆避雷
#重庆住宿#重庆美食推荐#重庆
@创作者小助手 @吃货薯 @薯队长 @创作者小助手",4,4,评论,https://www.xiaohongshu.com/explore/67c178320000000029033ffd?xsec_token=ABOXRwzNkyvrjZbg9klG0rxGsUrxpS_PIRY0xzkg0IaKg=&xsec_source=pc_search&source=web_explore_feed,https://sns-webpic-qc.xhscdn.com/202502281945/25e48009c45488ba6222d6ae4e72ae01/1040g00831eek5b1tgc6g5prubv9i7jl16au8q7g!nd_dft_wlteh_webp_3,🍏,,
重庆旅游避坑攻略‼️主打一个听劝避雷💣,"作为重庆的土著，对重庆的避坑点真是再熟悉不过了，来重庆旅游的朋友们，一定要注意一下这些问题👇👇👇
	
1、不要在景区买特产，价格很贵，可以在外面的特产超市购买，价格实惠，种类丰富
2、不要在景点周边买红色的果子，都是色素染的，又贵又不好吃
3、景区找你合影的铜人或卡通人物以及卖花的千万不要理，拍完就找你收费，花更是卖出天价
4、解放碑很多那种穿制服的人很热心的给你指路，其实是拉你去店子里面吃饭，一定注意
5、长江索道不推荐大家买往返票，因为索道上的风景都是一样的
6、长江索道的车厢很小，一定站窗边，不然什么景色都看不见
7、白象居是老式居民楼，不是景区，所以拍照一定不要大声喧哗
8、打卡白象居的话推荐定位胖哥面庄，一条路下去全是机位，还有超绝的长江索道机位也在白象居里面
9、白象居里面的厕所是收费的
10、来福士的最佳拍照机位在南滨路钟楼广场
11、两江小渡的船票当日有效，船票过有效期概不退换，在""大美重庆""gzh购票
12、电子或纸制学生证都可以享受到很多景区半价的门票，中考/高考准考证或录取通知书也可以
13、洪崖洞冬季开灯时间是18:00-23:00
14、洪崖洞是一个免费的景点，不要相信带你走快速通道的人，洪崖洞没有快速通道
15、洪崖洞里面1-4楼是商业街，5-8楼是酒店，没啥特别，可以不逛
16、洪崖洞1楼和11楼出去都是大马路，从11楼出去才能走到千厮门大桥，11楼有地铁站
17、洪崖洞1楼不要轻易下去，晚上人很多且堵车
18、罗中立美术馆和三峡博物馆周一是闭馆的，每天也是有人数限制的，预约晚了可能会进不去，最好提前预约避免跑空
19、人民大礼堂最好是上午或者下午去，周围比较空旷，中午太阳太大，拍照可能会曝光
20、山城步道很多店都可以盖章打卡，但是基本都需要消费
21、如果要玩十八梯，就先山城步道后十八梯，这样是下坡路
22、如果要去打卡鹅岭的那几个景点，一定是先去鹅岭公园→鹅岭二厂→李子坝，这样才是下坡路
23、鹅岭二厂到李子坝的那一条路都是很抖的楼梯，上坡超级累，所以别走错
24、华生园梦幻城堡建筑外观比较老旧了，路程远，还要买门票，不建议特意去
	
交通指南P5️⃣P6️⃣
住宿指南P7️⃣P8️⃣
﻿#重庆旅游﻿ ﻿#重庆旅行攻略﻿ ﻿#避坑指南﻿ ﻿#重庆打卡﻿ ﻿#洪崖洞﻿ ﻿#长江索道﻿ ﻿#重庆避坑攻略﻿ ﻿#重庆景点避坑﻿",6,8,评论,https://www.xiaohongshu.com/explore/676d1622000000001301bbd1?xsec_token=AB5S4ThkqHl9pD5n5oLFTS6cQRFHZHuw9H1jiQ9n6BFzo=&xsec_source=pc_search&source=web_explore_feed,https://sns-webpic-qc.xhscdn.com/202502281945/67e4203bb16cc71e2fbf555f8ef2dcb2/1040g00831bs78pn5gk605o2ul5r08tr5o0hd2a8!nd_dft_wlteh_webp_3,重庆旅游百宝箱,,
重庆旅游通知🎉还好去之前看了😭,"打算3-4🈷️来重庆旅游的家人们，快来看~特地整理了一份相当全面的重庆旅游攻略👏里面有交通、住宿、景点、避雷建议等等，希望大家来重庆都能玩的开心⚡~
🌈长沙近期天气情况
🌞天气情况：6℃-15℃之间
🧣穿搭：厚外套、毛衣、长裤、卫衣、平底鞋等等
⚠在重庆游玩的注意事项
⚡不要穿高跟鞋来重庆！经常需要爬坡
⚡不需要跟团，自由行完全没问题
⚡不要在景区买红色的果子
⚡不要随便和铜人、玩偶合照
⚡学生可以带上学生证，门票可以半价
⚡路上主动搭讪、推荐你去吃饭的，都是饭托
#重庆旅行#重庆小众周边游 #重庆 #重庆旅游  #重庆旅行 #旅游攻略 #重庆怎么玩 #重庆去哪儿 #旅游不踩坑 #放假通知
@发发薯 @小红书创作助手 @小红书创作学院 creator academy",2,2,评论,https://www.xiaohongshu.com/explore/67c19d8a00000000290094a9?xsec_token=ABOXRwzNkyvrjZbg9klG0rxD6Fy3NtELglRYA6GZARyjE=&xsec_source=pc_search&source=web_explore_feed,https://sns-webpic-qc.xhscdn.com/202502281945/13e580a256f574c2130fdeefb58e12cc/1040g2sg31eeon2cpgcd05oup5ctpgic7r2dcja8!nd_dft_wlteh_webp_3,青鱼游,,
3-4🈷️准备去重庆的❗️旅游避雷全攻略🉑,"和闺蜜去了趟重庆，回来后我们两个人都emo了😩做了攻略结果到重庆还是遇到了很多问题❗️如果你查攻略看得眼花缭乱👀但还是不懂怎么玩的，不妨看看我整理的这一份清晰和简单的攻略✅简直是懒人必备‼️尽可能的将自己知道的、经历过的一些游玩经验和游玩建议全都分享出来❗️
🔅这篇攻略涵盖重庆的景点、建议、交通和路线游玩至少能带你避开90%的坑后续来重庆旅游肯定用得上!
-
⚠️导航失灵警告：解放碑/洪崖洞周边别完全依赖导航，地形复杂，导航可能会带你走偏路，多问本地人更高效（尤其地下通道和天桥）
⚠️黄色法拉利套路：司机热情推荐的火锅店/景点慎选，大概率有合作分成，建议提前查好口碑老店，要有自己的判断
⚠️长江索道省时技巧：排队1小时体验5分钟？选南站（上新街）这里人更少，提前在gzh搜索“重庆索道公司”购票
⚠️火锅防坑指南：网红店排队2小时不如钻进老社区、居民楼，微辣是外地人极限，油碟记得加醋解辣
⚠️八一好吃街陷阱：价格虚高且同质化严重，本地人更爱观音桥好吃街、南方花园夜市或直接扫荡路边摊
⚠️网红景点滤镜粉碎：李子坝穿楼轻轨拍10秒就足够了，想去鹅岭二厂的朋友注意了，类似商业街，不是很喜欢拍照的或没什么时间的不建议去
⚠️特产采购指南 ：磁器口陈麻花现场买贵3倍！去永辉/新世纪超市买火锅底料、麻花、怪味胡豆更划算
-
🍱美食店推荐
🍲天棒老火锅
每次去他家我都必点三拼盘，鲜毛肚、鲜鸭肠、鲜猪黄喉三拼盘，又脆又嫩超好吃，还有嫩牛肉麻辣超入味，嫩滑爽口巴适得板！
🍲罗文丽火锅
30多年社区老店，主打卤菜、创意涮菜为主，他家的卤味我最喜欢吃卤肥肠，一口下去爆汁的美味，油而不腻，搭配葱香酥肉吃绝绝子
🍲秋姐三样菜
一家以江湖菜为特色的餐馆，主打现炒鲜拌，想吃什么下单都是现炒，他家凉拌菜也是一绝，好吃下饭很有重庆风味推荐！
🍲唐红英火锅
老居民楼下的怀旧老火锅店了，门店位置在凯旋路电梯附近，他家的火锅底料辣而不燥，不得不说真的很地道
#重庆旅游#重庆旅游攻略#重庆美食#旅游攻略#重庆旅行#重庆美食推荐#重庆出行攻略#重庆人的浪漫#重庆旅行#重庆旅行攻略",1,6,评论,https://www.xiaohongshu.com/explore/67c18c100000000029031300?xsec_token=ABOXRwzNkyvrjZbg9klG0rxPqnGfiOV8TSNRIw3AzRSV8=&xsec_source=pc_search&source=web_explore_feed,https://sns-webpic-qc.xhscdn.com/202502281945/ce2e90e80d087fab94ad31d4d950f922/notes_pre_post/1040g3k031eemisob08005ondvmd5b5fbqvopgfg!nd_dft_wlteh_webp_3,酥酥去哪玩,,
重庆现状。。。去了重庆后悔没带的东西,"#旅游攻略
最近重庆的天气还比较合适😄不冷不热的，正好出门逛逛逛✅不过早晚温差还是有点大的，不要光带T恤，还是要带点外套👔整理了一下自己的出行清单和行程路线🚗很全面了
#重庆人的浪漫 #山城的浪漫至死不渝 #山城的浪漫永不停歇 #重逢便是庆 #旅游攻略 #出差旅行必备 #拒绝特种兵式旅游 #不踩雷 #旅行好去出",3128,2496,77,https://www.xiaohongshu.com/explore/6735b708000000001d03bfb1?xsec_token=ABzpn-IXBCOxB7QpVqYCa3jVefBbMR4TU-09eZUgTtXq4=&xsec_source=pc_search&source=web_explore_feed,https://sns-webpic-qc.xhscdn.com/202502281945/45377fa415c52d926c781e43315b38e2/1040g00831a64qo6t7e005oj61q141l1vm8g62jo!nd_dft_wlteh_webp_3,秋大王！,,