标题,内容,点赞,收藏,评论,笔记链接,图片链接,作者,keyword:大理 旅游 注意事项,2025年02月28日 19:25
大理现状😥，2-4月去大理我的建议是…,"大理会惩罚每一个不提前做攻略的人！！！
2-3月淡季计划去大理的宝宝们 真求你看这篇，纯干货分享，保姆级攻略千万别错过
-
✅大理市内交通
🔺包租车：vx“安心游大理”上租，根据车型收价
🔺公交：票价2r，vx“大理公交”查看路线和付款
🔺打车：网约车很多，随机选，大理站先出站再打车
🔺租电动车：古城附近的商铺，按公里计价
🔺共享：出行距离近的话可以选择共享单车，很方便，但是要注意an全
-
❣️关于大理伴手礼
大理剑川木雕、大理草编、大理下关沱茶、大理扎染、大理果脯、大理菌子、油鸡枞……
-
✅大理打卡系列
✔️去龙龛码头看一回日出
✔️去喜洲古镇观赏一下白族民居和田园风光，打卡喜洲麦田
✔️去喜洲古镇吃小吃，喜洲粑粑、烤饵块
✔️三月去大理大学看最美的樱花
✔️去沙溪Citywalk，先去逛一逛先锋书局，尝尝宇宙面包！
✔️自己动手做一件大理扎染物品送给自己
✔️去逛床单厂艺术区集市
.
大理拍照打卡📸
📍文笔村
宫崎骏漫画里的海边小村，不仅有壮丽海景还有海之礼堂拍照，悬崖餐厅，还可以去文笔村半山坡拍环海公路最美的一段
📍苍洱大道
定位苍洱大道和宏圣路交叉口。，仿佛一条苍山脚下的大道直通洱海，可以在路中间拍照，但要小心过往车辆哦，拍出来的全景非常出片
📍大理古城
建议晚上可以上五华楼，俯瞰大理古城，拍照也很出片！夜色下的五华楼和大理古城灯光璀璨，很美
📍小普陀
建议冬季去，成群的海鸥围着小普陀和岸边的游览步桥，非常浪漫。拍照非常美，建议找一个制高点俯拍全景，更美
📍兴盛大桥
大理地标性建筑之一。欧式建筑大桥，拍照很出片。建议傍晚去，暮色下的欧式大桥仿佛穿梭了空间，拍出来很有异国感
📍龙龛码头
是洱海日出最美的观赏点，早点去人稍微少点。夏天水杉绿油油，秋冬季变成红色，海鸥、日出，拍出来非常浪漫
#苍山洱海尽收眼里 #感受大理的慢生活 #旅游攻略 #游玩攻略 #大理旅行攻略 #大理住宿 #大理交通 #云南大理 #云南旅游推荐 #大理遛娃 #大理拍照打卡 #大理拍照 #浪漫生话的记录者 #大理跟团 #大理亲子游  #大理包车一日游 #云南旅游攻略 #大理古城 #大理旅游 #大理旅游攻略 #大理旅游避坑 #大理洱海  #大理美食 #大理旅行",806,1278,8,https://www.xiaohongshu.com/explore/67b0b070000000002903ddf9?xsec_token=ABejasOV8JGYUjV6KI1Ml43D-dYcFDZwJjjecPRTz4k1g=&xsec_source=pc_search&source=web_explore_feed,https://sns-webpic-qc.xhscdn.com/202502281925/ee8c80c3303c12e3286f493f2d00e0fb/1040g00831dtjt80e12505pmvop27c97d0lrfnqo!nd_dft_wlteh_webp_3,小红薯67B92960,,
【大理该不该来？】本地人教你避开人群,﻿#大理旅游攻略﻿ ﻿#云南旅游攻略﻿ ﻿#大理民宿推荐﻿ ﻿#大理美食推荐﻿,6824,6212,364,https://www.xiaohongshu.com/explore/67a72a8500000000180115ab?xsec_token=ABOoy-qneVUltTdffph7u3CGIph-3RzMyYfYVvPD1hurc=&xsec_source=pc_search&source=web_explore_feed,,好人阿滇,,
去大理一定要避雷｜J人手写版📖攻略,"冬天的大理真的很好逛，趁着天气好可以去洱海喂喂海鸥！但是要注意过段时间就没有海鸥了哦～想去的宝子赶紧冲
-
✅大理不用把行程安排得太满，一天不要逛太多景点
✅建议苍山逛了去云想山
✅洱海真的可以逛一整天，预算比较高的真的建议住一次海景房！（节假日除外，性价比真的不高）
✅除了大理还可以去逛逛丽江、逛逛香格里拉～
-
#大理#大理旅游攻略#大理旅行攻略#大理旅游#大理旅行#大理住宿指南#大理住宿攻略#大理交通指南#大理交通攻略#洱海#洱海一日游#苍山#大理天气#大理避坑指南#大理避坑攻略#大理#周末去哪儿",1万,9490,250,https://www.xiaohongshu.com/explore/679f84a20000000018007f31?xsec_token=AB77nf0uSaYh-JRvQztqT4wuXh6V8LBWMneRQbh7_sbmY=&xsec_source=pc_search&source=web_explore_feed,https://sns-webpic-qc.xhscdn.com/202502281925/92eb44060dd061d02d456da7780a3e97/1040g00831ddf5o370s005pdd28mk3p3kl9fjj7g!nd_dft_wlteh_webp_3,不吃芹菜,,
刚发布的云南旅游通知🔥听劝，千万不要去,"2-4月计划来云南的姐妹，快来抄作业避雷！
#云南 #云南旅游攻略 #大理旅行 #丽江 #丽江旅行 #香格里拉 #香格里拉旅行 #大理洱海 #云南旅行 #本地人做的攻略",29,43,评论,https://www.xiaohongshu.com/explore/67b2b06900000000290129d9?xsec_token=ABYQR-RgbC9569ACIuYIW6pcsYKnw5RYR5oGoKTFc1Vd4=&xsec_source=pc_search&source=web_explore_feed,https://sns-webpic-qc.xhscdn.com/202502281925/31d8fdf13c7bb35578669849a9d47aa9/1040g2sg31e068rjigm605pjrgifiu8rp577ja08!nd_dft_wlteh_webp_3,不啻微茫,,
云南会惩罚每一个爱乱带充电宝的人。。。,"真的哭死😭，没人跟我说，去云南旅游带个充电宝去都需要做攻略呀！第一次坐飞机去云南，跟了我两年的充电宝，不能带进去，只能自行处理和扔掉。
平时用着蛮好的，我能怎么办，只能忍痛扔了，真的心痛💔
后来才知道：主要看充电宝的能量不是容量，不超过100wh可以直接带，超过100wh，不超过160wh的，经过航空公司批准也是可以带的!每个人不能带超过符合要求的两个充电宝！
还有鼓包等异常的也不可以携带，大家去之前记得看看自己的是否符合要求
-
一些其他没有说到的注意事项！！
还有一些网上没有的大实话，大家参考一下👇
❌租车环洱海一定要找靠谱的租车行，一不小心就会上当受骗，租车之前一定要拍照记录，看看有什么问题
❌吃过桥米线尽量不要去景区，藏在巷子里做本地人生意的才是宝藏店
❌喜洲粑粑不太推荐，没啥特色，价格还不便宜！
❌不要在景区购买任何纪念品，建议去当地的大型超市或市场购买，品类多还便宜
❌不要经常喝云南的水，云南的水偏碱性，外地人喝容易便秘，建议路上买矿泉水
❌丽江古城和双廊没什么好玩的 圣托里尼也一般😂 比较好玩的就沙溪古镇和大理古城还有喜洲吧
❌大观公园的特产看看就好！贵且不地道，真心不推荐
❌来云南玩一定要看好天气情况再出行！阴天的大理跟晴天的大理完全两个样，蕞近是云南雨季，记得带上伞！
❌丽江的物价比大理要便宜一些，所以购物可以选在丽江。
❌不要搭理丽江古城口那些鼓动你去“骑马”
❌买普洱茶的时候不要用手摸！
❌去景区千万不要负重，云南的景区大且有些地势陡#峭，徒步多的话真的很累。轻装上阵
❌吃完烤肉再吃水果，小心变成“拉肚子小能手”
❌网红打卡地圣托里尼不建议去，好看的地方都在饭店酒店里，其他地方的白墙彩虹楼梯都脏脏的，有泥脚印，拍照不好看。
❌任何需要购票的景点都不存在所谓的“免费渠道”。请通过正规途径购买门票，确保可以合法、安全地进入景区游览。
❌去香格里拉的，晚上不要洗澡洗头，多喝热水，注意保暖，多吸氧，避免高反，高反起来是很难受的！！
-
这次旅行，还好有小红薯姐妹的推荐的小团，上面的方法也是领队教的，带我们避开了这个情况。即将要去的老铁们，可以借鉴一下哟~云南真的很美你会感觉整个节奏都慢下来了！
#旅游攻略  #拒绝特种兵游   #云南跟团游  #可以带上飞机 #云南跟团游    #云南  #云南游玩   #云南游 #云南旅游   #不起早旅游 @薯队长",18,5,1,https://www.xiaohongshu.com/explore/67b08f6d000000002803c7e0?xsec_token=ABejasOV8JGYUjV6KI1Ml43Ki-uOprC6DqaIcuXw2xhJI=&xsec_source=pc_search&source=web_explore_feed,https://sns-webpic-qc.xhscdn.com/202502281925/bcd3b1592cfb57fb4f9262154f6a9756/1040g2sg31e1itpjugmd05plv8ccnc0r476dsaoo!nd_dft_wlteh_webp_3,朝阳,,
大理旅游必备物品和注意事项必看🌈,"🎈宝贝们，来大理需要带什么和注意什么，都在这里啦👇👇👇
🎒必备物品：
🔸紫外线强，防晒用品一定一定一定不能少，避免晒黑。
🔸太阳镜🕶️、防晒帽👒，既能防晒又能凹造型😎 （帽子最好是带绳子的。
🔸伞🌂可是个好东西，防晒防雨都靠它
🔸舒适的平底鞋，走再多路也不累👣。
🔸保温杯，随时都能喝上热水🥛。
🔸春秋厚外套，早晚温差大，风也大，别着凉啦🧥。
🔸充电宝，手机没电可不行📱共享的因为游玩走动还不方便。
🔸护肤水乳面膜，晒着太阳游玩一天结束贴合面膜补补水💦
🔸身体乳，这边天气比较干，洗完澡涂抹会舒服很多🫧 润唇膏也可以带上的
⭕️注意事项：
🔸买东西要货比三家，别花冤枉钱💰。
🔸别随便触碰摆设样品，小心损坏哦🤔。🔸 不要乱买珠子，不要乱买玉石翡翠，谨慎购买
🔸 可以尝试许多小吃摊的云南特色食物，不过先问清楚价格，比如吃炸串虫虫是按只卖还是按串卖或是按斤卖
🔸 别跟低价团（如果要跟团或要买记得了解清楚）
🔸景区纪念品不要建议买，很多跟网上大差不差，看自己需求
🔸打车可以选择打网约车
还有补充的宝贝可以打到评论区哦～
#大理 #洱海  #出行必备 #大理旅游 #你和四月都是春天",91,75,2,https://www.xiaohongshu.com/explore/66167c0e000000001b01053a?xsec_token=ABOkv_6PM1iVDqn1MVq8s-pQUbCkf7p0BSgeNgiqXx6Sw=&xsec_source=pc_search&source=web_explore_feed,https://sns-webpic-qc.xhscdn.com/202502281925/351d0247c355e70532e3d62e21d346ee/1040g2sg311dksd99mi6g5or906vnre9f5ule188!nd_dft_wlteh_webp_3,小禾的游玩日记,,
切记！去云南不要轻易洗头洗澡,"去云南一定要做好攻略，不然难受的是自己！我们这次刚到丽江的时候很兴奋又是蹦又是跳的，然后晚上还洗了澡。然后第二天就开始头疼🤮，我们以为是吃坏东西了，后来才意识到是出现高原反应了！所以劝大家刚到丽江不要马上做剧烈运动，第一个晚上建议不洗澡洗头，避免高原反应。这里也给大家分享一些经验建议：
高原反应注意事项⚠️
1️⃣多吃碳水化合物、易消化的食品；多喝水，使体内保持充足的水分；最好不要饮酒和吸烟。要多吃水果、蔬菜等富含维生素的食物
2️⃣初到高原，不可急速行走，更不能跑步，更不能做体力劳动，多注意休息，睡眠时尽量开窗，让空气流通，并尽量靠近窗户睡觉。
3️⃣初到高原，要防止因受凉而引起的感冒。这时要切记，宁可热一点，不可冷一点，多穿衣服。
4️⃣发生高原反应也不必恐慌。如果反应较低，可采取静养的办法，多饮水，少运动，一般一段时间后会消失或减弱；如果反应较重，影响到了睡眠，可服用一些💊；如果反应太重，就可以去y院进行治疗
5️⃣防止干燥，特别是防晒用的唇膏、防晒霜等，每天坚持用，可以有效防止水份的流失，可以增加身体的抵抗力
景点建议景点分享：
📍大理：洱海生态廊道、龙龛码头、廊桥、、大理古城、喜洲古镇
📍丽江：玉龙雪山、蓝月谷、云杉坪、耗牛坪、东巴谷、丽江古城、泸沽湖、束河古镇
📍香格里拉：虎跳峡、梅里雪山、普达措、纳帕海、独克宗古城、松赞林寺
美食分享：
过桥米线、豆花米线、小米糕、饵丝、三道茶、凉鸡米线、土八碗、勺子米线、包浆豆腐、腊排骨、纳西烤肉、酥油茶、野生菌、黑山羊、鸡豆凉粉、咣当酒、苦荞粑粑、泡梨、青稞酒、酥油茶、酸奶、牦牛肉
出行建议：
云南景点多距离还远，路上花的时间比较多，不规划好的话容易浪费时间。这次我们一共去丽江、大理、香格里拉玩了六天，觉得做攻略太麻烦，就让👉@小冧在云湳 帮忙安排了纯玩团，我把她艾特出来，有问题的随时咨询她！线路规划很合理，半自由模式，到了景区都是大家各玩各的，去玉龙雪山的时候还给我们贴心的准备了氧气瓶，当地的吃住行都全部帮你安排好了，省心#云南旅游推荐 #云南旅游攻略 #云南旅游",1786,1408,50,https://www.xiaohongshu.com/explore/667be45d000000001d015445?xsec_token=AB0hfiQTHzJ8lzdnkmzo5EH0kTyptKYqyhDO7yETCirEw=&xsec_source=pc_search&source=web_explore_feed,https://sns-webpic-qc.xhscdn.com/202502281925/764dfd915af4400b75b33f4ee79d3dc4/1040g2sg314gl1prk6gc05nrsmlpgbmej32kvfkg!nd_dft_wlteh_webp_3,Liberty girl,,
大理旅游，能劝一个是一个,"如非必要，不要开夜车，一定要开夜车的话，请一定擦亮眼睛。
因为在你直行时会有不开车灯也不打转向灯的司机跨两条道撞过来。还叫自己亲戚过来，一堆人指责你怎么开车的。
	
女生尽量不要单独自驾出行。除非你胆子很大可以一打三。
因为万一出了事故（如第一条所述出事故是很正常的事情），一句话得罪他们，地头蛇瑶来的一堆人高马大的男的过来大声逼问指指点点。还有抱着孩子的大姐以及上了年纪的大妈会过来扯你衣服拉你手，他们扯着嗓子提出各种要求，你说什么他们根本听不进去。
	
遇到横穿马路的绕着走，因为按喇叭的话他们会站在原地隔着车窗瞪着你并用方言骂骂咧咧。
万一真的出事了且对方是当地人
1、第一时间联系交警，车行以及车行保险，联系完静静等待。
2、观察对方行为，有异常的话最好录像。
3、对对方的质问，拱火，制造矛盾的行为置之不理，不回应不理会不关注。因为你但凡还嘴那迎来的会是来自四面八方的谩骂和攻击。
4、遇到需要和对方交涉或者拍照的场景时，尽量让同行的队友里长得最人高马大的男生去。
！！！！千万千万千万不要让小姑娘去，因为瘦弱的小姑娘会成为他们最好的攻击对象，攻击方式见。
	
5、不要和对方产生肢体冲突，尤其是面对对方的老弱病残，不要碰。因为他们会蹲在地上说自己头晕。
6、事故解决过程中用事实说话，所以尽量有行车记录仪，交警自有判断。
————————分割线———————————
以上是本人真实经历之后分享给广大网友的建议，大理很美，但这一次之后我应该不会想再去玩了，但希望广大网友在玩的开心，欣赏美景的同时保护好自己的安全。#大理 #大理自驾游﻿",2,1,6,https://www.xiaohongshu.com/explore/678cda000000000016037961?xsec_token=ABSD_wUM45Qf1-0yS7FSU2wrCo32_PCrIzOIIGGw8N1do=&xsec_source=pc_search&source=web_explore_feed,https://sns-webpic-qc.xhscdn.com/202502281926/b51d87fb2046b86b681136ebcee925cf/1040g00831cr7rcjrgm005od1j8b41a96d6bnk5o!nd_dft_wlteh_webp_3,泠,,
2.12大理已回，崩溃了😭说点真心建议,"大理真的太绝了家人们！🌟但是说真的，我差点没被那些坑给气炸了！
熬夜给你们肝了一篇大理的超实用攻略，后面来的姐妹们！咱可别再掉坑里了哈！👇
.
避坑秘籍来啦！
1⃣ 网上那些一天海西一天海东的行程表，别看！大理不是打卡机，这么赶真的累成狗！挑几个心头好，深度游，那才叫一个惬意~
2⃣ 电动车环洱海？别逗了！洱海大着呢，骑电动车？晒成小黑人不说，半道上没电，想哭的心都有了😢。
3⃣ 喜洲古镇的小三轮，快跑！那就是个游客输送器，专坑钱💰！想感受古镇的烟火气，走着瞧，慢慢来！
4⃣ 圣托里尼理想邦？算了算了，人工味儿太重，旅游大巴一辆接一辆，想拍美照？得花钱！
5⃣ 心邸咖啡？拍照党才去，想静静喝杯咖啡看看景？排队、付费、限时，心累！
.
贴心小提示get√
1⃣ 大理好玩的地方，海西就够了，海东？除了文笔村的日落，没啥大不了的。
2⃣ 古镇里，喜洲才是真爱！白族文化浓浓的，店铺都是本地大佬开的，地道！
3⃣ 喜洲古镇，记得预留整个下午，稻田小火车，治愈系满满，超值！
4⃣ 住宿？龙龛码头、才村，离海近，早起看日出，美哉！或者上末村，苍山脚下，静悄悄，索道也方便。
5⃣ 大理打车不心疼，海西到海东？有点小贵，观光巴士一日票或三日票，值得拥有！
6⃣ 大理的太阳，毒得很！防晒别偷懒，尤其是咱们女孩子，晒黑了哭的还是自己😭。
7⃣ 再说一遍，喜洲古镇，小三轮，绕道走！步行才是王道！
.
实用小建议
①民宿客栈一定要看环境再选，如果觉得环境不好就赶紧退，没必要逗留~
②吃饭不要去网红馆子，尤其是某众点评高的那种，很多评论啥的一看就是刷出来的~
③不要去外地口音的商家
④防晒要做到位，千万不要大意，不然会后悔~
⑤一定不要坐黑车（说一万遍）
-
💁第一次来云南玩有些糊里糊涂，又懒得做攻略，就跟朋友报了小団，没想到出乎意料的省心，吃行住玩一切都安排好了，以上都是我亲身体验后的真实感受，真的觉得很棒，值得推.荐给大家。如果你们有兴趣，可以自行了解，当然选择时还是要多比较，找到蕞适合自己哒～
#云南旅游   #大理旅游#云南丽江#大理洱海  #洱海#大理旅游攻略",276,289,10,https://www.xiaohongshu.com/explore/67ac6177000000001703968f?xsec_token=ABCQHmElveJ9I-9wv4Le4f3aHOSZ1-RCfRuXXgktjmX-0=&xsec_source=pc_search&source=web_explore_feed,https://sns-webpic-qc.xhscdn.com/202502281926/c55988ef4d886dc45129c1201c20becb/1040g00831dq14hq9gk5g5ppj28s214b6g4pvi18!nd_dft_wlteh_webp_3,山海.,,
在大理呆了六年‼️给要来的姐妹一些建议,"2-4月准备去大理的姐妹看👀，大理游玩真要注意了❗️作为在大理呆了六年的我，我熬夜为大家整理的一份大理旅游攻略，这篇盖注意事项、交通、住宿、美食等，希望能帮助到姐妹们💖，
～
大理必玩景点
🚩洱海：风花雪月之“洱海月”
	
🚩大理古城：厉史文化名城
	
🚩喜洲古镇:田园风光
	
🚩双廊古鎮:芲洱风光
	
🚩龙龛码头：可看日出
	
🚩沙溪古镇：茶马文化
•
🚩崇圣寺三塔：大理的象征
	
🚩苍山：风花雪月之“苍山雪”
～
🌥️大理天气状況
3月平均気温：6°C~20°C
4月平均气温8°C~23°C
	
大理穿搭🧥
白天;建议穿长裙、防晒衣、卫衣等衣物
夜晚:建议穿长裤、春秋外套、冲锋衣、毛衣等衣物
～
大理洱海环海装备🎒
1、戴那种有系绳、带帽檐的太阳帽，洱海风大，没系
绳的帽子得-直用手抓着，没法骑车走路
	
2、戴防晒口罩，普通口罩不透气，防晒口罩有点蹭妆，但透气，不会网
	
3、别忘了带护手霜！在洱海边骑了3小时车，手都干巴了，不带护手霜感觉手皮肤老得快，
～
大理美食：🍲
土🐔米线、纳西烤鱼鲜花饼、喜洲粑粑、烤饵块、砂锅鱼、
🐔丝凉面、包浆豆腐、烤乳扇、香茅草草烤🐔
#云南 #云南旅游 #一生总要去一次的地方 #旅居 #旅游不踩坑 #一定要去的地方 #大理 #大理旅行 #大理洱海 #大理旅游",2,3,评论,https://www.xiaohongshu.com/explore/67c031520000000028029b9d?xsec_token=ABvBv43RBC_8Rd1DLWPauI77BH4tTtavSruyCmmIgcmuM=&xsec_source=pc_search&source=web_explore_feed,https://sns-webpic-qc.xhscdn.com/202502281926/7b597cd862e0cd6c0c11227a3ed8432c/1040g2sg31edc8fk5gkd05pjktuehomrnpuph33o!nd_dft_wlteh_webp_3,草莓蛋糕,,
没人告诉你云南大理最大的坑是住宿,"没人告诉你云南大理最大的坑是住宿，千万不要随便选酒店，因为对旅游者来说，大理是一个比北京都大的城市。
没人告诉你云南大理最大的坑是住宿，千万不要随便选酒店，因为对旅游者来说，大理是一个比北京都大的城市
先不要着急反驳说大理是个放松的小城市，且听我给没来过大理的人说一说。大理基本的旅游就是苍山洱海和大理古城，洱海是一个南北长东西窄的大湖，苍山和大理古城在洱海的西面，大部分旅游景点在洱海的东面和西面，具体大家可以找地图看一下。我要提醒的是，对于第一次来大理的人，可能会觉得大理是个小城市，住在哪里都无所谓。我们第一次来就是这么觉得的，下午高铁到的大理站，住在了洱海的东南角，从大理站到酒店四五公里，用了20分钟。晚上去大理古城，打车过去，20公里，用了接近一个半小时，晚上从大理古城回酒店又用了一个小时。3个小时都用在路上了，本来一下午加一晚上，应该是轻松游大理古城，结果是回到酒店已经是晚上11点半了。如果住在大理古城旁边，可以节省路上至少两个小时的时间。为什么会这样？当然一方面是因为大理的道路不多，一到节假日高峰期，就会非常拥堵。另一个原因就是我要提醒的，别觉得大理是个小城市，洱海一圈是120公里，从东到西走半圈的话就是60公里了，在北京旅游，随便住在哪里，去一个景点也不会有60公里，而且北京的道路四通八达，景点也分散，恐怕用时比在大理还少。所以去大理，一定要选择好住在哪里，如果想去苍山、洱海西线、大理古城、看日出，那就住在洱海西面大理古城附近。如果想去洱海东线、看苍山洱海同框、日落，那就住在洱海东线。否则，可能一天一半时间都堵在路上了。
#大理 #云南 #大理旅行 #大理洱海 #大理旅游 #大理古城 #大理攻略 #大理旅游攻略 #大理旅行攻略 #大理民宿",98,92,17,https://www.xiaohongshu.com/explore/67a46009000000002a00dfbe?xsec_token=ABEqeWlwUEEWjp88LtHAsHxN0l6YVL_bDFYhynLP9VCdU=&xsec_source=pc_search&source=web_explore_feed,https://sns-webpic-qc.xhscdn.com/202502281926/7650784a6260f90c94b99c951bfe9c26/1040g00831di6uuplgk505p8e6655nekbst7700g!nd_dft_wlteh_webp_3,说清楚,,
在大理待了5年😭给要来的姐妹一些建议❗,#云南旅游攻略 #云南 #旅游攻略 #云南旅行 #大理 #大理旅行 #大理洱海 #大理古城 #大理旅游 #云南旅行攻略,2013,2061,62,https://www.xiaohongshu.com/explore/67a6266d000000002a00303e?xsec_token=ABLbccF-JVHF-PEbPK4BO7O3LUFlf1S0MqDDKdvvm1Deg=&xsec_source=pc_search&source=web_explore_feed,,海绵不吸水,,
在大理呆了六年‼️给要来的姐妹一些建议,"2-4月准备去大理的姐妹看👀，大理游玩真要注意了❗️作为在大理呆了六年的我，我熬夜为大家整理的一份大理旅游攻略，这篇盖注意事项、交通、住宿、美食等，希望能帮助到姐妹们💖，
～
大理必玩景点
🚩洱海：风花雪月之“洱海月”
	
🚩大理古城：厉史文化名城
	
🚩喜洲古镇:田园风光
	
🚩双廊古鎮:芲洱风光
	
🚩龙龛码头：可看日出
	
🚩沙溪古镇：茶马文化
•
🚩崇圣寺三塔：大理的象征
	
🚩苍山：风花雪月之“苍山雪”
～
🌥️大理天气状況
3月平均気温：6°C~20°C
4月平均气温8°C~23°C
	
大理穿搭🧥
白天;建议穿长裙、防晒衣、卫衣等衣物
夜晚:建议穿长裤、春秋外套、冲锋衣、毛衣等衣物
～
大理洱海环海装备🎒
1、戴那种有系绳、带帽檐的太阳帽，洱海风大，没系
绳的帽子得-直用手抓着，没法骑车走路
	
2、戴防晒口罩，普通口罩不透气，防晒口罩有点蹭妆，但透气，不会网
	
3、别忘了带护手霜！在洱海边骑了3小时车，手都干巴了，不带护手霜感觉手皮肤老得快，
～
大理美食：🍲
土🐔米线、纳西烤鱼鲜花饼、喜洲粑粑、烤饵块、砂锅鱼、
🐔丝凉面、包浆豆腐、烤乳扇、香茅草草烤🐔
#云南 #云南旅游 #一生总要去一次的地方 #旅居 #旅游不踩坑 #一定要去的地方 #大理 #大理旅行 #大理洱海 #大理旅游",2,3,评论,https://www.xiaohongshu.com/explore/67c031520000000028029b9d?xsec_token=ABvBv43RBC_8Rd1DLWPauI77BH4tTtavSruyCmmIgcmuM=&xsec_source=pc_search&source=web_explore_feed,https://sns-webpic-qc.xhscdn.com/202502281926/7b597cd862e0cd6c0c11227a3ed8432c/1040g2sg31edc8fk5gkd05pjktuehomrnpuph33o!nd_dft_wlteh_webp_3,草莓蛋糕,,
没人告诉你云南大理最大的坑是住宿,"没人告诉你云南大理最大的坑是住宿，千万不要随便选酒店，因为对旅游者来说，大理是一个比北京都大的城市。
没人告诉你云南大理最大的坑是住宿，千万不要随便选酒店，因为对旅游者来说，大理是一个比北京都大的城市
先不要着急反驳说大理是个放松的小城市，且听我给没来过大理的人说一说。大理基本的旅游就是苍山洱海和大理古城，洱海是一个南北长东西窄的大湖，苍山和大理古城在洱海的西面，大部分旅游景点在洱海的东面和西面，具体大家可以找地图看一下。我要提醒的是，对于第一次来大理的人，可能会觉得大理是个小城市，住在哪里都无所谓。我们第一次来就是这么觉得的，下午高铁到的大理站，住在了洱海的东南角，从大理站到酒店四五公里，用了20分钟。晚上去大理古城，打车过去，20公里，用了接近一个半小时，晚上从大理古城回酒店又用了一个小时。3个小时都用在路上了，本来一下午加一晚上，应该是轻松游大理古城，结果是回到酒店已经是晚上11点半了。如果住在大理古城旁边，可以节省路上至少两个小时的时间。为什么会这样？当然一方面是因为大理的道路不多，一到节假日高峰期，就会非常拥堵。另一个原因就是我要提醒的，别觉得大理是个小城市，洱海一圈是120公里，从东到西走半圈的话就是60公里了，在北京旅游，随便住在哪里，去一个景点也不会有60公里，而且北京的道路四通八达，景点也分散，恐怕用时比在大理还少。所以去大理，一定要选择好住在哪里，如果想去苍山、洱海西线、大理古城、看日出，那就住在洱海西面大理古城附近。如果想去洱海东线、看苍山洱海同框、日落，那就住在洱海东线。否则，可能一天一半时间都堵在路上了。
#大理 #云南 #大理旅行 #大理洱海 #大理旅游 #大理古城 #大理攻略 #大理旅游攻略 #大理旅行攻略 #大理民宿",98,92,17,https://www.xiaohongshu.com/explore/67a46009000000002a00dfbe?xsec_token=ABEqeWlwUEEWjp88LtHAsHxN0l6YVL_bDFYhynLP9VCdU=&xsec_source=pc_search&source=web_explore_feed,https://sns-webpic-qc.xhscdn.com/202502281926/7650784a6260f90c94b99c951bfe9c26/1040g00831di6uuplgk505p8e6655nekbst7700g!nd_dft_wlteh_webp_3,说清楚,,
在大理待了5年😭给要来的姐妹一些建议❗,#云南旅游攻略 #云南 #旅游攻略 #云南旅行 #大理 #大理旅行 #大理洱海 #大理古城 #大理旅游 #云南旅行攻略,2013,2061,62,https://www.xiaohongshu.com/explore/67a6266d000000002a00303e?xsec_token=ABLbccF-JVHF-PEbPK4BO7O3LUFlf1S0MqDDKdvvm1Deg=&xsec_source=pc_search&source=web_explore_feed,,海绵不吸水,,
2.27大理现状📍没骗人，后面的千万小心,"来大理旅游，打算包车环海的姐妹一定要选择对环海的方式，选择对了环海方式真的会让旅游的体验感更好。下面是环海的三种方式的对比🆚
1⃣️租车自己环洱海:✖️
首先对于外地游客来说，到达一个新地方，交通规则，路线，景点，驾驶技术这些不熟悉的话，不推荐哦！！云南道路经常修路和流动测速😂，稍不注意就被贴罚单了😔
2⃣️包车环海:☑️推荐
师傅开车带玩，景点路线熟悉，美食了解，道路交通规则都很熟悉，上车休息，下车打卡。比较推荐哦！！对外地游客很友好👌🏻
3⃣️骑单车环洱海✖️
😂😂相信这几天在大理的小伙伴都见识到了大理“有风的地方”并非浪得虚名，哈哈哈，体重轻的小伙伴真的会被吹走😂😂，真的不建议骑电动车
✅环洱海包车注意事项
①住宿位置
不是说一定要住到双廊，挖色这些海东线上才可以看到洱海
🌿古城，下关市区，才村附近这些地方都不错
除了吃喝玩乐方便外，环海师傅接送你们也比较方便
②⚠️⚠️包车环海介绍
（需要包车环海的小伙伴可以往下看）
	
☑️一价全包，九个小时，环海一圈，超时一小时➕50
☑️九个小时，一般早九晚六。可调整哦！（早八晚五，早十晚七都可以哦！！）
☑️师傅🉑开车，🉑帮忙规划路线，🉑介绍景点，🉑推荐美食，🉑帮忙拍照📸（非专业人士哦！但是热心肠）
☑️车型选择多{五座，七座，九座，十二座……}车子干净整洁，无异味，师傅开车稳#大理包车 #大理环海包车 #大理旅游攻略 #大理 #洱海 #大理旅行 #大理包车一日游 #大理避雷 #大理洱海包车避雷 #环洱海",2,收藏,9,https://www.xiaohongshu.com/explore/67c0fa79000000002900b75d?xsec_token=ABvBv43RBC_8Rd1DLWPauI76ffI0qENDIVRHa2M7VOyEI=&xsec_source=pc_search&source=web_explore_feed,https://sns-webpic-qc.xhscdn.com/202502281926/f965d43db3680890c7c9d71c8ba67c8e/notes_pre_post/1040g3k831edi3eo00u4g5ou7vcm9ugdpvovt3m0!nd_dft_wgth_webp_3,红豆姐姐～大理洱海包车,,
既然决定去大理，那这些禁忌不要碰🈲,"大理的坑是真多，一不小心就陷进去了，一定要把以下这些点记住👇
—
‼️住宿湖景房一定要多看带图的评价（蕞好是文案简短，图片没有精修的，不然基本都是tuo）
‼️吃的虽然多，但是也有不少是又gui又难chi的，可以跟着本地人吃，比如北门菜市场、苍山门对面、大理古城文献路、人民路
‼️洱海冬春季节会有海鸥来过冬，尤其龙龛码头、磻溪S湾、兴盛大桥，这个时段真的美极了
‼️双廊古镇被成为“大理风光第一镇”，也是大理唯①能零距离亲近洱海的古镇，下午去，这里的日落敲美
‼️景点几乎都是分布在洱海沿线，人多的旺季不建议租车，很容易堵车
‼️12月到3月份，虽然晴天多 ，但是会比较冷，可以带上羽绒服哦～
#假期去哪玩 #避雷 #本地人做的攻略 #旅游攻略 #大理 #大理旅游 #大理洱海 #大理美食 #避坑 #云南旅游推荐",952,908,6,https://www.xiaohongshu.com/explore/674939bb0000000007027712?xsec_token=ABh4UoddXqFgoYQxo7i7JVOAX6vZJhYYTp50Eph5eadO8=&xsec_source=pc_search&source=web_explore_feed,https://sns-webpic-qc.xhscdn.com/202502281926/7147430715a2046747b78ede5168b787/1040g00831ap6h8ntmu6g5pi8cdo2u8d7raopeqg!nd_dft_wlteh_webp_3,从月亮走向月亮,,
大理洱海会惩罚不做攻略的人...(附详细路线,"🥳🥳大文攻略快速指南：
避坑经验总结：图1-3
住宿篇：图3/4
交通篇：图5
景点攻略篇：图6-9
美食篇：图9/10
实拍图：图11-16
	
🥳🥳大文碎碎念：
去大理洱海旅游的姐妹们，不做攻略真的会踩坑，会错过很多主要景点！！我去时候已经踩了！今天把大理洱海的真实情况整理出来，给大家参考，希望能帮助姐妹们！！
洱海一圈全长140km，分为海东和海西，建议至少有两天游玩！海西线景点比海东线好看一些~淡季自驾/租车打卡式环海可以一天走完，行程比较赶；旺季堵车/人多/骑小电驴的一天玩不完！建议可以多停留一两天，深度体验景点，慢慢感受大理的闲适，海景房建议看自己预算！
	
经验总结：
1️⃣云南2-4月风会很大，怕风的带帽子，紫外线强，还可以防晒，注意帽子别被吹飞了
2️⃣洱海东线景点之间较远，建议租车/自驾游玩；洱海西线景点较近，可以骑电瓶车/自行车游玩，别坐黑车
3️⃣海西生态廊道，汽车不能进，只有观光车/自行车/电瓶车，想住这里海景房的建议考虑白天人多的影响
4️⃣不要住古镇里面，人多拥挤/地面不平，拉行李不方便，建议住古镇附近
5️⃣早晚温差大，建议带上外套，冷时可以加衣
6️⃣建议带浅色的裙子，拍照真的好好看
7️⃣找靠谱的地方租车，用车前先检查车况，留好拍照或者视频记录，避免被骗
8️⃣11-次年3月之间去云南，可以看到海鸥
9️⃣买东西建议货比三家，可以砍价
⑩云南天气干！！建议带好保湿的和身体乳
	
🌊🌊景点篇：免费
洱海海西线景点距离较近，骑电瓶车/自行车
洱海海东线景点距离较远，推荐自驾/租车
洱海海西游玩路线：
苍洱大道-龙龛码头-才村-下波棚-磻溪村S湾-廊桥-喜洲古镇-海舌公园
洱海海东游玩路线：
双廊古镇/南诏风情岛/太阳宫-鹿卧山-挖色镇-小普陀--文笔村-罗荃半岛-理想邦-洱海公园-兴盛大桥
	
🏠🏠住宿篇
住大理古城：建议不要住古镇里面，可以住附近。
住洱海附近：
海景房：双廊古镇、理想邦、文笔村
看日出：才村、龙龛码头、磻溪村
	
🚗🚗环洱海交通：包车、租车、环洱海旅游巴士、租电动车
	
#洱海 #大理洱海 #大理 #去有风的地方 #云南旅游 #大理旅游 #旅游攻略 #大理旅游攻略 #周末去哪儿玩 #成都周边游",229,307,2,https://www.xiaohongshu.com/explore/6786283200000000180135fe?xsec_token=ABRfaeQObtaoHg-4te3WhKM-l1oqzJy9fgu9WuYCmpoHs=&xsec_source=pc_search&source=web_explore_feed,https://sns-webpic-qc.xhscdn.com/202502281927/777ba9fdb8b1be2d12bb2c53ad84bd15/1040g2sg31ckltm3ige105pha3be1ohu8bnmf2f0!nd_dft_wlteh_webp_3,大文游乐园,,
去了大理3次，真的被恶心到了💔,"11-12月准备去大理的姐妹看过来👀大理游玩真要注意了去了3次大理⚠️熬夜整理的一份大理旅游攻略㊙️涵盖注意事项、交通、住宿、美食等都在图文中请查收！赶紧来🐴住啦❗️
-
✅大理天气穿搭
✔️11月天气: [12°C- 20°C]
✔️穿搭建议:白天建议穿单层棉麻面料的T恤衫、薄牛仔衫裤、休闲服等，夜间建议穿套装、大衣、风衣、休闲装、夹克衫、羽绒服、薄毛衣等保暖衣服
-
✅大理出行准备
🪪证件:身份证、学生证、退伍军人证
🧥衣服:长袖内搭、 外套、薄羽绒服或大衣
🧴防晒:伞、帽子、防晒霜、防晒衣
📱电器:手机、充电宝、数据线、自拍杆、相机
🕶️其他:围巾、墨镜、u型枕、 少量现金
-
📋环洱海注意事项
⭕️不建议一天时间环整个洱海，洱海适合慢悠闲走
⭕️顺时针环海方便随时停车拍照，傍晚可以迎着夕阳开
⭕️来洱海一锭要来海西生态廊道，景色很美
⭕️整个海西生态廊道都非常美，随便拍照都很出片
⭕️生态廊道里共享单车可以随便停放，建议骑自行车
-
部分素材来源于@楚楚旅途记录 已获🉐授权，不涉及搬运抄袭等行为，别误判谢谢🙏🏻
#云南旅游 #大理 #大理旅游 #大理古城美食 #洱海 #洱海拍照 #大理洱海 #大理洱海生态廊道 #旅游 #云南",686,1005,9,https://www.xiaohongshu.com/explore/67389f7f000000001a037747?xsec_token=AB8wXGe0GsiubFuXYnqDJfpEmjxv1y0Hiuz8q9WGaG1yo=&xsec_source=pc_search&source=web_explore_feed,https://sns-webpic-qc.xhscdn.com/202502281927/4ead5c13600525799d1c614c3c12d999/1040g2sg31a8vmotjna705pkpp1mp43ba635aeqg!nd_dft_wlteh_webp_3,青蛙旅途,,
大理一所来了再也不想来的城市😂,"不是我黑大理，出发前真的很向往这个城市，前期各种攻略做起走，到了之后真的很失望，本地人别喷我，海边还是很美的
	
1️⃣🚙交通：没有地铁，到了大理站之后到民宿只能打车🚗滴滴看了价格50左右，但是打了一个小时根本打不到，没有人接单，去了很多城市旅游没想到真的第一次碰到这种打不到车的情况，然后我们去做出租车，出发前，司机又给我们拼了陌生男子上来（我们是两个女孩子，真的很不想和陌生人拼车）不愿意拼车，沟通无果妥协，最后因为先送了另外一个人还冤了路，下车支付款项要求我按照打表来支付，我不干，我说刚刚还冤了路还拼车还要原价支付吗，师傅对我说没找你多要都是好的，现在车紧张都打不到车的不想争论了结果就算了 整个游玩期间我们都是租车自驾出行的，自驾很方便就是堵车，因为住在古城的，人太多了，没有红绿灯，也没有交警前面的车一直在让行人，之后就离家还有3分钟的路程堵了将近一个半小时 当时着急上厕所，硬憋懂吗
	
2️⃣🏠住宿：我住在大理古城这边的，找的个民宿，400一晚上，进门就感觉臭臭的想着过年期间不好定，忍下得了，结果不仅是房间有味道，还没入住床上还有头发，最近晚上大理真的很冷，空调也是坏的，给我我们插了电热毯，电热毯也是坏的，最后想着洗个热水澡，打开水龙头差不多5分钟左右水才能热来耍感觉跟历劫一样
	
3️⃣💐景区打卡：准备了4天的行程，网上能做上攻略的地方都去逛了，结果就是各大景点都一样真的很无聊哦，每家买的东西都是差不多的，好多都是小红书种草去的店铺，看完你就感觉就这  全部还用手工的名义宰客，买完网上一搜都是拼多多，1688上翻了2倍左右的价格卖的，砍价砍到心累逛古镇其实很期待能看到一些古镇里面有特色的东西，结果全部都是商铺，买的款式基本还都是一样的，不过有一点，古镇逛着先不着急买，越往里面走东西越便宜
	
4️⃣💰物价：说大理东西便宜的真的不觉得，我们民宿旁边的超市东西不标记价格，结账的时候我都惊呆了泡面8块钱一桶，酸奶12块钱一瓶我还问了遍老板价格是不是算错了
	
总之本次云南之旅感觉真的配不上网上宣传的那样，还有个经验就是一切都可以砍价，价格基本都是乱喊的，穿着游客小披肩妥妥遭宰，不过洱海还是很漂亮的，出行最划算还是租个电车自驾出行便宜基本就是120一天比油车便宜很多#大理古城 #大理 #大理旅行",1441,624,1310,https://www.xiaohongshu.com/explore/679e73a40000000017039788?xsec_token=AB0eItBwRhu02XtUnBQBT77zt9oI6F7qd__zaUyJuQwtU=&xsec_source=pc_search&source=web_explore_feed,https://sns-webpic-qc.xhscdn.com/202502281927/32426c521cec9fdedfba66ae6a70e1a4/notes_pre_post/1040g3k831dcck65bh0704a545mklv34cbr6cpv8!nd_dft_wlteh_webp_3,挚爱珍妮丝,,
大理一所来了再也不想来的城市😂,"不是我黑大理，出发前真的很向往这个城市，前期各种攻略做起走，到了之后真的很失望，本地人别喷我，海边还是很美的
	
1️⃣🚙交通：没有地铁，到了大理站之后到民宿只能打车🚗滴滴看了价格50左右，但是打了一个小时根本打不到，没有人接单，去了很多城市旅游没想到真的第一次碰到这种打不到车的情况，然后我们去做出租车，出发前，司机又给我们拼了陌生男子上来（我们是两个女孩子，真的很不想和陌生人拼车）不愿意拼车，沟通无果妥协，最后因为先送了另外一个人还冤了路，下车支付款项要求我按照打表来支付，我不干，我说刚刚还冤了路还拼车还要原价支付吗，师傅对我说没找你多要都是好的，现在车紧张都打不到车的不想争论了结果就算了 整个游玩期间我们都是租车自驾出行的，自驾很方便就是堵车，因为住在古城的，人太多了，没有红绿灯，也没有交警前面的车一直在让行人，之后就离家还有3分钟的路程堵了将近一个半小时 当时着急上厕所，硬憋懂吗
	
2️⃣🏠住宿：我住在大理古城这边的，找的个民宿，400一晚上，进门就感觉臭臭的想着过年期间不好定，忍下得了，结果不仅是房间有味道，还没入住床上还有头发，最近晚上大理真的很冷，空调也是坏的，给我我们插了电热毯，电热毯也是坏的，最后想着洗个热水澡，打开水龙头差不多5分钟左右水才能热来耍感觉跟历劫一样
	
3️⃣💐景区打卡：准备了4天的行程，网上能做上攻略的地方都去逛了，结果就是各大景点都一样真的很无聊哦，每家买的东西都是差不多的，好多都是小红书种草去的店铺，看完你就感觉就这  全部还用手工的名义宰客，买完网上一搜都是拼多多，1688上翻了2倍左右的价格卖的，砍价砍到心累逛古镇其实很期待能看到一些古镇里面有特色的东西，结果全部都是商铺，买的款式基本还都是一样的，不过有一点，古镇逛着先不着急买，越往里面走东西越便宜
	
4️⃣💰物价：说大理东西便宜的真的不觉得，我们民宿旁边的超市东西不标记价格，结账的时候我都惊呆了泡面8块钱一桶，酸奶12块钱一瓶我还问了遍老板价格是不是算错了
	
总之本次云南之旅感觉真的配不上网上宣传的那样，还有个经验就是一切都可以砍价，价格基本都是乱喊的，穿着游客小披肩妥妥遭宰，不过洱海还是很漂亮的，出行最划算还是租个电车自驾出行便宜基本就是120一天比油车便宜很多#大理古城 #大理 #大理旅行",1441,624,1310,https://www.xiaohongshu.com/explore/679e73a40000000017039788?xsec_token=AB0eItBwRhu02XtUnBQBT77zt9oI6F7qd__zaUyJuQwtU=&xsec_source=pc_search&source=web_explore_feed,https://sns-webpic-qc.xhscdn.com/202502281927/32426c521cec9fdedfba66ae6a70e1a4/notes_pre_post/1040g3k831dcck65bh0704a545mklv34cbr6cpv8!nd_dft_wlteh_webp_3,挚爱珍妮丝,,
去云南你要知道这些保命的东西！!,"1 、带吸管保温杯！！带吸管！！ ！
	
不然会颠到你怀疑人生
重新洗脸化妆
2、雨伞&雨衣
如果没有防水冲锋衣
雨衣能在冷雨大风中拯救你
3、士力架
士力架在你高反的时候能补充能量
4、可乐
高反的时候什么药什么葡萄糖都不如一瓶可乐来得好
5、尽可能大的充电宝
景点间路途较远
拍照耗电
偶尔格聂村里没电
充电宝用完就崩溃了
6、维C
多吃蔬菜水果，如果觉得当地的水果贵，可以带维C糖、维C泡腾片来提高身体的状态
🔵如何吸氧及爬山才能🈚高反!
首先我们对氧气瓶不要一上来就有依靠，本着能少吸就少吸的原则。
🎈坐上大巴后可以开始调整呼吸，吸两下，停一秒，用嘴巴慢慢吐气6秒，大巴及排队中不是特别难受不要吸。
🎈坐缆车后，可以吃巧克力，补充糖分。偶尔不舒服吸一口，千万不要一直吸。
🎈缆车下来后，可能会不适应，原地走两圈，吸点氧，在开始爬山。一定不要蹲下，坐下。
🎈爬山后，可以上十个台阶停一下。这个标准以个人心跳为准，感觉心跳快了，就站会儿，心跳恢复继续爬，一定不要着急。
🎈山顶不要逗留太久，不要剧烈运动，很多都是下山有反应的。
🎈下山时也控制速度，不要太快，慢慢走，偶尔吸一吸。
🎈下了缆车，尽量不要吸，会醉氧，除非特难受。小红书很多说余下回来路上吸完，感觉这个不对，很容易醉氧，不能适应正常氧气环境。
#云南旅游攻略 #云南纯玩小包团 #旅游 #记录美好 #云南私人订制 #云南报团 #云南旅游 #丽江旅游   #云南 #大理旅游",1584,1874,149,https://www.xiaohongshu.com/explore/67074ca1000000001902f41c?xsec_token=AB1t5BMq9Gr9CEsMy2edHpylVebXpLdK8QhBNTWXFXrCY=&xsec_source=pc_search&source=web_explore_feed,https://sns-webpic-qc.xhscdn.com/202502281927/e43b685185604a322ce30a35cf341681/1040g2sg318oqb4vtgq005p6bdtkjkm6t6dfrgm8!nd_dft_wlteh_webp_3,趣游小萌主,,
大理2000m海拔 我确诊高反,"症状如下
来大理第一天
上午    感觉胸闷闷的 头太阳穴有点痛 我没在意  以为是在昆明那晚没睡好早起瞌睡引起的   加上没听说谁在大理高反的  （还在小红书发帖问了问 是不是高反表现）
下午 去洱海环道骑车游玩  骑的自行车+吹海风  我觉得自己胸口更难受了  头痛加重 太阳穴抽着痛  眼睛也开始难受  好像是眼压高  感觉不对劲 立马返回民宿  在手机美团下单了氧气瓶和葡萄糖  （没在回来路上买是因为古城的氧气瓶超级贵  看了三个店都是30一瓶 大学生穷游  ）此时感觉耳朵有些难受  吸了吸氧 喝了点葡萄糖  感觉好了一些  但是感觉氧气瓶吸着一股味  如图p2 美团买的（大家别买这个  没用+有味道 而且我就吸了一会就没了  感觉不够1000ml）
	
大理第二天  一觉睡醒感觉自己耳朵贼痛  此时不仅太阳穴疼 感觉自己脑袋的脑门附近 也闷闷的 很难受  感觉不对劲去了附近的解放军医院急诊  医生开了一些高反的药  本来让做心电图我拒绝了  其一是因为没钱 其二是一个月之前体检过一次 心电图没问题  觉得浪费钱就没做  之后就去大理古城北门逛早市了     中午11点半左右  脑门连着鼻子附近 开始坠痛  就是闷闷的 感觉被人打了一棍子  很难受 想着看过医生了  吃过高反药了 应该没事 随后就去吃了午饭
	
中午吃完饭回民宿准备拿行李下午去丽江  跟老板说话交流中 透露出有点高反  此时拿出来新买的氧气瓶开始吸 如图p3  （从小红书大理旅游姐姐手中二手买的新的） 老板问我啥症状  我说头疼 耳朵疼 连着鼻子也痛  胸口闷 民宿老板立马说 别去丽江了 你这已经明显高反了 先在大理多呆一天缓缓  说先去睡一觉试试有没有缓解   老板娘也问了我详细情况  立马建议我先去医院吸个氧再睡觉会舒服很多 说医用氧气比买的氧气瓶效果好很多  我觉得当时很难受 立马去了早上的医院吸氧 去的仅仅3.5公里的路途中  嘴唇开始发紫  最后嘴唇发麻  右胳膊发麻 吓死我了😱  真的后怕啊   去医院吸了一小时氧  才花了11.5  早知道真的早点去了
最后  头也不疼了 鼻子也不疼了  只有胸口隐隐还是不舒服 但是真的好了很多  妈呀  民宿老板救大命啊 现在后知后觉的后怕
#高反 #云南 #大理#大理旅游攻略",325,156,307,https://www.xiaohongshu.com/explore/673465d0000000003c01bc55?xsec_token=ABIO-b-h-s7iSwvMMx_vhEHCxI4dYGK0KedmArKkfwXu8=&xsec_source=pc_search&source=web_explore_feed,https://sns-webpic-qc.xhscdn.com/202502281927/f4e43432cfa146c1291c03959de12707/1040g00831a4rlh0vnc005oou2kb8sm1a6rm22eo!nd_dft_wlteh_webp_3,momo,,
大理手写版旅游攻略，寒假来的姐妹👭码住！,"去大理旅行的小伙伴，不做攻略真的很容易遇到坑🕳️所以这份保姆级游玩攻略一定要收藏⭐好
其中包含了路线，住宿，美食，交通多方面，希望大家在大理玩的开心
.
大理打卡指南👉🏻
💞去龙龛码头看一回日出🌅
💞去双廊古镇看一次黄昏🌇
💞去打卡大理最美公路🛣️
💞去文笔村感受彩虹🌈公路和天空之境
💞去喜洲古镇观赏一下白族民居和田园风光，可打卡喜洲麦田🌾
💞找一家古城山顶的民宿，闲暇时喝苍山雪🌨️水泡的绿茶，晒暖暖的太阳🌞，看古城夜景
💞去沙溪 Citywalk，先去逛一逛先锋书局，尝尝宇宙面包!
💞去认识一群【沙溪青年】，一边围炉煮茶一边闲聊自己动手做一件大理扎染物品送给自己
.
崇圣寺三塔游玩路线:
阿嵯耶观音阁→十一面观音殿→弥勒殿天王殿→山门→雨铜观音殿→南诏建极大钟钟楼→聚影池→三塔→文物陈列馆→三塔倒影公园
.
大理古城游玩路线:
南门→床单厂艺术区→五华楼→红龙井→关帝庙→文庙→天主教堂→大理一中→玉洱园→洋人街→农村电影历史博物馆→基督教堂→农贸市场→北门
.
❤️建议篇
🌅一定要在洱海住一次海景房，窗外就是苍山洱海，超级美。
🛵去洱海租车游玩比较经松，骑电动车容易中途没电
🏭喜洲古镇没有那么商业化，夜晚不热闹，晚上七点之后就没什么人了，建议早点去逛。
🍻来大理游玩不要把行程安排得太满，大理比较适合慢逛，放慢自己的节奏去感受这里的慢生活。
❌不要没预约就跑去景点，现场排队买票会浪费很多的时问要是遇到景点限流，还会白跑一趟。
🥶早晚温差板大，早上需要带外套
🚖租车环洱海一定要找靠谱的车行，一不小心可能就会上当受骗，很多是事故车、抵押车用车前一定要拍照记录。
🐤海鸥只有冬天（11月-次年3月），过了这个时间基本上就没有了
#云南旅游推荐 #云南旅游攻略 #大理旅行 #大理 #大理洱海 #大理古城 #去有风的地方 #旅行 #人文景点分享 #大理旅游攻略",1.9万,2.2万,422,https://www.xiaohongshu.com/explore/673c70ec0000000002019902?xsec_token=ABhbUw5V2uDWNLT5yEWUAawQhh-GXLVQE-kGM5oQPQMao=&xsec_source=pc_search&source=web_explore_feed,https://sns-webpic-qc.xhscdn.com/202502281927/4e10c5b639af7e6179443a024db9a906/1040g2sg31acn0s5ine705p8h0ekgibfmd2qd0n0!nd_dft_wlteh_webp_3,西红柿旅游记,,
在大理！我唯一想去无数次的免费公园！,"“在海拔2188米，把心事滑进落日弯道。”
这里是大理新晋顶流打卡地！左手苍山雪，右手洱海月，✔️悬崖礼堂✔️路极飞车✔️落日餐厅……随手一拍就是“假装在国外”大片，关键免费🆓开放！
.
坐拥360°山海全景，
草坪和城市的机位超绝！
如果风有形状🌬️
一定是云想山你飞舞的发丝～
.
【私藏玩法】
✅ 追一场云端日出
看晨光穿透云海洒向洱海，记得裹厚外套！
✅躺平野餐
带着睡垫，我可以在这里躺一天！
✅ 星空银河
夜晚不要着急走，大理的银河肉眼可见！
.
‼️一定注意‼️
.
⚠️ 自驾导航“大理路极主题公园”，停车费10r/次，路边免费但旺季抢不到位！
⚠️ 下关打车约30～40元，回程提前约车！公交32路到“云想山站”但班次少到😭
⚠️山顶风超超超大
.
㊙️隐藏彩蛋
穿过路极公园停车场的小路，5分钟直达无人秘境——枯树与洱海同框的孤独感！
#大理旅游攻略 #大理拍照
#chinatravel #漫画般的旅行地
#新年旅行第一站 #大理旅行
#和风一起捕捉山顶的风景",114,46,8,https://www.xiaohongshu.com/explore/67b3533400000000180055c0?xsec_token=AB7ssgT-_LuacMgURsNqPOmXtUosZUwLZHb-JfZzVTGK0=&xsec_source=pc_search&source=web_explore_feed,https://sns-webpic-qc.xhscdn.com/202502281927/0827934fd90d57c5c4bd4746c45da75e/notes_pre_post/1040g3k031e0q2rev0k005nnvrpqg83m7qvveoto!nd_dft_wlteh_webp_3,元也,,
第一次来大理该怎么玩【保姆级攻略】,#大理旅游攻略  #云南旅游攻略  #大理环洱海  #大理,3984,4174,237,https://www.xiaohongshu.com/explore/671b6eb9000000002100727d?xsec_token=ABOVM3eFgb47VEQE8QwZ_rDyD6zoKugWCjM4Ttkxfqs20=&xsec_source=pc_search&source=web_explore_feed,,好人阿滇,,
大理避坑必背法则✈️🚗🍽️,"去了云南那么多地方 过来人给你的忠告
不做好攻略真的会踩坑踩到哭😭
给大家整理了一下云南每个地方避坑㊙️
以及吃喝玩乐攻略
后续会持续更新可以小关小🐷
#旅游不踩坑 #避坑 #一个人去云南 #一定要去的地方 #本地人做的攻略 #旅游不花钱 #避坑指南 #避开高峰期旅游 #穷游攻略 #出行攻略",18,19,2,https://www.xiaohongshu.com/explore/67b592c60000000009016344?xsec_token=ABUG3PXM2rkDKZT301D-MHGGjoJz5k-OEXp2nJOayj-Cg=&xsec_source=pc_search&source=web_explore_feed,https://sns-webpic-qc.xhscdn.com/202502281927/830e7bee305966f08db0ba773c7a60a0/notes_pre_post/1040g3k031e30art3h0005oiiqbc40lkhk85dhf8!nd_dft_wlteh_webp_3,懒懒宝游世界版,,
去大理☘️🌸｜千万别乱带行李！,"去大理☘️🌸｜千万别乱带行李！
年初刚去了趟大理！
看了几篇全攻略整理了一些！
相比于其他城市旅游，去大理旅游有些还是要提前准备好的！！
👉👉去之前先做好这6件事！（不然寸步难行哦）
👉衣物
建议携带长短袖衣物、外套、棉服、大衣、衬衫、长裙、毛衣舒适的鞋子等。大理气候多变，春季节早晚温差很大，因此需要准备适应不同温度的衣物！！穿衣尽量以叠穿为主，以应对早晚的温差，冷了穿热了脱！不要着凉感冒了
👉防晒
太阳镜、遮阳帽、等等物品不要忘了带！！特别是环洱海，拍照的时候很容易一不小心，就晒黑了！！大理紫外线很强，一年四季阴晴下雨都要做好防晒措施，防晒霜要用高倍数的
👉晴雨伞
大理天气就像男人的心一样多变，啊哈哈哈哈哈 （骚瑞），经常前一秒晴天，下一秒就下雨，然后下了没两分钟，又晴空万里了。海西下雨海东晴天，海东下雨，海西晴天，总之，出门在外，准备一把晴雨伞总没错的
👉电子设备
大理真的太好拍了，要记得准备充电宝，手机拍拍拍很容易没电！！能租充电宝的地方也不多！还有各种拍照设备，充好电，准备好备用电池，很重要！！大理真的很美很好拍
👉润肤露
大理的天气真的很干燥，除了日常要多喝水，还要用补水保湿能力比较强的护肤品、身体乳！！
	
-
🏡大理旅游住宿也要注意
其实在大理，住海东或者海西都可以，因为到了大理，基本两边都会玩一遍，根据自己的预算选择！！如果想要控制预算，可以选择大理古城，有很多的民宿，环境不错性价比也很高，推荐方舟沐宅。如果想要看海景，预算充足，可以选择海东双廊的亲水民宿，很美也很贵
-
😋一些好吃的
🥢九孃稀豆粉：藏在菜市场，本地人都会来吃的稀豆粉，搭配一根脆脆的油条，蘸着奶呼呼的豌豆粉吃，好过瘾
🥢大理方舟胖子野生菌：一家开了很多年的老字号野生菌火锅，以花入菜，非常有特色。重点是很好吃，新鲜的菌子搭配小笨鸡鸡，煮完菌子的汤巨鲜！！边吃边惊叹的味道～店里的环境很好，拍照也很出片
🥢大理南门烤饵块：就在南门农贸市场门口，只有每天上午有，卖完收摊，手揉的饵块，外皮烤得住焦香，糯糯叽叽的很好吃
🥢老仓醋米线：属于清淡挂的，看起来平平无奇，但是非常鲜美，搭配没人醋，简直不要太适配！！他家的辣椒很香，但是要少加一些，很辣
-
#大理 #大理旅游 #大理旅行 #大理旅游攻略 #大理景点 #大理拍照 #大理打卡 #大理攻略",27,23,1,https://www.xiaohongshu.com/explore/67bd5be2000000000903878d?xsec_token=AB-v3TANbPQrVj5ry8SScsV3Zgpj7l0xwC1Dm9bS2WbF4=&xsec_source=pc_search&source=web_explore_feed,https://sns-webpic-qc.xhscdn.com/202502281927/a346679b1dd58daa7f83de1334e06803/1040g00831eajmldmgs6g5p7qubih4l6l449n3cg!nd_dft_wlteh_webp_3,开心每一天,,
在云南得到了血泪教训。。。,"不要问我云南晒不晒了
去洱海骑行白天毫无感觉，晚上手背刺刺的痛，还开始红肿，
最后~就变成照片这样了
总结一下这次云南晒黑的血泪教训，大家别学我！
-
1️⃣云南日照时间长，紫外线强。还干的很，劝大家别带手表，别穿洞洞鞋（想穿就加上袜子），别穿带花纹的袜子，要不全给纹身上
2️⃣去云南旅游的这几天，防晒基本上是过两小时补一次，每天都是油腻腻的，就这样还被晒黑
了可想而知不抹得成啥样
3️⃣去云南不要戴空顶帽，发缝都会晒伤，带全覆盖的帽子
4️⃣就算阴天，也不能忘了戴帽子、穿防晒衣，涂防晒。我发现阴天紫外线也挺厉害的，因为我朋友就是阴天放松警惕晒伤的，她是法式中分刘海，玩了两天，撩开头发中间一个黑的三角形两边白的
5️⃣大家别忽略了晒后修复，晚上回去以后一定要晒后修复，涂芦荟膏之类的，敷面膜，能减缓损伤。
-
❌还有一些避雷点
1、落地云南的第一天尽量不要洗头洗澡，因为很容易不太适应而导致身体不舒服高反
2、吃饭不要太信网红餐厅，第一天刚去，为了多逛逛，也没研究吃什么，逛累了随便进了一家店，味道真的平平无奇，还不便宜
3、雨伞要带，高原地区的天气捉摸不透，而且晴天的时候雨伞也会用到，可以防晒！
4、大理尽量不要租电瓶车，稳定性不太好，大理古城，双廊距离都很远。电动车容易疲劳驾驶，路也不允许，路上看到两三个出事的都是因为电瓶车。
-
⚠️还有一个很重要的❗️云南海拔高，从低海拔去高海拔一定要带好抗高反的💊！特别是预防的角鲨烯、红景天那些要提前吃，葡萄糖、晕车药这些提前准备好，不要想着到了需要再买，到时候突然需要根本来不及！！！
#云南旅游攻略#云南旅游攻略7-8攻略#云南#云南旅游#香格里拉#香格里拉旅游攻略#香格里拉高反严重吗#高反必备药#高反#高反的症状#高反头疼怎么缓解",598,420,89,https://www.xiaohongshu.com/explore/66ab9c2e000000000600d9af?xsec_token=ABksA6RsYkirkyDylhg-Xy9-tAEEV5OWSJzz1HhQ4G_t4=&xsec_source=pc_search&source=web_explore_feed,https://sns-webpic-qc.xhscdn.com/202502281928/ce1358fb285a359e86eec2528ec2d289/1040g2sg315v91t8v0k6g5pj0d040uba9e4uoemg!nd_dft_wlteh_webp_3,小红薯6660A289,,
洱海骑行真无语，太遭罪啦😭 。,"谁骑，谁就是大冤种❗ ❗
去了之后，才发现，自己现实和想象的差距有多大😭 。。
一直以为环海是看着洱海环，结果是一直在村道、乡道、省道穿梭，根本看不到海。（返程后，才知道双廊海东那一段才是真的可以看到海的环海）。生态廊道还要另外租各平台投放的小电瓶。。
🔔 去骑生态廊道里面的共享电瓶车，走生态廊道，从才村到喜洲，左边是苍山，右边是洱海才好看。。
-
⛔ 洱海骑行避雷
1、电动车是进不去最靠近洱海的那条路的，所有的地方都设了铁栏杆，只有租了景点当地人的自行车才能进去，所以想象中沿海骑行走走停停的美好场景是不存在的
2、骑电动车环洱海离洱海近的大约只有两条路，一条是国道，沙尘非常大，还有很多大卡车经过，动不动就吃一嘴土，也看不洱海；另一条是乡间小道，有许多坑、上下坡和小石子，有的地方能隐约看见洱海
3、洱海真的特别大，从古城开到网 红S弯开了半小时，加上去了趟龙龛码头，足足开了快两个小时，建议别全程骑行，很累
4、所有靠近景点能停车的地方都有当地人收费，越靠近景点越贵，有的地方停一次电动车就要收5r，光停车💰 就不便宜
5、冬天风比较大，骑行穿大衣或者羽绒服是要的，风大，围巾手套备上
-
🌈游玩tips
1⃣大理值得玩！且只有海西，海东没什么乐趣，有的话也只有文笔村，可以看日落！
2⃣如果要选择一个古镇就选喜洲古镇，且只有喜洲古镇还保留了白族文化，没有被商业化，里面大多数店面都是本地人开的，很有特色！
3⃣一定、一定要留给喜洲古镇一整个下午细细感受这里，白族民居、转角楼、插🈵🌺的马车，绿油油的麦田，随处都是美景！
4⃣喜欢安静的，离海近就住在龙龛码头、才村，早上起来步行去看日出，磻溪也可以，但是距离大理古城有一段距离；离苍山近就住在上末村，很安静，离索道很近。
5⃣大理打车很方便，但海西去海东会比较贵，可以买个观光巴士的一日票或看需求买三日畅游票。
-
因为云南景点比较分散，来回跑还是挺折腾的，首次来云南的小伙伴，可以找一个靠谱当地小団，吃住行全包，省心省力💖
#云南游  #云南旅游攻略  #丽江古城  #大理古城 #云南美食  #云南景点  #云南  #丽江旅行  #云南旅游推荐",96,94,12,https://www.xiaohongshu.com/explore/67b048280000000018013dc3?xsec_token=ABejasOV8JGYUjV6KI1Ml43K8I-YuXhB19cjzFJ1STkHw=&xsec_source=pc_search&source=web_explore_feed,https://sns-webpic-qc.xhscdn.com/202502281928/e658faddec6a0990442f582f97effdf1/1040g00831dtr1m0d0s6g5o0sokgg82fkuufq3l8!nd_dft_wlteh_webp_3,山楂,,
大理旅行要避的雷全在这里了,"揭露各个行业黑心套路
希望对各位有帮助
#大理 #避坑指南 #旅游不踩坑 #听风的话去了想去的地方 #约拍 #大理摄影师 #大理避雷 #大理旅游攻略",1859,1594,300,https://www.xiaohongshu.com/explore/67ad9969000000001701c409?xsec_token=ABvoYsqKFndENxit8jt5r_UCP8hSXIcLb-eos1QKsY2jE=&xsec_source=pc_search&source=web_explore_feed,https://sns-webpic-qc.xhscdn.com/202502281928/9bc80673f3040066a506dd78e4a0cb4f/1040g00831dr7724ngs005pgmcjbiuck16t5jru0!nd_dft_wlteh_webp_3,📷Plan B（常驻大理）,,
大理旅游！注意安全！,"首先！大理真的是我非常非常非常喜欢的城市 向往了很久
其次 相信每个地方都有好人坏人 只是在外真的要注意安全
最后 希望大家玩的开心 大理真的很美 很好 也遇到了很多善良淳朴的人",4,2,评论,https://www.xiaohongshu.com/explore/67bb28fb000000002503dc36?xsec_token=ABpIqEzr-y12t7sVl2ojTwxq5YY3ig2AXkM3Kw9Nka4wk=&xsec_source=pc_search&source=web_explore_feed,https://sns-webpic-qc.xhscdn.com/202502281928/6aac24a126bb25d58721444f237f890e/1040g2sg31e8evsvn127049utp4bcqoeb5e0kn5o!nd_dft_wlteh_webp_3,不想起名字,,
被问了很久的 大理 攻略来啦‼️,"没去过大理三次以上都不敢给大家出攻略
今儿给大家分享洱海   出行租车还是包车好
洱海一圈 140 km 如果不熟悉路线 景点位置很难找
（建议大家多了解些攻略哦）
关于骑电瓶车、租车还是包车/主要看天气
🛵骑电车
✅优点：随走随停，看到美景随时下车拍照。价格便宜一天60💰
✅缺点：大理紫外线强☀️晴天会非常晒；雨天一不小心会被淋成落汤鸡，而且雨天路滑容易摔倒，最重要的是还要把电瓶车还回去，劝退车技不好的宝子们，而且续航不行，顶多绕洱海玩半圈而且还要考虑返程电量够不够
租车🚘
✅优点：拍照很好看，开车很拉风，随停随拍。
✅缺点：价格贵 还要买保险。租车坑很多，如果踩坑，车有问题的话比较危险。自己要开车，比较累。要找地方停车，去景点玩完还要再走回来开车。
一停车就要收10元停车费，按次收费，不限时间。
开个敞篷碰到睛天会晒（造型吹乱七八糟的）碰到下雨天又不能开敞篷
包车优点：省时省心，不累。不用开车，不用找停车位置，还能在车上休息。走到景点玩完，司机在另一头等着，不用原路返回。随拍随停，司机还知道哪里有景点，哪里好玩，不会迷路。性价比很高，比自己租车便宜。缺点：容易踩坑，很多都和景点有立意关系，喜欢吃回扣，推销买东西。需要仔细甄别。
个人选择
我觉得洱海醉少需要安排两天去逛
安排一天租小电驴，体验下短距离的海边骑行乐趣，租小电驴的话 🤔晴天会很晒，建议做好防晒 带好帽子和墨镜口罩，选辆续航长的小电驴能逛六七十公里。第二天包车把剩下的景点逛完。推荐给所有即将要来大理的朋友们
包车一天9小时/ 350，超时➕50 一小时
我遇到司机蛮不错 全程🈚️推销，而且路过适合拍照打卡的地方会提醒，还会告知我们一路上都有哪些景点，哪些值得推荐 哪些不推荐去下车到景点，逛到头 司机师傅会在那里等候，不用折返这点个人觉得很赞👍很棒体验感
📝不定期分享一些遇到的美好，旅行的攻略和避雷等～希望能帮助到需要的友友们。
#万能的小红书 #大理 #大理洱海 #大理旅行 #大理环海包车 #旅途中的美景 #我的随手拍 #国内旅游日常 #云南旅游推荐 #大理环洱海包车一日游 #自然风光分享 #大理旅游攻略 #旅行搭子 #日常碎片PLOG @户外薯",114,112,174,https://www.xiaohongshu.com/explore/663a33b1000000001e023dee?xsec_token=ABaj_lrZnurmtb1uRkDj2YBOATCno6zqv-WqNo0xz-9ug=&xsec_source=pc_search&source=web_explore_feed,https://sns-webpic-qc.xhscdn.com/202502281928/c2066a264bdea2ec06797e2810f96acb/1040g2sg312gh1mif6k005n73mal44dv50kvk8mg!nd_dft_wlteh_webp_3,小美爱臭美,,
大理旅游攻略推荐,#大冰 #大冰的小屋 #大理 #大理旅游攻略 #末日书店,1992,1626,38,https://www.xiaohongshu.com/explore/67682021000000001300b50b?xsec_token=ABHx9LAu-CzSXIJnFFG4uPOpjOeTJ8tbF3Xc27CDxBGWU=&xsec_source=pc_search&source=web_explore_feed,,大冰末日书店,,
大理旅游避雷|20年本地人总结的手写版攻略,"不管几月来大理旅游，记得一定避雷:(一定背下)
1.去大理真心建议姐妹们自驾游!没有车的可以考虑到云南后zu一个车，会方便很多，随走随停(注意货比三家,不要zu到泡水车)
2.去洱海可以骑共享单车、共享电瓶车，还有四人坐的!外面的车是不能骑进去的哟，
(不要被那些村民给坑了	速度慢)
3.大理的昼夜温差比较大，白天是比较暖和的，到了下午六七点就有点冷了注意穿衣保暖哦(吹风会比较冷)
4.去龙龛码头可以直接导航定位到「阳光便利店」，有一条小路可以走进去(别信拉客的)
5.大理的紫外线真的很强，平时出门要做好防晒措施，中午可以戴个墨镜(拍照,也好看)
6，来大理旅游一定要去村子里参加一次少数民族的篝火晚会，是由很多很多个白族村民阿嬢带领打跳，超有民族气氛，记得还有走秀环节哦。体验感拉满。(我忘记他们小程xu名字了)
7.去苍山上山可以选择骑马，全程大概一个小时，下山可以坐索道，不一样的体验感。
8.洱海的海鸥只有冬天才有，想去拍海鸥的现在就得抓紧出发了，可以买个!小饼干喂海鸥，也容易吸引海鸥拍照
9.在大理自驾或者是租车的宝子们要注意大理的限速哦(注意别超速)
10.在大理旅游真的可以住一次海景房，早上可以看日出，下午可以看落日
11.烤乳扇很多宝子都有点吃不习惯，一次性不要买太多了他有油炸的,比较腻
12.大理旅游的景点不是很集中，不用安排太满的行程，适当就可以了【一天2-3个景点即可)
13.很火的桥洞打卡点在双廊码头哦
14.想去喜洲打卡稻田的直接导航咖啡画廊
15.想买鲜花饼的可以尝一尝再买，一般都是买嘉华，母氏的我感觉鲜花饼的馅没有嘉华多，都可以邮寄看各自喜好,古城很多店)
16.大理旅游有很多好吃的米线，都藏在那种不起眼的小店里，装修很接地气，但是随便找都很好吃
#大理旅行 #大理旅游 #一个人去云南 #大理洱海 #大理旅居 #大理苍山洱海 #大理民宿 #大理旅拍 #大理酒店 #大理旅游攻略#大理古城 #大理租房 #云南游#云南旅游#云南旅行 #大理美食#大理写真摄影#大理攻略 #大理旅游攻略来了#大理旅游搭子#大理双廊#大理住宿 #大理摄影师#大理民宿推荐 #大理古城美食 #大理海景民宿#大理的小院子 #大理环洱海包车一日游 #大理旅拍推荐 #大理旅行穿搭",238,180,14,https://www.xiaohongshu.com/explore/67a9fe91000000002a003a20?xsec_token=ABP7ZAnKztXLr7KyHq1GD3pcquQ3FuTB-xifZp76gxBjg=&xsec_source=pc_search&source=web_explore_feed,https://sns-webpic-qc.xhscdn.com/202502281928/54e9ff7b91225c1d5197ea56b93dd3d4/1040g00831dnmi57egu6g5pnc6hm7c5fp0vn8hc0!nd_dft_wlteh_webp_3,柳三三的大理旅行指南,,
2.16云南已回❗️会惩罚每个只带羽绒服的人,"刚从云南旅游回来，东西都没来得及收，我这次带的衣服真的一整个大成功✌
真的建议姐妹：去云南别再只带羽绒服啦💔
-
先说云南的天气☁️
我出发前查了云南的天气，大概白天还有个17度，我姐妹想着应该不会很冷。本来想塞了件厚厚的羽绒服就出发了。结果我仔细看了下温差，感觉事情没那么简单！
-
我这次没被冻着，总结一下👇
【内搭不漏风】+【善用暖宝宝】
我们这次是打算玩7天，热门的香格里拉、大理、丽江、昆明几乎都要去，但看这些地方真的距离太扯了，所以我们果断“轻装出行”👍
2月在云南讲“风度”，你就会被“风”教训一顿。☺️
我们运气确实不错，几乎每天天气嘎嘎好，但中午会出完太阳到阴凉的地方，就会忍不住打寒战
-
【内搭不漏风】+【善用暖宝宝】超实用🔥
内搭一定要贴身，保暖内衣最好扎进秋裤子里、秋裤扎进袜子里（怕冷的可以穿有绒的）我去玉龙雪山的时候，一点风都漏不进去，还穿什么防风服啊😭
但穿的再多，不如暖宝宝贴的好呀！在手腕、膝腕等血液循环的关节处，一定要贴上暖宝宝，保暖效果简直了❗️❗️
-
【说一句：2-3月要去的小裙子可以带】
云南2-3月白天热的话17度左右，晚上5-7度左右🧣除了丽江，香格里拉晚上零下
裙子、衬衫就带个1-2件，厚外套必带，比如羽绒服、大衣足够了👌
上雪山要带上帽子➕围巾➕墨镜🕶（防止雪盲）
-
tips🚨
1⃣想穿小裙子拍照的姐妹也可以不用自己带，古城当地有很多漂亮小裙子，价格也不贵超丰富。
2⃣在大理洱海，租一辆小电驴，沿着湖边慢悠悠骑行，微风拂面，一路的美景简直绝了，随手一拍都是大片。
3⃣不过可别忘了防晒，云南的紫外线超强，我就有一天偷懒没涂够防晒，回来脸就有点泛红了，还好带了芦荟胶补救。
4⃣披肩别买贵了，50块两条就够了（反正都是义乌货，次抛的衣服随便买了穿了拍拍照是可以的）
#云南旅游 #云南穿搭 #云南美食 #大学生寒假旅游 #羽绒服清洗",348,269,81,https://www.xiaohongshu.com/explore/677b9cbe000000001a03757c?xsec_token=ABfeWLZ-adXKRH1BO2G7J4qrJtbJoHVwOTbNA-Ld3Ofnw=&xsec_source=pc_search&source=web_explore_feed,https://sns-webpic-qc.xhscdn.com/202502281928/bf732bea72adb017fafdcca543072633/1040g00831ca55m5i105g5p9nejshgvnlnbn1v9g!nd_dft_wlteh_webp_3,奶油橘饭,,
当你低估了大理的紫外线（请看图9️⃣,"洱海边真的很舒服，除了晒
喜洲的没啥逛的，建议直接从海舌公园扫电动车沿着骑行栈道一路骑，路过好看的地方或者咖啡厅可以停车拍照。骑一个小时差不多，全程（海舌到龙龛）预计要四个小时吧，没必要后面景色已经疲劳了。大名鼎鼎的S弯一般，人太多了。
重点⚠️全套防晒做全，不然就会像图9️⃣！
	
#苍山洱海尽收眼里 #去户外大口呼吸 #趁年轻到处走走 #背靠苍山面朝洱海 #洱海不是海 #洱海 #大理",201,67,274,https://www.xiaohongshu.com/explore/66ed5f6c000000001e0199ad?xsec_token=ABCdJdu_4Ced8flcHzoEpINBcxq6mQVTYgPuEUprYGc5Q=&xsec_source=pc_search&source=web_explore_feed,https://sns-webpic-qc.xhscdn.com/202502281928/158170b212682694ff9a1c477a5d6c4b/1040g2sg317vg4e933q7041j07577hnutgpte6lo!nd_dft_wlteh_webp_3,破破破破泥🐴,,
大理的配套设施配不上它的热度,"厕所
你懂每一次开门都和一坨💩对视的感受吗？真的几乎没有一个厕所是可以让人毫无顾忌的下脚的。穿阔腿裤的时候要把裤脚卷起来才敢进去。特别是理想邦的厕所，简直是屎壳郎的家。视觉冲击真的太大了，现在回想起都还有阴影。
我觉得造成这种现象的原因有两个。一是厕所冲水的力度不够，很多时候冲不下去。二是缺少保洁人员。几乎没看到过保洁阿姨去打扫厕所。
就算是昆明的厕所也差不多是这种情况。
交通
公共交通真的太少了！洱海这么大，沿路这么多景点。竟然没有专为这些景点开设一趟旅游公交。环洱海旅游大巴一日票要98元，很贵。去哪基本都是靠小电驴。我们骑了一个半小时的电驴去的理想邦。路上的风景很美，但也很冷。
大理已经是很热门的旅游城市了，为什么交通还这么单一？租车行的生意估计都很好吧。
街道卫生
说实话真的挺脏的，特别是古城里的卫生情况。
很久之前我就被许多网友种草了大理，我真的是满怀期待的来到这里。说实话这是我最差的一次旅行体验。
我还是不明白既然大理已经这么火了，为什么这些基础的东西还不去改善？
#大理 #大理旅行 #大理洱海 #旅游 #吐槽贴 #避雷 #大理避雷 #苍山洱海",276,18,658,https://www.xiaohongshu.com/explore/67987826000000002602d592?xsec_token=ABn5690H6Yo0_T89o-Z3NQ_nAhtmuQhuLipWh6DRzaqGE=&xsec_source=pc_search&source=web_explore_feed,https://sns-webpic-qc.xhscdn.com/202502281928/82cbe5c0768b943ec28e8ea4b2464fbb/1040g00831d6it4pr0c5g5p33fhdnue1iqatofho!nd_dft_wlteh_webp_3,wowo,,
女生真的不要一个人来云南大理！,"❌不是标题党，是真的此次旅游亲身经历，而且还是有伴同行的前提下，还是遇到了一些危险事件！大理是一个很美的地方，但女生一定要注意安全！⚠️
首先在民宿遇到了情绪不稳定的男酒鬼，大半夜不睡觉在那里大吼大叫，提醒他一下，他开始国骂，真的很担心半夜会冲上来，而且民宿大门也没有锁，管家也基本不在民宿里，打电话和微信沟通都没有回！一整个晚上不敢睡，安全0保障！❌
其次一起玩的旅游搭子住青旅，他们在路上也碰到了酒鬼，还好是2个人同行！⚠️
接下来跟大家分享一下注意事项！
————
不推荐住民宿，虽然云南大多数都是民宿，但是女生一个人，保证安全前提下建议住酒店，也不要选择比较偏位置的住宿，毕竟天一黑，很多地方基本没灯，交通也不是很方便！如果真的要选择，可以选择口碑评价地理位置都相对比较好的民宿，虽然大部分人都从平台预定，但是也要注意辨别，因为差评很多老板会联系顾客进行删除处理的
晚上避免去村庄等环海小路，晚上古城热闹一点，但是来往其他地方的路上基本没灯，包括洱海边，也没有什么人，骑电动车或者单独出行的小伙伴尽量避免晚上出行这些地方，但是大理日落基本在7.30左右
不要坐黑车，滴滴出行和出租车都可以，车站或者景点有那种叫你上车的千万不要去，或者问你要住宿的也不要去，尽量走平台
买东西前问清楚价格，避免没必要的纠纷，价格不合适及时拒绝，面子哪有钱重要
————
其实一路上碰到的人都挺好的，无论是小红书上找的旅游搭子，还是包车司机小茶，或者是吃饭遇到的服务员，都非常的奈斯，极小几率事件希望大家还是要注意
#笔记灵感 #云南游 #大理 #云南旅行",2640,1384,2528,https://www.xiaohongshu.com/explore/65e7d1260000000004001de9?xsec_token=ABEhoiP3_86ZHSUUdoF3gF_4O9Uywr2Lp2qLCLgSekloU=&xsec_source=pc_search&source=web_explore_feed,,走，出去玩,,
云南大理已回！！最好不要穿这样的鞋子😭,"云南之旅已经结束，大理真的挺“大”！！答应我一定要穿双好走的👟，不然真的很废脚！我穿一双小皮鞋，晚上回到酒店脚底都磨出了血泡😢，特别疼，都不敢碰，还有就是云南昼夜很大，带些保暖衣物。
-
📝总结了游玩体验， 为大家准备了一份“真实分享”！
	
⭕来大理玩不要把时间安排太紧凑!大理适合慢慢玩!景点间距很远!一来一回都要花费很多时间！
	
⭕洱海分海东和海西，海东适合看日落，海西适合看日出，两边风景都美得不行！
	
⭕避雷喜洲古镇的小三轮，它主要是把游客拉到各个打卡点消费的。想要真正感受喜洲古镇的烟火气和松弛感，还是得靠步行。
	
⭕烤乳扇很多小伙伴都吃不惯，不要一下子买很多，喜欢吃再买。
	
⭕云南早晚温差比较大，尤其下雨之后气温会骤降，一定要带好保暖衣物。
	
⭕不要去丽江的玫瑰庄园，景点基本都是人造出来的不是很值得去。
	
⭕大理古城没有丽江古城漂亮，里面都是卖东西的地方丽江古城晚上去比自天好看。
	
⭕不要迷信所谓的艳遇，其实大多数都是托酒托饭托一顿下来就被狠宰或者说是有偿的。
	
⭕海鸥只有冬天才有(11-3月)，过了这个季节就没了。夏天是没办法看到海鸥的喔。
	
⭕云南地形较复杂，多为环山公路，而且雨季道路两侧多落石，如果是新手来云南游玩，非常不建议自驾。
-
⚠关于出行清单，每个人都不同，大家按照自己的行程整理就可以，我这次是跟团游 ，也是对比可很多家，领队很认真负责，体验感特好！千万别贪图小便宜！有很多旅行団都有隐形消💰！#云南 #云南旅游#云南旅游攻略#云南跟团游#玉龙雪山#大理#丽江#香格里拉#洱海#去有风的地方",4,5,2,https://www.xiaohongshu.com/explore/67b81c17000000002901cfb2?xsec_token=AByms7XnCmbp5uzGbQXsk44lCKN6yA4ovMmZq5KwWCSCs=&xsec_source=pc_search&source=web_explore_feed,https://sns-webpic-qc.xhscdn.com/202502281929/c95a63483ea133d7dc3d89af38dfe47b/1040g00831e5flhqu0e6g5ptnrcc3jlejiuunr38!nd_dft_wlteh_webp_3,小红薯67B8B1B3,,
互联网姐妹们去云南看看有没有精准踩雷😭,"谁懂啊😭终于有人把云南旅游说明白了❗
.
🗺看看有没有精准踩雷！！！
❌不玩昆明不要在昆明落地，直飞丽江！
❌暑假不爬玉龙雪山，最美的景点都在山下
❌大理人多的地方不去跟风，洱海周边找海景饭店，又舒服，又美，人又少
.
💢来云注意事项
1⃣️伴手礼建议在菜市场买 会便宜很多很多！
2⃣️如果想买包包 去大理古城的那个南门菜市场！比外面便宜2倍！
3⃣️在大理建议去下关吃东西 真的非常好吃！！ 喜洲古镇有一个巨好吃的鲜花饼 叫做阿达暇一定要去试试！
4⃣️强烈推荐去泸沽湖，虽然现在不是最好看的季节（没有水性杨花没有绿色的草海），但是泸沽湖的水真的好清澈好好看！（但是去泸沽湖那边山路真的很难走，最好吃点晕车药）。如果是肉眼看，洱海真的比泸沽湖逊色很多。但是洱海很出片，双廊古镇那边随便拍拍都好看。
5⃣️落地丽江的话,建议1.丽江，2.香格里拉，3大理，4.西双版纳，5.昆明。
6⃣️ 玉龙雪山一定要看天气，大晴天去风景最好，索道也不会停运，然后自己提前抢票，但是真的好难抢，如果是阴天，雾天，大风天，那大概率会停运。
7⃣️西双版纳完全不在一个方向上，离大理、香格里拉完全一南一北，第一次去就滇西北只去大丽香就好了
8⃣️鲜花饼太好吃了一定要试试，嘉华栗子酥也好吃
9⃣️蓝白相间披肩慎买，会掉色，包包裙子全染，不要问我怎么知道的，
🔟洱海海东象征性玩几个即可不必全去 、到了云南晚上睡不着可能也是高反的体现
…
账号内容转载于@小青日记 已经授权，账号内容不存在搬运抄袭行为！请别误判
#云南旅游攻略 #云南旅游 #云南旅行 #云南丽江 #云南大理",624,733,3,https://www.xiaohongshu.com/explore/6634d3fa000000001e02db78?xsec_token=ABbrcgfFIAZgS1dw6PDsgUf6PnEGjzJdvTErgKjmAHB44=&xsec_source=pc_search&source=web_explore_feed,https://sns-webpic-qc.xhscdn.com/202502281929/ccdf49d653098a10e08d02157ff4687d/1040g2sg312b93m9ili7g5peppeih3l2j11ajrg0!nd_dft_wlteh_webp_3,小米辣！,,
吃住行攻略丨大理两天怎么玩？,﻿#大理旅游攻略﻿ ﻿#大理美食﻿ ﻿#大理洱海﻿ ﻿#大理民宿﻿,152,154,20,https://www.xiaohongshu.com/explore/67c00483000000000903bb58?xsec_token=ABvBv43RBC_8Rd1DLWPauI7w0NtHqrFr3IRre1WuDkTMA=&xsec_source=pc_search&source=web_explore_feed,,好人阿滇,,
刚从大理回来（我的建议是）认真看完...,"没有做攻略和准备的真的不要去云南‼虽然很好玩，但不做攻略真的太容易踩雷了💣今天特意为12-1月准备去云南的姐妹们整理了一下云南的吃住行攻略📝全部是干货，建议刷到的宝子们仔细阅读，真的能帮你少走不少弯路的！
·
图文均为原创！请不要误判！
	
#小众旅行地 #大理旅居 #一个人去云南 #大理旅游攻略 #大理洱海 #人生就是一场体验 #大理 #大理古城 #记录吧就现在 #适合冬天去旅游的城市",4295,4277,312,https://www.xiaohongshu.com/explore/675a57c50000000002036452?xsec_token=AB40FcSNoAPzLMDz4aetpfMlnbLUMc2pUq6FMS4isQYHE=&xsec_source=pc_search&source=web_explore_feed,https://sns-webpic-qc.xhscdn.com/202502281929/4163891ec7c325bfb2643c5ad8bd22f2/1040g2sg31b8urttr7g8g5pnm14u7c4do1ijoveg!nd_dft_wlteh_webp_3,julia bb,,
云南旅游攻略‖去旅游不是搬家，这篇慢慢看,"暑期估计预很多宝子要去云南👇下面就是我精心准备的云南旅游Tips！
	
🎒【行前准备】
🛫机票住宿要趁早！暑假是云南旅游旺季，机票和住宿价格都会翻倍哦。建议提前定好往返机票，住宿可以考虑连锁酒店，价格相对稳定。
🌈昆明中转最划算！直飞昆明或者选择昆明作为中转站，航班/车次多且性价比高。从昆明出发，转车前往大理、丽江等地也非常方便。
	
【关于高反】
建议大家一定要备上高原安，我之前去用过，真的可以，他不用像其他产品那样提前服用，无需提前服用，成分也很安全，服用也很方便，可以搭配葡萄糖一起服用，大姨妈来也能。
	
💧【护肤小贴士】
💦云南天气干燥，保湿工作不能少！记得多带几片面膜，让肌肤在旅途中也能喝饱水。
🌞防晒是重中之重！云南地处高原，紫外线强烈，一年四季都要做好防晒措施，防晒霜、遮阳帽、太阳镜一个都不能少！
	
🍜【美食攻略】
🌶️云南美食偏辣偏重口味，不能吃辣的小伙伴记得提前说明哦。也可以自备一些肠胃药，以防万一。
	
🗺️【行程规划】
🏞️6天5晚经典游推荐：
Day1：抵达昆明，自由活动，感受春城的魅力。
Day2：昆明出发，游览石林景区，晚上入住楚雄或大理。
Day3：大理一日游，大理古城、洱海、敞篷吉普车旅拍、洱海私人游艇，尽享洱海风光。
Day4：大理古城出发，途经拉市海茶马古道，抵达丽江古城，夜宿丽江。
Day5：丽江深度游，玉龙雪山、冰川大索道、蓝月谷，感受雪山的壮丽与神秘。晚上返回双廊。
Day6：昆明返程，自由安排行程，为这次旅行画上完美句号。
💡如果时间充裕，还可以考虑前往泸沽湖或香格里拉，再安排两天时间，让旅程更加丰富多彩！
	
🚗【交通攻略】
🚌云南景点分散，跨市旅游是常态。提前做好交通转乘攻略，可以让旅行更加顺畅。懒人党也可以考虑选择跟团游或者包车服务，省心省力。
好啦，以上就是我的云南旅游攻略啦！希望宝贝们都能拥有一个难忘的云南之旅！💖 快来收藏这份攻略，准备出发吧！🛫
	
#高原反应  #高反药  #高反必备药  #高原安  #高反怎么缓解  #云南  #云南旅行  #云南旅行攻略",3051,3268,69,https://www.xiaohongshu.com/explore/6684f302000000001e010730?xsec_token=AByPdiZ14aqlDXf_MeZVe9UZBEj77504xpajsoAUFzr6E=&xsec_source=pc_search&source=web_explore_feed,https://sns-webpic-qc.xhscdn.com/202502281929/5487f1901262b7c9c1bf08b63ecac5fc/spectrum/1040g0k0314pgk9fvgm005or3pl17qji34j92bdo!nd_dft_wlteh_webp_3,小小陈的日记,,
大理洱海，真的无语了，能劝一个是一个……,"刚从大理旅游回来，洱海租车这事儿可把我坑惨了！人多得不行，而且有些车还不能随意归还，非得原路返回，这可太浪费时间了。我回来后熬夜整理了这份大理旅游攻略，全是我的亲身经历，希望能帮你们避避雷！
-
❌首先避开S湾!生态廊道(海西)人蕞多的地方，走路都迈不开腿，而且本身就是一个弯没什么好拍的!建议避开!很影响体验感。
❌才村(人多!车多!不好打车)
➡️崇邑村(人不多，景色美，可冲)
下波棚(有部分人排队打卡网红枯树)
➡️其它地方人流量较分散，可以安心玩
小众好玩的地方，生态廊道的比如富美邑双鸳溪、三圣岛（心邸咖啡在此）也不错哦！
❌理想邦
以山寨圣托里尼为卖点，里面全是酒店，人很多，好一点拍照位置都需要消费
➡️非常不推荐环海一圈，推荐半圈半圈的玩。每年最堵车的地方是双廊，路过必堵~
➡️洱海租白族孃孃的自行车，平时10块一辆，节假日可能会涨到20。(太贵的属于讹人)
➡️想看日出的推荐心邸咖啡或崇邑村，人少安静
➡️巍山很安静，如果喜欢安静的话可以避开人群去巍山看看
➡️住宿：游客集中的地方是大理古城，双廊古镇两个地方，人多车多会造成路段拥堵，想避峰可选古城外面或下关市区
-
⚠环洱海可得注意这些：
1.刚进生态廊道的时候其实有点懵，因为自行车，电瓶车等等各种车都有，但看见骑自行车的比较多，所以就跟着租自行车绝对🙅‍♂，我个人最不推荐的就是骑自行车！
2.景区里所有的电瓶车，不管大小样式类型全都是扫码骑车，没有店家会租给你，他们只能租自行车，所以想要骑电瓶车就到处找，看到有空的就赶紧扫码
3.洱海真的特别大，从古城开到网 红S弯开了半小时，加上去了趟龙龛码头，足足开了快两个小时，建议别全程骑行，很累
-
🌈tips：劝各位姐妹，无论是打算跟tuan还是自由行，都提前把行程确定好。由于自由行需要的精力多，我们就选了跟tuan。总体感受还不错，领队小姐姐是本地人，人不错，亲测是纯玩哟~行程里面就包含（交通，门票，住，接机，吃的等），没有额外消费了，又赠送了很多游玩项目。我觉得还不错。如果你们有兴趣，可以自行了解，当然选择时还是要多比较，找到蕞适合自己哒～ #春日漫步指南#浪漫生活的记录者   #大理   #大理旅行    #大理旅游  #大理古城   #小众旅行地 #大理洱海@户外薯",4,7,2,https://www.xiaohongshu.com/explore/67b9b54c00000000290324da?xsec_token=AB3R2bfnTm5tcyNoKuEe1u-4jh64A8i-sciBFsbycxBa4=&xsec_source=pc_search&source=web_explore_feed,https://sns-webpic-qc.xhscdn.com/202502281929/c8b25e942c70c4afe4ddb526785134f9/1040g00831e71k11a12604at5t1pior9kqs3fo30!nd_dft_wlteh_webp_3,咩咩咩,,
2.24📍大理现状。。冷，崩溃🥶别来！,"在网上看很多人说来大理不需要穿羽绒服，结果快冻😭了，风还很大。我带的都是大衣，给人冷崩溃了！！而且遇到了很多坑！！总结给大家避雷的点
避坑tips
1⃣不要看网上一天海西一天海东的行程！在大理千万别打卡式游玩，太累了！一整个身心疲惫，再游下去体验会变得糟糕，精选几个不错的景点深度体验！会很舒服！
2⃣买东西要货比三家，尤其大理古城，别花冤枉钱！一般披肩15r-18r，头巾10r，乳扇5r，草帽25-28r，花环5r。可以砍价！可以砍价！！！
3⃣不要坐小三轮！颠屁股就算了，价格不划算！
4⃣避雷喜洲古镇的小三轮！是给每个打卡点输送游客引导xf的！喜洲古镇要步行才能体会到里面的烟火气松弛感！
5⃣避雷理想邦！非常人工化的景点！超多旅行团！
6⃣心邸咖啡只适合想拍照打卡的姐妹，看风景、慢节奏的不适合！要排队，且限时。
推荐tips
1⃣大理值得玩！且只有海西，海东没什么乐趣，有的话也只有文笔村，可以看日落！
2⃣如果要选择一个古镇就选喜洲古镇，且只有喜洲古镇还保留了白族文化，没有被商业化，里面大多数店面都是本地人开的，很有特色！
3⃣一定、一定要留给喜洲古镇一整个下午细细感受这里，白族民居、转角楼、插的马车，随处都是美景！
4⃣喜欢安静的，离海近就住在龙龛码头、才村，早上起来步行去看日出，磻溪也可以，但是距离大理古城有一段距离；离苍山近就住在上末村，很安静，离索道很近。
5⃣大理打车很方便，但海西去海东会比较贵，可以买个观光巴士的一日票或看需求买三日畅游票。
6⃣想沿洱海看海又不会骑电动车，可以坐海边的观光车且只能坐观光车，其他车不能在海边行驶。
7⃣1-2月，大理主要是晴天为主，风🎏超大，天气干燥，必要带个帽子，不然吹脑壳都疼，也要多补水，注意防晒
👉其他时间可以乘船欣赏洱海风光，时间充足的话一定要去沙溪古镇，还没有被商业化的古镇，很惬意很休闲！
一定、一定要敬畏大理的太阳！防晒别偷懒！尤其女孩子！紫外线真的很强！！！（别问我怎么知道的🥹）
Tips:对啦，在这真的要蟹蟹我领队圆梦大使！帮我不少忙，有机会，咱们真的还会再见的！🥰大理我们下次再见！
#假期去哪玩 #云南旅游攻略 #云南旅游 #避开高峰期旅游 #云南 #云南游 #旅游的意义就是随性 #全是年轻人的旅行",19,15,1,https://www.xiaohongshu.com/explore/67bbeaf60000000003029c7c?xsec_token=ABpIqEzr-y12t7sVl2ojTwxkiQ3OEQBxJTK-4S9WzUiYA=&xsec_source=pc_search&source=web_explore_feed,https://sns-webpic-qc.xhscdn.com/202502281929/27ee754c60d2b2726c9a1562f13d13d1/1040g00831e805rn7gu605pin5m73cro757pka1g!nd_dft_wlteh_webp_3,天空艺灵,,
✅云南旅游必带物品＋高反清单 👋看完再去,"在去云南旅行之前，我也在小红书上提前了解了云南的情况，然后买了一堆东西。旅行过程中发现有些东西根本用不到，结果带了一堆过去，又拎着一堆回来，实属有点心累，尤其是香格里拉这种高海拔的地方，宝子们一定要做好准备啊！😖 我这次去云南之前，也是超级担心高反的问题，熬夜整理了这份旅行清单，一定要收藏好！！
	
我来总结一下我觉得需要的物品：
1️⃣高原安
这个我是在去的当天开始吃的，到了香格里拉晚上爬龟山转经筒的时候，虽然有点喘，但是完全没觉得不舒服。而且这个高原安不用提前吃，西藏本土品牌，超级方便！像我这次还来生理期了，也不用避开，后面到德钦飞来寺，途中经过白马雪山附近海拔4000米左右，心跳有点快，但是到了雾浓顶就好了，也可能是看到卡瓦格博有点激动。然后到翻红拉山，出芒康到如美，过觉巴山东达山，最高5310垭口，一路开车都没问题！👍
2️⃣晕车贴
这个就不用多说了，晕车的宝子必备！🚗
3️⃣999感冒灵
以防万一感冒了，这个还是得备着。🤧
4️⃣葡萄糖
这个可以补充能量，我试过了，真的挺有效果的！
	
🌟洗护
所以物品尽量带小瓶装：
1. 水、精华、面霜、眼霜✅
2.面膜每天一片✅
3.润唇膏✅
4.洗发水、护发素✅
5.防晒霜、防晒喷雾✅
6.化妆品✅
7.卸妆油或水✅
	
🌟衣物
1.一次性内裤✅
2.一次性袜子✅
3. 防晒帽✅
4. 防晒衣✅
5.防晒口罩✅
6.一套冲锋衣带内胆✅
7. 一件薄外套✅
8. 两套厚衣服✅
	
⚠️去高海拔的地方出发前和抵达高原后做到以下几点：
1️⃣好的心态，乐观积极，疯狂给自己心理暗示不会高反
2️⃣出发前一周禁止剧烈运动，保持良好作息和健康身体，切勿带病上高原
3️⃣准备一个500ml的保温水壶，去到高原多喝水!多喝热水
#高反怎么缓解和适应 #高反药物推荐 #高反头疼怎么缓解 #高反怎么预防 #预防高反吃什么药 #高原安有用吗 #高原安",348,296,15,https://www.xiaohongshu.com/explore/6787842b000000001602dd0f?xsec_token=ABs261qendx_HRuSccvMjgPS3trtVBj1gkOli5h6bvkX8=&xsec_source=pc_search&source=web_explore_feed,,小小陈的日记,,
我发现云南旅游高反的人都有这些特性……,"刚从云南旅行归来，这次同行的小伙伴从丽江辗转到香格里拉，陆陆续续出现了高原反应。着实没想到，在云南高反的状况会如此明显，毕竟香格里拉和玉龙雪山的平均海拔都在三千米以上，稍有不慎就容易中招！❌❌🕳️
-
❌❌❤️🌸易高反人群特征
高原反应，并非取决于身体强壮与否，而是与身体的适应调节能力息息相关。
1️⃣新陈代谢旺盛者：部分男性以及肥胖人群，新陈代谢相对旺盛，更容易出现高反。
2️⃣氧化代谢功能不足者：老年人的氧化代谢功能有所下降，也属于易高反人群。
🙏🏻🙏🏻一般而言，在适应高反的能力上，存在这样的规律：女性强于男性；身材矮小者优于身材高大者；体型消瘦者胜过肥胖者；年轻人比年长者更具优势。
-
⚠️⚠️缓解高反的有效办法👇🏻
1️⃣准备高热量食物：随身携带巧克力、可乐、糖等，这些高热量食物能及时补充能量，有助于缓解高反。
2️⃣提前预防：提前一周左右服用角鲨烯，它能有效预防高反，提高血氧含量；同时搭配葡萄糖，补充身体所需能量。
3️⃣及时吸氧：当出现高反症状时，吸氧能快速补充氧气，缓解不适。
-
⚠️⚠️云南之行注意事项
1. 防晒补水：云南气候干燥，务必做好防晒措施，同时及时补水，保持身体水分平衡。
2. 特殊人群谨慎前往：有心冠病史或者正处于感冒状态的朋友，不建议前往玉龙雪山和香格里拉，以免加重身体负担。
3. 提前预防高反：玉龙雪山和香格里拉海拔较高，高反风险大，一定要提前做好预防工作。
4. 行为禁忌：在雪山游玩时，切勿激动蹦跳，刚到云南的前几天，尽量不要洗头洗澡，避免因身体不适引发高反。
-
——
每个人的体质和症状都不一样🔥，以上只是大多数人会出现的症状。
	
许多小伙伴担心当地交通不熟、住宿踩雷，或是没时间详细策划、预算不好把控。没关系，只需告知人数和预算。2人起订有活动，私❤️我人数➕天数➕日期，24小时在线。2-8人小团或者云南定制@昆明熙晨旅行
	
1️⃣24小时接机服务
2️⃣签国家旅游局颁发电子合同买保险
3️⃣纯玩无购物写进电子合同
4️⃣行程附进电子合同
5️⃣定金随时可退
6️⃣可到线下实体店考察
——
	
#云南旅游攻略 #云南旅游定制 #云南旅游 #云南旅游避坑 #云南 #马来西亚人游云南 #新加坡 #云南 #大理 #丽江",160,128,106,https://www.xiaohongshu.com/explore/679db0cb00000000290196c9?xsec_token=ABbCWQELYpUIO2h2XGn1zhuh_-aza196YEuRfM02Jw4iE=&xsec_source=pc_search&source=web_explore_feed,https://sns-webpic-qc.xhscdn.com/202502281930/81e9650d3cc8e02649183157cc6b7efe/1040g2sg31dbm2dbb0kdg5nqn8g5g912kodphiag!nd_dft_wlteh_webp_3,昆明熙晨旅行,,
云南旅游骗局，满满8页全是血泪总结！,"第一次和朋友去云南旅游没怎么做攻略，结果踩了好多坑！回来两个人都emo了！于是马不停蹄的整理了这份超详细的云南景点避坑指南，希望能够帮助到第一次去云南旅游的朋友们！
#云南旅游攻略 #云南旅游 #云南 #云南避坑指南 #旅游不踩坑 #避坑指南 #丽江 #大理 #玉龙雪山 #丽江古城",4,2,评论,https://www.xiaohongshu.com/explore/67a87781000000001800546b?xsec_token=ABXjKjMT2IoFj1Pi0MV9ckNqavqnx8N34ch3YmRDV5FeM=&xsec_source=pc_search&source=web_explore_feed,,花椰菜炒肉,,
大理已回！真心想提醒冬季来大理的姐妹👭,"马上寒假来大理的人真的狠多，大家出行的时候注意做好攻略，少踩坑🕳️
还有有些旅游的注意事项一定要提前了解一下✅
我把来大理需要注意的事项都整理在这篇攻略里面了✍🏻
希望大家来大理都能玩的开心🌟
.
🚫大理游玩不建议做的事
⚠️不要晴天租敞篷车环洱海
⚠️不要游洱海不做防晒
⚠️不要租电动车环整圈洱海
⚠️不要相信路边招租车的
⚠️不要一次性买很多烤乳扇
⚠️不要买超过40💰的披肩
⚠️不要去大理蝴蝶泉
⚠️不要去网红拍摄基地拍照
⚠️不要买路边卖的红色“水晶梅”
.
🎒穿搭建议这样带
🧚衣物:
带一件厚外套(早晚温差大，能派上用场)。长袖、长裤、各两套，再来两条长半裙和一条连衣长裙。
爱拍照的姐妹，到了古城再买民族风的吊带小裙子，款式多到让你眼花缭乱!别忘了选条披肩和草编包或者帽子，大概20到25💰
.
🧚鞋子:
准备三双鞋，一双平底鞋，两双舒服的运动鞋。高跟鞋就别带了，古城的青石板路会让你崩溃!要是去玉龙雪山，记得带上冲锋衣
.
✅大理游玩建议做的事
1、说真的是天气干燥至极的，每天早上起来都会觉得口干得厉害，一锭要多多喝水才行，每天晚上务必要敷面膜，做好护肤!
2、防晒工作一定要做好做到位，阴天紫外线也很强
3、建议先看好天气，选晴天来，天气好的时候景色真的好美，但阴雨天景色就不太好了，雾蒙蒙的
4、大理古镇强烈建议晚上去逛，白天看着中规中矩的，要晚上去看才好看，可以上五华楼，俯瞰大理古城，拍照也很出片!
5、大理环一圈洱海，基本所有景点都能玩到:花海，湿地公园，才村，海舌公园，喜洲，双廊白桌椅，天空之境等，各种网红拍照地都在洱海边
·
#云南旅游攻略 #大理 #洱海 #云南游 #大理旅行 #大理古城 #云南旅游 #大理洱海 #双廊 #喜洲古镇||#徒步经典",51,79,1,https://www.xiaohongshu.com/explore/675ac480000000000603c2e3?xsec_token=AB40FcSNoAPzLMDz4aetpfMql2dDIwscGvZ49pKKCu9Zk=&xsec_source=pc_search&source=web_explore_feed,https://sns-webpic-qc.xhscdn.com/202502281930/a565c559659fe250296afa289e1992f8/1040g00831baan9op7e005pj1d41gu92idslhe20!nd_dft_wlteh_webp_3,芝士椰椰🥥,,
大理避坑指南｜本地人含泪整理！第一次来,"📌 【本地人碎碎念】
	
1️⃣ 买银器茶叶去周城！古城店铺溢价300%！
2️⃣ 酒吧先看价目表！一杯“风花雪月”卖60元？超市买瓶装才8元！
3️⃣ 早晚温差极大！裙子外面套羽绒服才是正确打开方式！
4️⃣ 别带行李箱逛古城！石板路轮子分分钟报废！
5️⃣ 所有消费先问价！尤其骑马、采耳等流动项目！
---
📍总结：大理的美值得慢慢感受！避开这些坑，你一定会爱上这里的苍山洱海～
（P.S. 迷路时大胆问白族阿孃！她们凶凶但热心！）
	
#大理旅行 #云南旅游避坑 #洱海骑行 #本地人推荐 #旅行攻略",2,1,评论,https://www.xiaohongshu.com/explore/67b00a0e0000000029019fc2?xsec_token=ABejasOV8JGYUjV6KI1Ml43An44yBz5MtlkJnzZv__O0A=&xsec_source=pc_search&source=web_explore_feed,https://sns-webpic-qc.xhscdn.com/202502281930/d0c89b6fb24bcbdfba5fec4353b0678a/1040g2sg31dtjf31og8705n8u094k8l88acejdgg!nd_dft_wlteh_webp_3,迷人的诺基,,
📍大理已回真的好崩溃😭能帮一个是一个,"大理真的好好玩！！家人们！！！但是我真的气晕了，好多坑！！熬夜给大家整理的大理详细的旅游攻略，不希望再有姐妹们跟我们一样踩雷了！！！
.
🚫避坑秘籍来啦！
1⃣ 网上那些一天海西一天海东的行程表，别看！大理不是打卡机，这么赶真的累成狗🐶！挑几个心头好，深度游，那才叫一个惬意~
2⃣ 电动车环洱海？别逗了！洱海大着呢，骑电动车？晒成小黑人不说，半道上没电，想哭的心都有了😢。
3⃣ 喜洲古镇的小三轮，快跑！那就是个游客输送器，专坑钱💰！想感受古镇的烟火气，走着瞧，慢慢来！
4⃣ 圣托里尼理想邦？算了算了，人工味儿太重，旅游大巴一辆接一辆，想拍美照？得花钱💸！
5⃣ 心邸咖啡？拍照党才去，想静静喝杯咖啡看看景？排队、付费、限时，心累！
.
🌈贴心小提示get√
1⃣ 大理好玩的地方，海西就够了，海东？除了文笔村的日落，没啥大不了的🌅。
2⃣ 古镇里，喜洲才是真爱！白族文化浓浓的，店铺都是本地大佬开的，地道！
3⃣ 喜洲古镇，记得预留整个下午，稻田小火车，治愈系满满，超值！
4⃣ 住宿？龙龛码头、才村，离海近，早起看日出，美哉！或者上末村，苍山脚下，静悄悄，索道也方便。
5⃣ 大理打车不心疼，海西到海东？有点小贵，观光巴士一日票或三日票，值得拥有！
6⃣ 大理的太阳，毒得很！防晒别偷懒，尤其是咱们女孩子，晒黑了哭的还是自己😭。
7⃣ 再说一遍，喜洲古镇，小三轮，绕道走！步行才是王道！
.
⚠实用小建议
①民宿客栈一定要看环境再选，如果觉得环境不好就赶紧退，没必要逗留~
②吃饭不要去网红馆子，尤其是某众点评高的那种，很多评论啥的一看就是刷出来的~
③不要去外地口音的商家
④防晒要做到位，千万不要大意，不然会后悔~
⑤一定不要坐黑车（说一万遍）
🎉 PS：因为云南板块大，景点比较分散🤷 来回跑还是挺折腾的💨 首次来云南的小伙伴，不熟悉路况，云南部分地区信号还不好，导航失灵，可以找一个靠谱当地小.団，吃住行全包，省心省力（我这只是一个建议，具体的还是要看自己意愿）毕竟规划旅游路线这种专业的事，还是交给专业的人做好✌✌
图文来源于@云南国彩旅游  已获得授权，不涉及任何搬运、抄袭等行为，请不要误判哦，谢谢🙏
#记录吧就现在 #云南 #旅游不踩坑 #云南旅游 #云南旅游攻略 #云南游 #云南美食 #一个人去云南 #去有风的地方旅行 #旅行体验师",522,334,43,https://www.xiaohongshu.com/explore/67ba7fe70000000003029e3b?xsec_token=AB1bGgo0aDuhJBGFe3mpgGj38APY8Doaos1z5ILShsf1k=&xsec_source=pc_search&source=web_explore_feed,https://sns-webpic-qc.xhscdn.com/202502281930/950767e91437b291835912f40226224d/1040g00831e7qbelp0k6g5pqdevfndhhr1rcjsig!nd_dft_wlteh_webp_3,喵喵的妙妙,,
大理旅行交通工具详细攻略，请认真阅读收藏,"最近大理淡季了。很多人选择来大理玩，但是对于没有自驾不想租车对大理交通工具不知道该怎么选择，今天这篇帖子就告诉大家，如何更快更方便的选择交通工具。
	
高铁站到达大理后，出站就可以看到很多工作人员手举着去大理古城的牌子，5元一人，是大巴车，大概30分钟就可以到达大理古城，车上有工作人员讲解大理旅行的路线以及要避免的坑，一定要认真听。
	
到达古城后，可以根据民宿酒店的位置选择打车去或者坐公交，建议不要住在古城，因为商业街氛围感很重，晚上很吵。
	
洱海分为西海和东海，喜欢环湖骑行看日出的选择在西海，也就是才村码头 龙龛码头附近，网红S弯也在这边，喜洲古镇也在这边。
	
乘坐大巴到达大理古城后，车站就有直接去才村码头的小巴车，每小时发一辆车，这个要比公交快一点，选择住在才村或者龙龛码头的可以选择。
	
最近大理属于淡季，民宿酒店的价格普遍在100元之内，可以在网上订好，如果计划住好几天的可以线下跟老板讲价格。
	
喜洲古镇 双廊古镇的大巴车也在大理古城旁边的车站坐车，大家可以在游大理的小程序上面查看发车时间和地点，不想坐车的也可以选择骑行，大理租电动车的价格大概在40～60元，从大理古城 才村 龙龛码头骑行到喜洲古镇，时间大概在2个小时，选择租一辆续航80公里车就可。
	
注意：骑行一定要注意防晒，手和脸都要做好，要不然晒一天晚上就变红了，又红又痒。
	
洱海骑行，外面的电动车是不能进入洱海的，只能停在外面，可以选择洱海里面的共享单车，有单车，电动车，还有双人以及三人的带棚车，摩托车等等，非常方便。价格大概在每小时15元左右。#大理旅行 #大理旅行攻略",154,177,8,https://www.xiaohongshu.com/explore/66d90a58000000001e019b4a?xsec_token=ABeBnxWOlxLBCpVftpRfgCSiGbFZ4s_Wy_5hhNx9JFlfs=&xsec_source=pc_search&source=web_explore_feed,https://sns-webpic-qc.xhscdn.com/202502281930/a34c8caea36c8d27119c53c3feec6010/1040g008317bko7q70o5g5p0ufpdkca53mgukcso!nd_dft_wlteh_webp_3,去有风的地方,,
云南旅游回来了，emo一周，被坑惨了😢,"跟姐妹们谈谈心，说点云南的大实话，虽然难听，但是这就是云南现状
云南不愧是今年的旅游必去打卡地，来的人是真的多……
不过还是有被美景治愈到了~
去之前做好了心里准备可能会踩坑，但是真的踩坑了还是不开心😪
总结了一下坑，给姐妹们避雷吧
.
1⃣不懂行情不要买玉，如果想带点什么回去的话可以选择零食，帽子冰箱贴之类的，小玩意。玉的水太深，别碰
2⃣不要购买超过 40r的民族披肩，披肩成本低，但景区里售价高,购买一定要讲价，最好自己提前买好
3⃣云南吃烦尽量不要去景区，藏在巷子里做本地人生意的餐馆才是宝藏店，烤全羊一定要提前预约哦
4⃣住宿蕞好是订在交通比较方便的地方，蕞好是市区，都比较方便。
5⃣云南不建议自驾，景点与景点之间动辄500公里限速巨多，不小心就会违章，如果自驾的话一定要注意提前下好地图，避免迷路
6⃣云南景点距离很远，会住在景区附近的城市，每天晚上都会更换酒店，退房时一定检查好物品
.
⚠实用小建议来了:
1⃣ 不要相信丽江古城的“艳遇”，十有八九是酒托
2⃣ 一锭要带件冲锋衣或厚一点的衣服，这边不紧早晚温差大，而且山上山下温差也大!!
3⃣ 云南紫外线很强，一锭要选高倍数的防晒， 冬天也不例外，手指缝也要抹到，冬季爬玉龙雪山要带上墨镜，防止雪盲
4⃣ 不要经常喝云南的水，云南的水偏碱性，外地人喝容易便秘，建议荬矿泉水喝
5⃣ 云南比较干燥，不建议带隐形眼镜，而且一些地方，冲洗不是很方便，如果要带建议戴日抛
.
💗去云南建议做的事
1⃣云南旅游景点与景点之间路程远，旅游出发可以带些小零食
2⃣去云南各种各样美丽的裙子建议多带，记得带件防晒服，拍照的时候脱掉就好
3⃣建议带一把晴雨两用伞，这样的话既能遮阳也能挡雨
.
🚗出行方式
⚠最后说一下，大家如果不想自由行，那你们找团的时候一定要擦亮眼睛找靠谱的👀说实话，跟团确实比自由行方便，我是跟tuan去玩🉐也是多方面对比发现这家宝藏小tuan，是可以放心告诉大家，我们没踩lei!领队小姐姐，给我们安排好了一切😊(其中包括了吃住酒店门票)，小姐姐真的帮我们省去了很多麻烦，我也没接什么旅游广，都是个人体验，发出来也希望你们看到能及时避keng❗ 而且吧我这点粉丝量人家都不屑找我吧🤣🤣#云南丽江 #云南游 #云南跟团旅游 #云南大理 #云南自驾游 #云南自由行 #一个人去云南",229,166,40,https://www.xiaohongshu.com/explore/6752798e000000000800601b?xsec_token=ABpTu685bdHpAGmpNSiy3kwAMFLrYjvO7gWsx2iCCT1KM=&xsec_source=pc_search&source=web_explore_feed,https://sns-webpic-qc.xhscdn.com/202502281930/4114e56a50f4629e52513b01c86fe65a/1040g2sg31b27iksd7ed05p5d8qppeltlc5jsjm0!nd_dft_wlteh_webp_3,不在,,
去了大理5次，真的被恶心到了💔,"12-1月准备去大理的姐妹看过来👀大理游玩真要注意了去了5次大理⚠️熬夜整理的一份大理旅游攻略㊙️涵盖注意事项、交通、住宿、美食等都在图文中请查收！赶紧来🐴住啦❗️
-
✅大理天气穿搭
✔️12月天气： [12°C- 18°C]
✔️穿搭建议：白天建议穿棉麻面料的T恤衫、牛仔衫裤、休闲服等，夜间建议穿套装、大衣、风衣、休闲装、夹克衫、羽绒服、薄毛衣等保暖衣服
-
🌄洱海看日出的地方
1⃣️下波湖村(小S湾)：这是个静谧又浪漫的地方，网红s湾平替，人少，附近住宿看日出首选
2⃣️才村：导航大理屿月设计师民宿，不要导航到才村码头，需要走很远，古城打车建议didi，高得会绕行
3⃣️才村码头：有海鸥和石头，浪漫至极我们抵达较晚，大块石头上都坐了人，想拍岸边的需要提前15分钟以上
4⃣️才村湿地公园：可以拍到粉色的苍山和倒影，岸边适合拍照
5⃣️心邸咖啡：透过云层的耶稣光，渐变多层的紫霞，没有排队的网红拍照，没有人追着售卖，静享整个日出
6⃣️崇邑村：导航月满西楼客栈，路边可免费P停车，下车后往前走100m就是洱海了
-
🌇洱海看日落的地方
1⃣️海舌生态公园：导航夫妻树，开放，每天限200人现场预约
2⃣️龙龛码头，皤溪镇S湾：人多，不忒荐
3⃣️双廊古镇：苍海风光D一镇，在双廊找一个环境好的咖啡店或海景民宿看日落绝对是一大享受
4⃣️文笔村：虽然文笔村的彩虹路一再被吐槽，但是日落时段去，苍山背光但朦胧深邃，洱海湛蓝，城市金黄，色调氛围
-
📋环洱海注意事项
⭕️顺时针环海方便随时停车拍照，傍晚可以迎着夕阳开
⭕️来洱海一锭要来海西生态廊道，景色很美
⭕️整个海西生态廊道都非常美，随便拍照都很出片
⭕️生态廊道里共享单车可以随便停放，建议骑自行车
-
❤️景点游玩tips
1⃣️双廊花海位于洱海边，是一片绚烂花海，景色美不胜收，很适合拍照，在这等待日落也是一种独特的享受
2⃣️在海西，一锭要打卡三圣岛和沙村洱海生态廊道，视野开阔无比，还有海舌公园，拍照超级美
3⃣️双廊古镇和其他古镇差不多，不过它与洱海的距离极近，在古镇中找一家海边的咖啡店或者餐厅，一边品尝美食饮品，一边尽情欣赏洱海的美景
4⃣️龙龛码头的湖中水杉别具特色，通向洱海的小路宁静而美好，如果遇上好天气，还能欣赏到绝美的日落景色
#云南 #云南旅游 #大理 #大理古城 #大理旅居 #大理旅游 #大理古城美食 #洱海 #洱海拍照 #大理洱海",66,74,评论,https://www.xiaohongshu.com/explore/6749b89c0000000008005253?xsec_token=ABh4UoddXqFgoYQxo7i7JVOKYt1LOkRcJaW7UUpAhETdU=&xsec_source=pc_search&source=web_explore_feed,https://sns-webpic-qc.xhscdn.com/202502281930/ec15ae9fd6ff8f46d48a1d7a609ed0d9/1040g2sg31apm0teimqdg5pjrh712u2a8u0ttb8o!nd_dft_wlteh_webp_3,不想改名字,,
真心提醒2-3🈷️去大理的姐妹👭！,"2-3月以及之后如果想要来去大理的姐妹们👭，可以看看这份攻路噢！！作为来了去了大理 5次的亲身经历，给大家整理了一份很实用的大理旅游攻路，希望可以帮到大家💖，
～
🧳来大理穿什么❓
🌤️2-3月天气：6°C~19°C左右
👔穿搭：这个时候天气会比较冷，要穿加绒保暖衣、厚卫衣、长裤、羽绒服/厚棉服、围巾、手套
～
大理打卡地点❗️
📍去龙龛码头看一回日出🌅
📍去双廊古鎮看一次黄昏🌇
📍去打卡大理蕞美公路🛣️
📍去文笔村感受彩虹公路和天空之境
📍去喜洲古镇观赏一下白族民居和田园风光，可打卡喜洲麦田🌾
～
大理美食：😋
🌶️烤乳扇：浓郁的奶酪味，又有些许点咸香
🌶️豌豆粉;酸辣带点甜，很开胃
🌶️酸辣鱼：用酸木瓜来煮鱼，独特的
🌶️口感鲜花饼;玫瑰花馅的好吃，又酥又香甜
🌶️破酥耙耙：甜的咸的都好吃
🌶️手揉饵块：大米揉捏制成，刷上酱料，铺上士豆
🌶️耙肉饵丝;肉炖耙糯，饵丝筋润
🌶️白族生皮;趁新鲜将火烧猪肉分切成薄片或丝状，并配上特制的“醸水”醸食
#旅游攻略 #云南游 #云南旅游攻略 #一生总要去一次的地方 #旅游不踩坑 #攻略 #大理#大理旅行 #大理洱海 #大理",275,233,5,https://www.xiaohongshu.com/explore/67ac67e400000000170393a2?xsec_token=ABCQHmElveJ9I-9wv4Le4f3V0earW5UMoaWisPGE2Fw-Y=&xsec_source=pc_search&source=web_explore_feed,https://sns-webpic-qc.xhscdn.com/202502281930/deaed1cf14d0ebd9142743976ac87f5f/1040g2sg31dq1tkp310705pkr1aj94148vl9jb9o!nd_dft_wlteh_webp_3,阿妹旅行记,,
去云南旅游的血泪教训，真的不要带...,"奉劝大家去云南能不带包就不带包！😭因为各个景点都排满了人！带的东西多了，加上不认识路，大多数景点寄存处都没有，即使是有寄存处的，位置也难找，找到了又得排队，太耽误游玩和时间了！！所以建议姐妹们尽量轻装上阵
-
🌈推荐tips
1、大理值得玩！且只有海西，海东没什么乐趣，有的话也只有文笔村，可以看日落！
2、大理古城人民路下段小吃店很多宝藏店铺，正餐可以去试试菌菇火锅，超鲜！
3、千万别买蓝白相间的披肩，掉色严重，我的包包和裙子都被染了。
4、洱海的话，个人觉得从龙龛码头骑行到廊桥，一路上都会被阳光温暖着，确实比较治愈
5、洱海和裙子适配度很高！如果穿个白裙子会更好看，我们去的那天天气特别好，水里面倒映的都是蓝天白云，花10块钱租一辆小自行车，可以环海骑行，建议选一段骑行就好，要不然会很累哦
6、一定、一定要留给喜洲古镇一整个下午细细感受这里，可以感受稻田的治愈，坐一轮稻田小火车，它很值得！
7、想买包包就去大理古城南门菜市场，价格比外面便宜一半。
-
✅其余小建议
1⃣羽绒服：必带，早晚温差大，真能保命。
2⃣防晒霜：SPF50+++的防晒带2瓶，车上要放一瓶，不建议喷雾的，一是不方便在车里补，二是容易有防晒漏洞，三是车辆有可能会被暴晒不安全。
3⃣帽子：一定要不透光的宽檐防晒帽，最好是前可以遮住脸，后可以遮住脖子，类似于那种养蜂人的帽子
4⃣墨镜：太阳真的会晃到眼睛疼的程度！近视的宝宝建议买含度数的墨镜
5⃣身体乳：每天晚上都要涂身体乳！做好晒后修复！云南真的很干！
-
不管是自由行还是跟团，都要提前规划好路线。我这次玩了云南好几个城市，行程里包含了景点和美食，住的地方是我超爱的森系复古风，二楼大露台和玻璃窗视野超棒，拍照很出片，一路纯玩打卡了好多小众景点。打算去云南的宝子可以参考参考，有问题随时问我。 #云南旅游推荐    #云南跟团旅游   #云南游   #云南   #云南跟团游   #云南大理   #云南丽江  #大理美食   #大理   #大理旅行 @薯队长",22,21,2,https://www.xiaohongshu.com/explore/67adc57400000000180088a0?xsec_token=ABvoYsqKFndENxit8jt5r_UAe67jbtW1lUtUlYN6lsiis=&xsec_source=pc_search&source=web_explore_feed,https://sns-webpic-qc.xhscdn.com/202502281930/157d6c7457f4c8a06d93f8bdc5ab97f3/notes_pre_post/1040g3k831drcgf00gm705osc6vi7rfs6bi9qb40!nd_dft_wlteh_webp_3,🦦,,
讲真的🙏12月-1月没做好攻略先别去云南！,"12-2月是去云南的最佳时机！🌟 人少，天气舒适，景色美，拍照出片感十足！📸 不过，如果没有做足攻略，旅行过程中容易踩到坑哦~ 以下是我总结的云南避雷指南，姐妹们快收好！⚠️
-
👗 穿搭建议：舒适又实用！
推荐穿搭：衬衫、连衣裙、长裤、外套、运动鞋，轻松又有型！🥿
小贴士：云南天气多变，带些可叠加的衣服最实用！虽然古城有卖衣服，但每个人需求不同，自己准备好就不怕“找不到合适的”了！😅
-
☑ 云南景点合集：这些你绝不能错过！🌍
昆明：滇池、石林、昆明老街、官渡古镇
大理：大理古城、洱海、南诏风情岛、双廊古镇
丽江：丽江古城、玉龙雪山、蓝月谷、拉市海
香格里拉：虎跳峡、纳帕海、普达措、梅里雪山
西双版纳：中科植物园、野象谷、曼听公园
-
⚠️ 注意事项：旅行更顺利，避开这些坑！🚫
坑1：12月和1月，记得带冲锋衣，羽绒服！❄️ 云南这几天温度有点低，有点冷！
坑2：紫外线强！虽然是冬季🌞 但还是要记得涂防晒，戴上帽子、墨镜！别让阳光“黑”了你！
坑3：不懂玉石和宝石的，别随便买！💎 云南的玉石水很深，最好选择正规渠道。
坑4：节假日酒店要提前预定🏨，不然价格飙升，尤其是热门景点附近！
坑5：#玉龙雪山门票要提前预约！🚠 不然排队等票真的太浪费时间！
坑6：下午去洱海还是有点晒🌞，尽量避开正午到下午的高温时段。
坑7：景点不要安排太多，合理规划时间⏰，避免一天内过度奔波，影响体验。
坑8：机场门口的黑车不安全🚫，尽量选择正规交通方式，不要被宰！
#云南旅游推荐 #云南旅游攻略 #云南自由行 #云南注意事项",87,59,3,https://www.xiaohongshu.com/explore/67628617000000000900efee?xsec_token=ABTLEWlCKom1bpN_eOUvImu7c_kqsfGTMej7ZGpXo1-XA=&xsec_source=pc_search&source=web_explore_feed,https://sns-webpic-qc.xhscdn.com/202502281930/f30d18aa0c0a0aa455710787cfe3c3bd/1040g2sg31bht3k2v0u705pobdan7ech90o94090!nd_dft_wlteh_webp_3,抹茶呀,,
这就是大理现状❗❗后悔来了😭听一句劝,"大理洱海租车真的太keng了！人多不说，有些车还不能随时还，得原路返回，挺浪费时间的！回来后熬夜整理了这一趟大理旅游分享给大家，可以及时避避雷！
-
⚠️环洱海注意事项
1⃣️不建议一天时间环整个洱海，洱海适合慢悠闲走
2⃣️顺时针环海方便随时停车拍照，傍晚可以迎着夕阳开
3⃣️来洱海一锭要来海西生态廊道，景色很美
4⃣️整个海西生态廊道都非常美，随便拍照都狠出片
5⃣️生态廊道里共享单车可以随便停放，建议骑自行车
-
🎒大理洱海环海装备
✔️戴那种有系绳、带帽檐的太阳帽，洱海风大，没系绳的帽子得一直用手抓着，没法骑车走路
✔️戴防晒口罩，普通口罩不透气，防晒口罩有点蹭妆，但透气，不会闷
✔️别忘了带护手霜!在洱海边骑了3小时车，手都干巴了，不带护手霜感觉手皮肤老得快
-
⭕️自驾游环洱海路线
💯环海西路线:
大理站→大理古城→凤阳邑村→嶓溪网红S湾→廊桥→喜洲古镇→周城扎染→双廊(晚上住在双廊)
💯环海东路线:
双廊民宿→鹿卧山→挖色码头→双廊古镇→双廊民宿→小普陀→文笔公路→理想邦→小圣托里尼→大理站
-
✅大理游玩建议
💕不要把行程安排得太满，放慢节奏感受这里的生活。
💕去大理旅游尽量穿平底鞋或休闲鞋，舒适轻便,适合外出行走。
💕来大理要先看好天气，同样的景色晴天、阴天和雨天看起来完全是两个样子。
💕喜洲古镇的麦田要去对时间，不建议现在去。
💕s湾人狠多，旺季简直无处下脚。如果想去海边看风景、拍照，可以在附近的海景，其实都是差不多的。
#大理 #大理旅游 #大理旅游攻略 #大理洱海 #苍山洱海 #大理古城 #云南",241,328,5,https://www.xiaohongshu.com/explore/67655296000000000800db45?xsec_token=ABkpQz6lNrNB6ai_l1sIYzQuraX6A-SnzLA2Nhn73RNkg=&xsec_source=pc_search&source=web_explore_feed,https://sns-webpic-qc.xhscdn.com/202502281930/75f5406d71c2124f97c9f3a2a6896c9a/1040g00831bkkial6106g5ph12jg1olhoqdhuoqo!nd_dft_wlteh_webp_3,池中🐟,,
