标题,内容,点赞,收藏,评论,笔记链接,图片链接,作者,keyword:洛阳 旅游 注意事项,2025年02月28日 19:36
去洛阳前听点不一样的大实话吧……,"感谢我的洛阳好朋友，知道我要去洛阳熬夜给我整理了洛阳旅游攻略，太感动了吧😭😭😭😭😭😭😭😭😭😭😭😭
#假期去哪玩 #洛阳  #洛阳旅行  #洛阳旅游  #洛阳攻略  #洛阳同城  #洛阳美食  #洛阳旅游攻略  #洛阳游玩  #河南洛阳",2050,1671,590,https://www.xiaohongshu.com/explore/67b1c5480000000017039ba0?xsec_token=ABSpgDXNrJAeumbDrYk7f21FFBLLysS_d0Z9TjvraTC0w=&xsec_source=pc_search&source=web_explore_feed,https://sns-webpic-qc.xhscdn.com/202502281936/37e7930274154a2bb6101c0ab613c13a/1040g2sg31dv9ie1h0m705pf875b19c3q8sv9ebg!nd_dft_wlteh_webp_3,yy去哪玩儿,,
来洛阳玩到底穿什么😭到底怎么玩‼️,"🌟洛阳！一眼千年的古都之旅❤️洛阳来了就不想走，物价太亲民了，人又很热情🎉后悔没有早点来了😭
~
✅洛阳旅游注意事项⚠️
1⃣️12-1月属于旅游淡季，很多景点有优惠政策，去哪个景点之前，可以先了解一下是否有优惠活动。
2⃣️目前气温已经越来越低!来洛阳之前一定要看好天气，带好厚衣服，羽绒服、保暖衣等，预防生病感冒!
3⃣️火车站外面有很多黑车，大家千万不要坐，都是专门坑外地人的，收费很乱，没有安全保障，不正规的住宿也不要住!
4⃣️洛阳博物馆要提前预约，一般提前3天，早上7点放票，洛阳的大部分博物馆都是免费的，免费但不免票。
5⃣️大河荟的《寻迹洛神赋》可以去打卡，以历史为轴线，用声光电结合的方式讲述了洛阳的神韵。
6⃣️洛邑古城这里白天没什么好玩的，就是一个后期建造的商业街，晚上可以来逛一逛，穿上汉服值得来打卡一圈。
7⃣️想去老君山的可以安排1天时间去打卡，一般放在洛阳行程的最后一天，毕竟爬山后都没有力气逛其他景点了。
8⃣️应天门广场有扮成孙悟空的卡通人物，大家不要合影打卡，合照是要收费的!
9⃣️应天门和明堂天堂一路相隔，两个景点都建议请讲解，不请讲解晚上拍拍夜景就好了，不建议购票参观。
1⃣️0⃣️洛阳的秋冬比较干燥，大家可以带上补水面膜这些，避免化妆会不服帖脱妆。
1⃣️1⃣️白马寺、白云山秋天去是最好的时候，这里的银杏红叶秋天都很美，拍照很出片!
1⃣️2⃣️龙门石窟+洛阳博物馆+白马寺是经典一日游，如果不是自驾的话，可以考虑跟个当地一日游的团。
-
❣️3日路线
Day1:白马寺→洛阳博物馆→龙门石窟
Day2:少林寺→寻迹洛神赋→应天门→洛邑古城
Day3:老君山→西工小街
-
❣️4日游路线
Day1:白马寺→洛阳博物馆→龙门石窟
Day2:白云山→丽景门→十字街
Day3:少林寺→寻迹洛神赋→应天门→洛邑古城
Day4:老君山→西工小街
-
❣️洛阳夜游推荐路线
应天门→明堂天堂→丽景门→十字街→洛邑古城#小众旅行地 #洛阳 #洛阳旅游 #洛阳旅游打卡 #洛阳旅游找小月 #老君山 #老君山一日游找小月 #洛阳旅游攻略 #洛阳攻略 #本地人做的攻略",697,712,36,https://www.xiaohongshu.com/explore/6771225a000000000800f327?xsec_token=ABiYz3JgEYVuxDvK4uc8kHyfhxuJO_6WtOXTgmk-qMH-0=&xsec_source=pc_search&source=web_explore_feed,https://sns-webpic-qc.xhscdn.com/202502281936/424d08792ccf89903a4c915c85429d74/1040g00831c05lojhgm005pfqhjr2pqk40fho9tg!nd_dft_wlteh_webp_3,爱旅游的小月🔥,,
洛阳旅游注意事项,#旅游攻略 #游玩攻略 #旅游推荐,6,3,评论,https://www.xiaohongshu.com/explore/672b47ca000000003c01d1a7?xsec_token=ABLkwFF8va6HAF9Oy9JzDb7BeCdjaVYBlQx0laDyOwP3w=&xsec_source=pc_search&source=web_explore_feed,https://sns-webpic-qc.xhscdn.com/202502281936/188cee10fa40f57732debb0d1e6e32b0/1040g008319ruo7rmna6g5n9afno4i3dppls1odg!nd_dft_wlteh_webp_3,洛城推荐官,,
刚从洛阳回来，幸好出发前看通知了😭,"洛阳炒鸡炒鸡好玩！宝子们！但窝尊嘟气晕，好多坑！熬夜给姐妹们整理了一份洛阳旅游攻略🗒不希望任何姐妹👭来洛阳旅游踩雷了😭
.
💁洛阳牡丹节时间： 4月8日~4月23日
🌸赏花时间：4月1日~5月5日
❣️注意: 3月底市区牡丹园的一些早花品种就会开放，4月10日左右是盛花期，各品种牡丹会竞相绽放，4月20日以后还有一些晚期品种盛开，可去国际牡丹园观赏
.
☑️洛阳交通
🚅火车站：洛阳站，位于市中心，可以乘坐地铁二号线
🚄高铁站：龙门站，洛龙区，有地铁二号线可以到达市区
🚌市区交通：公交，地铁，共享电车，出租车都很方便
🚕景区交通：老君山，白云山，龙潭大峡谷等远离市区的找一日游跟团
.
💐洛阳5天4晚路线规划
🔸Day1：全国出发-郑州集合
🔸Day2： 开封博物馆-木版年画制作体验-清明上河园
🔸Day3：黄河游览-四大名砚澄泥砚制作-少林寺-素斋品尝-学少林武功
🔸Day4：三彩小镇+DIY唐三彩-洛阳古墓博物馆-洛阳水席-龙门石窟
🔸Day5：郑州-河南博物院-行程结束
.
🚩洛阳景点攻略
☀️适合白天游玩的景区：
1️⃣龙门石窟：经历400余年的光阴，才形成了如今我们看到的如史诗般恢弘的石刻艺术
2️⃣白马寺：中国第壹古刹，历来被尊为中国佛教的“祖庭”和“释源”
3️⃣洛阳博物馆：虽然是个地市级博物馆，但是馆藏数量和质量可以媲美很多省级大馆
4️⃣洛阳古墓博物馆：虽然不大却很有特色
🌙适合晚上游玩的景区：
1️⃣应天门、天堂明堂，武则天登基称帝的地方
2️⃣洛邑古城：大型户外摄影棚、仿佛穿越回隋唐，适合唐装拍照打卡
3️⃣九洲池：皇.家花园，有表演，氛围还不错
4️⃣丽景门十字街：小时候记忆里的古城，小吃街跟全国的小吃街大同小异
.
图文@给你一下zi 已授权转载 别误判蟹蟹
#洛阳 #洛阳旅游 #洛阳旅游攻略 #洛阳旅行 #洛阳旅游注意事项 #老君山 #龙门石窟 #来中国就要这样玩 #chinatravel #一眼就心动的中国古建  #出发就是最好的计划 #硬控老外的中式旅行地",75,100,12,https://www.xiaohongshu.com/explore/67beb280000000002a000cfe?xsec_token=ABH-d8CWts8BUdFEXkDr7lihGh6z9fS3ME4jseZFCc2EM=&xsec_source=pc_search&source=web_explore_feed,https://sns-webpic-qc.xhscdn.com/202502281936/e6344fff617df00dee85df414ecb6d20/1040g00831ebth29o0e005pgp1jmguf597qd5a4g!nd_dft_wlteh_webp_3,生活鱼块,,
如果第一次来洛阳，那这些坑千万别踩……,"如果你第一次来洛阳，计划来应天门、明堂天堂、龙门石窟、白马寺、洛阳博物馆、洛阳古墓博物馆，那一定要看我这条视频！都是我踩过的坑，给大家总结出来啦~
﻿#00:13[时刻]# 洛阳博物馆：镇馆之宝﻿
﻿#00:19[时刻]# 洛阳博物馆：免费讲解+顺序﻿
﻿#00:26[时刻]# 洛阳古墓博物馆﻿
﻿#00:32[时刻]# 古墓博物馆最热门展厅﻿
﻿#00:42[时刻]# 景陵隐藏点﻿
﻿#00:48[时刻]# 应天门：全价票视野﻿
﻿#01:00[时刻]# 明堂天堂﻿
﻿#01:08[时刻]# 白马寺﻿
﻿#01:18[时刻]# 白马寺正确游览顺序﻿
﻿#01:26[时刻]# 四国寺庙：等于没必要﻿
﻿#01:32[时刻]# 白马寺必看：齐云塔﻿
﻿#01:37[时刻]# 白马寺——龙门石窟大巴﻿
﻿#01:46[时刻]# 龙门石窟游览顺序﻿
﻿#02:04[时刻]# 香山寺：俯瞰龙门石窟全景﻿
﻿#02:09[时刻]# 无上龙门，狠狠避雷！﻿
	
﻿#洛阳旅游﻿ ﻿#洛阳旅游攻略﻿ ﻿#洛阳避雷﻿ ﻿#龙门石窟﻿ ﻿#应天门﻿ ﻿#应天门阙楼﻿ ﻿#不为打卡的旅行﻿ ﻿#洛阳博物馆﻿ ﻿#洛阳旅行﻿ ﻿#洛阳无上龙门﻿",6068,5330,118,https://www.xiaohongshu.com/explore/675ad4f50000000002024b02?xsec_token=AB40FcSNoAPzLMDz4aetpfMtOdYTnWCf9TUwiVKrvX9gM=&xsec_source=pc_search&source=web_explore_feed,,路时一,,
1-3月来洛阳玩真的要听劝。。。已老实🙏,"#小众旅行地
洛阳真的好好玩！宝子们！但我真的气晕，好多坑！熬夜给姐妹们整理了一份洛阳旅游攻略🗒不希望任何姐妹来洛阳旅游踩雷了😭#洛阳 #洛阳旅游 #洛阳旅游攻略 #洛阳旅行 #洛阳旅游注意事项 #老君山 #龙门石窟",3335,2991,50,https://www.xiaohongshu.com/explore/678e23d9000000001800f077?xsec_token=ABhBqjvxPjLaYHtiNZQutPXCAPiIaL9mya3rbeAo5xKfs=&xsec_source=pc_search&source=web_explore_feed,https://sns-webpic-qc.xhscdn.com/202502281936/5b446bcb1cd49f06a71ea94d3e4628ec/1040g00831csg3onv0k6g5pfvn69hhspv262nbq8!nd_dft_wlteh_webp_3,洛阳优景旅行管家,,
在洛阳3天3晚怎么玩？这里给你答案,"3天3晚洛阳打卡最全版旅游攻略洛阳。
3天3晚洛阳打卡最全版旅游攻略洛阳，一直感觉不算大，然而我误区了😂，名景点太多了，3天3晚，终于算基本玩明白了.....
	
【交通攻略】
✈️机场：
✔️洛阳北郊机场：距离市区15公里左右，没有直达地铁
🚄火车站：
✔️龙门高铁站：地铁2号线可达，距离龙门石窟较近，5公里左右
✔️洛阳火车站：地铁2号线可达，市区位置
	
【住宿位置参考】丽景门地铁站附近
	
【游玩路线&交通】
▶️Day1：洛阳站→（地铁2号换1号丽景门站下步行200米）酒店→（9公里15分钟左右车程）古墓博物馆→（10公里15分钟左右车程）应天门→（700米步行10分钟左右）明堂天堂→（800米步行10分钟左右）九州池→（2公里5分钟左右车程）西工小街→（3公里7分钟左右车程）酒店
	
▶️Day2：酒店→（当地一日游团）老君山→酒店
	
▶️Day3：酒店→（58路白马寺下步行900米左右）白马寺→（12公里25分钟左右车程）隋唐运河博物馆→（1公里步行15分钟左右）洛邑古城→（1.2公里步行20分钟左右）十字街→（800米步行十分钟左右）丽景门→（600米步行10分钟左右）酒店
第四天可自嘻行安排，给出简单参考
Day4:少林寺➕龙门石窟，或者少林寺➕寻迹洛神赋
也可去二里头（最早的中国）华夏遗址博物馆……
图文授权@景远旅游
#景远旅游   #攻略 #洛阳旅行 #洛阳旅游 #洛阳旅游找景远旅游 #春节洛阳旅游 #洛阳 #洛阳旅行跟团游 #洛阳老君山报团 #洛阳人文景点",3478,2947,39,https://www.xiaohongshu.com/explore/679494090000000018010a58?xsec_token=ABqopgTeLm9AJYDX9Kp8GlwY9H5gqLZCOi6Um5yXCUVBg=&xsec_source=pc_search&source=web_explore_feed,https://sns-webpic-qc.xhscdn.com/202502281936/85ffad4cef36e120e2f36ad1a1ed323b/1040g2sg31d2pa1s90mdg5prbjl958hg6fr187co!nd_dft_wlteh_webp_3,春节洛阳游玩攻略,,
老君山刚回来，避雷！！！,"去老君山之前，建议你先看看这篇详细攻略|||🌟老君山离洛阳市区160多公里，高速都要两个多小时，交通并不是很方便。火车站门口有很多拉客的，说60r送到老君山，其实她们只能送到老君山大门口。大门口距离索道口还有七八公里，需要花20r坐景区小交通才能到里面。
✅✅✅✅✅
我们提前做了攻略，报了一日游的团，275r往返车费➕一级索道➕门票，比自己去要划算，老君山正常门票🎫100➕一级索道130➕车100➕景交40=370，所以交通并没有踩坑。
✅有时间的一定要工作日去，我们是周二去的，人少很多，没有人挤人的情况，索道3分钟就上去了，去的时间也没有踩坑。有时间的可以工作日去。
✅还有很重要的一点，就是天气☁️一定要晴天去晴天去，尤其是雨后的晴天，很可能看到云海！
⛰️⛰️⛰️⛰️⛰️
老君山爬山路线
坐一级索道到中天门——爬1.5h到十里画屏——十里画屏玩1.5小时——爬20分钟到金顶——下山坐一级索道总用时1.5小时
注意⚠️
⭕️老君山有两个索道，一个索道送到中天门，二级索道送到十里画屏入口。十里画屏和金顶是主要游览区域，精髓景点都在这里。
⭕️一级索道不坐需要爬4到5小时，一级索道必坐。二级索道不坐爬一个半小时，二级索道可以不坐。
⭕️十里画屏可以体验腾云栈道，比华山的还刺激，不过我们比较胆小，就没有体验。
⭕️去金顶有两条路，一个是绕十里画屏上去，一个是逆行直接走上去，建议走十里画屏，紧贴着山体修建的悬崖栈道，风景都在这里！
⭕️老君山上不止有金顶，是有一个道观群的，分为玉皇顶，亮宝台，金殿三大殿，看日落去西边的玉皇顶，看日出去东边的亮宝台。#老君山#洛阳老君山#洛阳旅行#五一旅行#旅行#洛阳旅行攻略",436,235,20,https://www.xiaohongshu.com/explore/6621ca49000000001c00bd92?xsec_token=ABO74HgzwxqrXKGW6gsSWpl6lm707ZtcECESNPbmiZbBo=&xsec_source=pc_search&source=web_explore_feed,https://sns-webpic-qc.xhscdn.com/202502281936/e4710c40343f297945c8525441b23414/1040g2sg311om5tlbgg005ntagqr08k9u878s770!nd_dft_wlteh_webp_3,河南旅行啊彪,,
超全 | 去洛阳就要这样玩‼️,"Day1️⃣
🚄天津——洛阳
16：18落地洛阳龙门站
打车26分钟前往酒店 休整
🚩应天门（开放时间：9点-22点  ）
门票：
全价票60元（学生、教师半价哦！12周岁以下儿童及60周岁以上老年人免票！！！）
（公众号<隋唐洛阳城>可预约免费票 超难抢 ）
不包含演出的哦！不同项目另行收费！
每周五、六、日晚上7点-7点20和8点-8点后20，会有人工降雪，氛围感超棒！超级适合换装，巨巨巨巨出片！美死了！
亮灯时间：18：30-22：30 ，建议早去！！！人超多！
Day2️⃣
爬山人的最爱！！
🚩老君山我来啦！
如果不是自驾，建议跟团！（跟团大概260💰左右，可以跟酒店咨询，当地很多这样的一日团！）
开放时间：24小时
索道运行时间：07:00—19:00（建议在18:30前下山，避免拥挤）
金顶亮灯时间：凌晨 03:30-4:30；傍晚7:30—8:00
白天（预计日落：19:10-19:30；夜晚 预计日出：05:30-06:00）
门票：全价100💰（学生、教师半价哦！12周岁以下儿童要看身高的，一米四以下免票！）
一级索道：往返130元（上70元，下65元）山脚下至半山腰 步行2.5h到达金顶
二级索道：往返80元（上45元，下40元）半山腰到十里画屏 步行1-2h到达金顶
索道上山时间：6:30-16:00（下午4点后就不能坐索道上山了）
索道最晚下山时间：19:30
金顶亮灯时间：18:50-19:30
综上：建议一日团！打车只能送到山脚下，跟团会更省心一点！并且，便宜！！！一日团包括：市区往返车费+门票+一级索道！很划算有没有！！
徒步爱好者，可全程爬山，大概5-6个小时，我不行，太冷了，哈哈哈
未完待续，哈哈哈
#洛阳 #洛阳旅行 #应天门 #古装拍照 #战国袍 #洛阳住宿 #老君山 #30岁的人生可以有多棒 #解锁新生活",23,34,4,https://www.xiaohongshu.com/explore/67625960000000000900feb8?xsec_token=ABTLEWlCKom1bpN_eOUvImu7DhxnggaaJrGr2I6gDCNLA=&xsec_source=pc_search&source=web_explore_feed,https://sns-webpic-qc.xhscdn.com/202502281936/7562589c6587a12ed0cd44b8124ea412/1040g00831bhnkr1s10004aee5q3d4mrb8t0vepo!nd_dft_wlteh_webp_3,脆甜乐芙球🍧,,
听劝👂2-3月来洛阳的姐妹请🐴住❗,2﹣3月计划来洛阳的姐妹👭🏻们，看看这份不交智商税的洛阳旅游攻略吧！超用心整理的❤，去洛阳前一定要看看❗️#洛阳 #洛阳旅行 #洛阳旅游攻略 #洛阳旅游 #洛阳美食 #洛阳汉服 #洛阳老君山 #龙门石窟 #小众旅游地 #本地人做的攻略,656,682,23,https://www.xiaohongshu.com/explore/67b5653d000000000900e39b?xsec_token=ABUG3PXM2rkDKZT301D-MHGB_h1WlC24Xw8TrHWvBxJIc=&xsec_source=pc_search&source=web_explore_feed,https://sns-webpic-qc.xhscdn.com/202502281937/7563350db7b79bbbce56093968307230/1040g2sg31e2qr82m10dg5pfvn69hhspvm51c1k8!nd_dft_wlteh_webp_3,洛阳优景旅行管家,,
千年古都的浪漫打卡地｜洛阳旅游必去景点,"✅ 龙门石窟
中国古代艺术的瑰宝，每一尊佛像都像在诉说一个传奇。特别是卢舍那大佛，真的震撼心灵！
🎫 门票：90元/人（学生半价）
🕒 游玩时长：2-4小时
🚍 交通：乘坐81路公交车直达
✅ 白马寺
世界上仅有融合中、印、缅、泰四国佛教风格的寺庙，建筑古朴雅致，带有异域韵味。
🎫 门票：35元/人（学生半价）
🌟 特点：古韵与异域风情兼具，随手一拍都超有质感。
✅ 洛邑古城
古街满是汉服妆造店，挑一套喜欢的妆造穿上拍照超浪漫！去时正好赶上洛阳的初雪❄️，雪景配汉服，梦回盛唐不是梦！
Tips：雪景时一定穿汉服出片！而且古城灯光下氛围感满满。
✅ 天堂明堂 & 应天门
仅在外面拍几张照片就很惊艳！这里适合穿汉服拍大片。
✅ 老君山
这趟抱团，方便省事，包含门票、车票和一级索道，275元超值。
避雷提示：一定要挑晴天或下雪后去，我去时遇上雨夹雪，山上大雾啥都看不见，还特别滑。记得提前买防滑冰爪和登山杖，山下买更便宜！
小贴士：省钱又避坑的旅行秘笈
1️⃣ 住宿建议：洛阳站附近，交通方便，地铁、公交直达各景点。
2️⃣ 交通安排：一日游报团，省钱又省心，躺着也上老君山，冲冲冲！
3️⃣ 装备准备：冬季游玩一定要带厚衣服，尤其老君山山顶冷到怀疑人生 ，建议穿羽绒服！
4️⃣ 饮食体验：古城和西工小街的本地小吃不容错过，价格友好还能感受地道美食文化。
5️⃣ 注意天气：洛阳的雪景特别美，下雪后再去更有氛围，但雨雪天路滑，防滑装备必备！
“洛阳真的值得慢慢感受，你想去哪个景点打卡？或者你在洛阳有什么难忘的旅行记忆？欢迎交流，我超想听！祝你也能玩得开心又省心～”#洛阳 #洛阳旅游#洛阳旅行 #洛阳旅游攻略 #洛阳攻略 #洛阳旅行攻略 #老君山 #龙门石窟 #白马寺#洛阳博物馆",351,272,34,https://www.xiaohongshu.com/explore/67492f490000000007032deb?xsec_token=ABh4UoddXqFgoYQxo7i7JVOExK7KClXH0720gNea9CAqo=&xsec_source=pc_search&source=web_explore_feed,https://sns-webpic-qc.xhscdn.com/202502281937/1411eb240f62229edafee90770ad04cb/1040g2sg31ap58fnd6mdg5pq420s7drjd5g9a3gg!nd_dft_wlteh_webp_3,小红薯676A6233,,
洛阳玩了3天！！忍不住说点大实话😥,"最近打算去洛阳的姐妹们👭一定要听劝！没做攻略千万别去！真的很容易踩坑！
去了洛阳后，熬夜给大家整理洛阳旅游攻略！新手小白第yi次去的看过来，跟着走不迷路～
-
🔴洛阳旅游建议
⚠️建议1：不要轻易相信洛阳站高铁站附近拉客的黄牛，发车时间不确定，交完钱就不管你了！
-
⚠️建议2：尽量住连锁酒店🏨，各个价位都有，不要住民宿，民宿参差不齐
-
⚠️建议3：旺季来提前预约，提前定酒店，不要等到跟前再定，价格会很贵
-
⚠️建议4：旺季如果自驾来洛阳，可以住在伊川县城或者宜阳县城，离市区也不远，但是酒店价格能剩好几百
-
⚠️建议5：提前看好天气，阴雨天不要去老君山，雾蒙蒙的啥也看不到
-
⚠️建议6：白天不要去洛邑古城应天门丽景门天堂明堂，这些景点都是夜景好看
.
✅关于交通
✔️大交通
✈️北郊机场：洛阳机场，距离市区有点距离
🚉洛阳站：火车站
🚅洛阳龙门站：高铁站
✔️市区内交通
🚇地铁：洛阳有两条地铁
🚲共享单车：洛阳有很多共享自行车和共享电池
🚌公交：公共交通
.
🏨住宿推荐
👉应天门：有地铁，公交，如果是自驾的话，晚上这块开车会有点堵，且不好停车，逛夜景的话建议骑共享电动车
👉丽景门：交通便利，距离小吃街老城十字街比较近，同样的不好停车
👉牡丹广场：附近比较繁华，有大型商超，节假日住这边会比应天门附近便宜一些，要住地铁站附近也挺方便的洛阳美食
.
⚠公主们请注意：
✔【学生证】大部分都是学生半价
✔【装备】帽子+耳罩+口罩+围巾+厚袜+手套+羽绒服
✔【充电宝】天冷电池放电快
✔【背包】尽量不用手拿东西，要不然会很累#假期去哪玩 #本地人做的攻略 #避开高峰期旅游 #学生党旅游 #洛阳 #洛阳旅行 #洛阳旅游攻略 #洛阳旅游推荐 #洛阳旅游住宿 #洛阳旅游",1636,1885,294,https://www.xiaohongshu.com/explore/67935ee600000000170398f1?xsec_token=ABltY5fGRZhW23Uv75h0YII6fLOdVuIn0toQOgrRaNOyM=&xsec_source=pc_search&source=web_explore_feed,https://sns-webpic-qc.xhscdn.com/202502281937/39fbadc4d1c2818029c90740a05ecf18/1040g2sg31d1jie990sd05pi4jc30u8sjrsmog6o!nd_dft_wlteh_webp_3,Cc.,,
千年古都的浪漫打卡地｜洛阳旅游必去景点,"✅ 龙门石窟
中国古代艺术的瑰宝，每一尊佛像都像在诉说一个传奇。特别是卢舍那大佛，真的震撼心灵！
🎫 门票：90元/人（学生半价）
🕒 游玩时长：2-4小时
🚍 交通：乘坐81路公交车直达
✅ 白马寺
世界上仅有融合中、印、缅、泰四国佛教风格的寺庙，建筑古朴雅致，带有异域韵味。
🎫 门票：35元/人（学生半价）
🌟 特点：古韵与异域风情兼具，随手一拍都超有质感。
✅ 洛邑古城
古街满是汉服妆造店，挑一套喜欢的妆造穿上拍照超浪漫！去时正好赶上洛阳的初雪❄️，雪景配汉服，梦回盛唐不是梦！
Tips：雪景时一定穿汉服出片！而且古城灯光下氛围感满满。
✅ 天堂明堂 & 应天门
仅在外面拍几张照片就很惊艳！这里适合穿汉服拍大片。
✅ 老君山
这趟抱团，方便省事，包含门票、车票和一级索道，275元超值。
避雷提示：一定要挑晴天或下雪后去，我去时遇上雨夹雪，山上大雾啥都看不见，还特别滑。记得提前买防滑冰爪和登山杖，山下买更便宜！
小贴士：省钱又避坑的旅行秘笈
1️⃣ 住宿建议：洛阳站附近，交通方便，地铁、公交直达各景点。
2️⃣ 交通安排：一日游报团，省钱又省心，躺着也上老君山，冲冲冲！
3️⃣ 装备准备：冬季游玩一定要带厚衣服，尤其老君山山顶冷到怀疑人生 ，建议穿羽绒服！
4️⃣ 饮食体验：古城和西工小街的本地小吃不容错过，价格友好还能感受地道美食文化。
5️⃣ 注意天气：洛阳的雪景特别美，下雪后再去更有氛围，但雨雪天路滑，防滑装备必备！
“洛阳真的值得慢慢感受，你想去哪个景点打卡？或者你在洛阳有什么难忘的旅行记忆？欢迎交流，我超想听！祝你也能玩得开心又省心～”#洛阳 #洛阳旅游#洛阳旅行 #洛阳旅游攻略 #洛阳攻略 #洛阳旅行攻略 #老君山 #龙门石窟 #白马寺#洛阳博物馆",351,272,34,https://www.xiaohongshu.com/explore/67492f490000000007032deb?xsec_token=ABh4UoddXqFgoYQxo7i7JVOExK7KClXH0720gNea9CAqo=&xsec_source=pc_search&source=web_explore_feed,https://sns-webpic-qc.xhscdn.com/202502281937/1411eb240f62229edafee90770ad04cb/1040g2sg31ap58fnd6mdg5pq420s7drjd5g9a3gg!nd_dft_wlteh_webp_3,小红薯676A6233,,
洛阳玩了3天！！忍不住说点大实话😥,"最近打算去洛阳的姐妹们👭一定要听劝！没做攻略千万别去！真的很容易踩坑！
去了洛阳后，熬夜给大家整理洛阳旅游攻略！新手小白第yi次去的看过来，跟着走不迷路～
-
🔴洛阳旅游建议
⚠️建议1：不要轻易相信洛阳站高铁站附近拉客的黄牛，发车时间不确定，交完钱就不管你了！
-
⚠️建议2：尽量住连锁酒店🏨，各个价位都有，不要住民宿，民宿参差不齐
-
⚠️建议3：旺季来提前预约，提前定酒店，不要等到跟前再定，价格会很贵
-
⚠️建议4：旺季如果自驾来洛阳，可以住在伊川县城或者宜阳县城，离市区也不远，但是酒店价格能剩好几百
-
⚠️建议5：提前看好天气，阴雨天不要去老君山，雾蒙蒙的啥也看不到
-
⚠️建议6：白天不要去洛邑古城应天门丽景门天堂明堂，这些景点都是夜景好看
.
✅关于交通
✔️大交通
✈️北郊机场：洛阳机场，距离市区有点距离
🚉洛阳站：火车站
🚅洛阳龙门站：高铁站
✔️市区内交通
🚇地铁：洛阳有两条地铁
🚲共享单车：洛阳有很多共享自行车和共享电池
🚌公交：公共交通
.
🏨住宿推荐
👉应天门：有地铁，公交，如果是自驾的话，晚上这块开车会有点堵，且不好停车，逛夜景的话建议骑共享电动车
👉丽景门：交通便利，距离小吃街老城十字街比较近，同样的不好停车
👉牡丹广场：附近比较繁华，有大型商超，节假日住这边会比应天门附近便宜一些，要住地铁站附近也挺方便的洛阳美食
.
⚠公主们请注意：
✔【学生证】大部分都是学生半价
✔【装备】帽子+耳罩+口罩+围巾+厚袜+手套+羽绒服
✔【充电宝】天冷电池放电快
✔【背包】尽量不用手拿东西，要不然会很累#假期去哪玩 #本地人做的攻略 #避开高峰期旅游 #学生党旅游 #洛阳 #洛阳旅行 #洛阳旅游攻略 #洛阳旅游推荐 #洛阳旅游住宿 #洛阳旅游",1636,1885,294,https://www.xiaohongshu.com/explore/67935ee600000000170398f1?xsec_token=ABltY5fGRZhW23Uv75h0YII6fLOdVuIn0toQOgrRaNOyM=&xsec_source=pc_search&source=web_explore_feed,https://sns-webpic-qc.xhscdn.com/202502281937/39fbadc4d1c2818029c90740a05ecf18/1040g2sg31d1jie990sd05pi4jc30u8sjrsmog6o!nd_dft_wlteh_webp_3,Cc.,,
【洛阳牡丹节旅游通知】✈️请尽快修改行程,"💞谢谢我的洛阳好朋友！知道我春季要去洛阳玩，立马说了洛阳牡丹节旅游通知，马上就总结了游玩攻略发出来，里面还有妆造推.荐,游玩线路等。春季和我一样要去洛阳看牡丹花的姐妹们，如果觉得有用，可以先🐎一下，出发前直接照着玩，少去很多烦恼哦‼
.
💁洛阳牡丹节时间: 4月8日~4月23日
赏花时间: 4月1日~5月5日
❣️注意: 3月底市区牡丹园的一些早花品种就会开放，4月10日左右是盛花期，各品种牡丹会竞相绽放，4月20日以后还有一些晚期品种盛开，可去国际牡丹园观赏
-
☑️洛阳景点攻略
✅适合白天游玩的景区：
1️⃣龙门石窟：经历400余年的光阴，才形成了如今我们看到的如史诗般恢弘的石刻艺术
2️⃣白马寺：中国第壹古刹，历来被尊为中国佛教的“祖庭”和“释源”
3️⃣洛阳博物馆：虽然是个地市级博物馆，但是馆藏数量和质量可以媲美很多省级大馆
4️⃣洛阳古墓博物馆：虽然不大却很有特色
✅适合晚上游玩的景区：
1️⃣应天门、天堂明堂，武则天登基称帝的地方
2️⃣洛邑古城：大型户外摄影棚、仿佛穿越回隋唐，适合唐装拍照打卡
3️⃣九洲池：皇.家花园，有表演，氛围还不错
4️⃣丽景门十字街：小时候记忆里的古城，小吃街跟全国的小吃街大同小异
-
👏亲测好玩的河南5⃣日游路线规划：深度游，炒给力！
✨D1:郑州集合一入住酒店—市区自由探索
✨D2:河南博物院大咖讲解—少林寺—少林师兄带游
✨D3:龙门石窟—天堂名堂品茗—洛阳神都夜游
✨D4:白马寺祈福—牡丹园赏牡丹—清明上河园
✨D5：开封府（拜包拯领略人间正气）— 行程结束
-
不想做攻略的宝子，可以认真甄选一个当地的靠谱団，有的线路跟自由行安排的差不多，住得好吃的也好，吃住行玩,资深导游一价全含，真的会比自由行省心很多，也划算。
-
#河南旅游#河南旅游攻略#河南亲子旅行 #河南亲子游#只有河南 #洛阳旅行 #洛阳旅游攻略 #开封旅行攻略 #洛阳旅行 #洛阳旅游攻略 #郑州旅游攻略 #郑州旅游#老君山#开封旅游#河南定制#私人定制#河南清明上河园国际旅行社靠谱 #牡丹 #人间四月牡丹开 #洛阳牡丹 #赏花
部分内容来源于@清园国旅-河南风华高端定制 已授权使用",1749,2368,137,https://www.xiaohongshu.com/explore/67bc485400000000280350c5?xsec_token=ABa24pGds3urSNzETqnEqRYZy7Tr5punlVm6-tXfNM7i4=&xsec_source=pc_search&source=web_explore_feed,https://sns-webpic-qc.xhscdn.com/202502281937/9bf51846deb6df644f2120054097daa2/1040g2sg31e9i2ajagcdg5pnoludnc5csshgvvp8!nd_dft_wlteh_webp_3,小红薯66F9E48B,,
去洛阳前听点大实话吧，真去过才敢说……,"感谢我的洛阳本地姐妹👫，知道最近我要去洛阳，为我整理了洛阳超全旅游攻略，超感动的😭😭😭
想去的别错过这篇洛阳景点挺多的，但是很容易踩坑，做了攻略还踩坑了，更别说不做攻略直接来了😭！把洛阳旅游真实现状整理出来‼️说些大实话！希望对近期有计划来洛阳旅游的宝子们有所帮助🤓
	
🌟放心去：
🔥老君山：老君山日出🌄和日落🌅都很美，不过不在洛阳市区，需要坐大巴或者报团去。
🔥龙门石窟：历史气息扑面而来，需要请个讲解来懂他的历史，在洛龙区，距离高铁站近。
🔥白马寺：四国风格寺庙，香火旺盛，拍照也很出片，里面还有个免费茶馆可以喝茶
🔥洛阳博物馆：馆藏丰富，周一闭馆，提前三天预约，附近就是隋唐遗址植物园，想去的可以一起逛。
🔥隋唐大运河博物馆：周一闭馆，旋转楼梯很出片！大运河全貌画卷也很好看!！
🔥白云山：景区很大，能玩的地方很多，不在市区，需要坐大巴或报团
⚠️其他事项：
❣️洛阳是一个适合慢游的城市，不太适合特种兵式旅游，很多景区慢下来才能感受到它的意义，感受这座城市的文化底蕴。
❣️关于饮食：只能说千人千味，很多饮食是本地人从小吃到大的，不会合每个人的口味，洛阳水席就是汤汤水水，酸辣的，胡椒味重，牛肉汤记得自己放盐，不管吃什么，自己喜欢就好
❣️zui后，希望大家都有一个愉快的旅程
#远赴人间惊鸿宴 #穷游攻略 #老君山攻略 #洛阳旅游攻略 #小众旅行地 #旅游不踩坑 #洛阳美食 #洛阳避坑 #洛阳博物馆",37,30,3,https://www.xiaohongshu.com/explore/67b31ec8000000002503f9d9?xsec_token=AB7ssgT-_LuacMgURsNqPOmbar3quvhI6zNTrghynxeLk=&xsec_source=pc_search&source=web_explore_feed,https://sns-webpic-qc.xhscdn.com/202502281937/67f11bf0e2e1b573eca4b3c92ddd018a/1040g2sg31e0jo1kth0dg5p91dvqp2o0rdgsqjug!nd_dft_wlteh_webp_3,爱旅游的小白菜,,
小事定成败！洛阳旅游别再踩雷啦🤧🤧,"小街天府🍛
作为一个重庆土著，平时也自认为很重口味了，还是被小街天府的重咸重甜惊到了。我们下单了一份虾饺，三丝和招牌烩面，还有红糖汤圆，飞饼，还是素串肉串。三丝和烩面尤其咸，前两口觉得还很仙品，后面就觉得像冰淇淋味的屎🍦💩🍦，只能边喝红糖汤圆边下。但是甜咸转换太快了，两边的风味都大打折扣。虽然价格确实很便宜但是感觉还没有在酒店随便点的胡辣汤划算。而且人太多了，自己端菜很容易蹭到衣服上。
背了很多零食和水上老君山⛰️
秉持着花儿与少年的穷游精神，自己准备了很多零食和矿泉水上老君山，背着背着就要背过气了☠️，特别是在一级索道后的超陡阶梯，完全生不如死，特别想you jump i jump👽。结果上去才发现，老君山上的商家定价特别亲民，尤其是烤肠贼好吃😋，一天吃了4根，一根也就5r。泡面的热水也是免费的。所以建议大家轻装上阵，我是背出了一种自讨苦吃，没有苦劳也没有功劳的悲催感🥶🥶
去洛博没有寄存行李🧳
冬天的洛博暖空调温度调的特别高，一进去就开始狂脱，尤其是珍宝馆那个区域温度尤其高。羽绒服贼大一坨抱在手上，看文物简介也不方便，拍照也腾不出手。本来精心设计的都市丽人穿搭，进了洛博就爆改成了小丽回村👩。不如在进馆前就寄存，沉浸式欣赏文物更轻松。
洛博没有租讲解🎧
洛博很贴心的把镇馆之宝全部集中在了珍宝馆区域，作为文科生对自己的历史积累有一种盲目的自信，没有租讲解就直奔了珍宝馆。但是没有讲解，一下就有那种走马观花的感觉。以前看哑舍小说的时候，感悟到每件文物都有它背后的故事。但是当我们欣赏半面佛头或者白玉杯的时候，只能感叹一句好美，这是让我觉得特别遗憾的地方😔😔，文物背后的浪漫被忽视了。
不要进九州池🏠
做了妆造后我们原定的路线是九州池-应天门-明堂天堂，但是进去九州池之后大失所望，除了九州池这个名字很九州池以外没有一个地方像九州池🙂💀。好看的机位基本都被商拍占领了，好不容易我们找到一个好拍的机位，就有商拍噔噔噔拉着箱子站到我们前面去了。结果九州池整体还没有它大门左边的红墙好出片。不过也多亏这个小洲池，发掘了很多隐藏机位。
大家感兴趣的话，接下来我会详细分享【汉服妆造前后注意事项和好物分享】以及【独特小众出片机位】～
#旅游不踩坑 #洛阳旅行 #洛阳旅游避雷 #避雷 #不走冤枉路",775,563,89,https://www.xiaohongshu.com/explore/678b4a1b000000001d011a98?xsec_token=ABtNluWVCDjRNqn9LZhH0Xl7x1yigYz0x0TPYPetA6ixk=&xsec_source=pc_search&source=web_explore_feed,https://sns-webpic-qc.xhscdn.com/202502281937/6e059ec9c9723e56f345884bbd3dfeef/1040g2sg31cpn190d0sdg5p44f9p43r2h3jg7900!nd_dft_wlteh_webp_3,邪恶叶绿体,,
淡季洛阳丨神都的两天一夜（松弛拍拍版）,"分享下与77的2025年第一场旅行，北京→洛阳，诸多注意事项和路线分享给大家！
	
🚂交通方式：
	
🚊出发：火车K269，北京丰台-洛阳，20：47 - 7：25
卧铺直达，人均200左右，睡一宿出站打车到应天门附近做妆造，3公里非常近
	
🚉回程：T232，洛阳-北京西，22：15 - 6：10
卧铺直达，睡一宿，回家放下行李整理下出门上班不耽误
	
🎮游玩路线：
	
🌅第一天：
8：00   到达应天门附近酒店存行李
8：30   早饭，南关牛肉汤，味道还可以，不用刻意去找网红牛肉汤店（划重点❗❗❗牛肉汤先喝原味汤，然后再加盐和饼丝，喜欢吃辣的可以加点辣椒油）
9：30   按照预约时间到妆造店进行造型（划重点❗❗❗提前跟妆造店约好具体的衣服和发型发饰，还有披风，根据选择的服饰，沟通是否需要带一个超低胸的保暖内衣，不然容易影响古风造型）
11：00  大运河博物馆拍照（提前约好摄影师和拍照时间），一般拍摄时间在1个小时，图2️⃣3️⃣4️⃣
12：30 午饭 随便吃了一口
14：00  白马寺  逛拍逛拍，喜欢佛教的可以去看看，四种国家的佛教建筑，或者去古墓博物馆，建议买讲解，这俩景点二选一，图4️⃣5️⃣6️⃣
18：00  九州池  拍夜景写真，提前约摄影师（划重点❗❗❗带一双适配妆造的古风鞋子，暖宝宝）图8️⃣
19：30  拍摄结束去吃饭，女明星今日通告结束，图9️⃣
20：00  晚饭  塔西海老大·酸浆火锅，本地特色，128双人餐味道还不错，性价比很高，喝的海碧和洛阳宫很一般
21：30  回酒店
	
🌄第二天
9：00  起床  吃早饭（可以选择胡辣汤或者本地特色汤），洗漱化妆收拾出门，寄存行李
11：00  洛阳博物馆，提前3天预约，只要预约成功，全天可进，门口有卖讲解的50/人，11：20跟团入场2小时讲解
13：30  午饭，格外香大盘鸡
15：00  龙门石窟，跟着人流走就行，17：30可以看到一些灯，没有夜游
18：00 晚饭，建坤洛阳水席（本地人推荐），我觉得只有焦炸丸子好吃
19：00  应天门南北广场
21：00  取行李回程
	
🙊周一：🐂🐎
	
#洛阳#洛阳旅行 #龙门石窟 #白马寺#洛阳旅游 #应天门#洛阳博物馆 #北京#周末去哪儿",188,170,31,https://www.xiaohongshu.com/explore/67838fa30000000017039ccd?xsec_token=AB_QqTCH-w78Td0yxUXQP8u2BCYZUxA9kt4t1fXVhINrE=&xsec_source=pc_search&source=web_explore_feed,https://sns-webpic-qc.xhscdn.com/202502281937/51128587dac1f17899366309334a7dfb/1040g00831civ8ijdh0405opmcuh65qjf9pm1ua8!nd_dft_wlteh_webp_3,夏夏Samson,,
2-3月淡季准备来洛阳的姐妹👭，一定要看,"淡季来洛阳游玩真好！不冷不热。不过这座城市还	是很值得打卡的!下次还会再来!不做攻略不要来洛阳!回来后给大家整理了这份洛阳旅游攻略!希望能帮助到想去洛阳玩的姐妹们
✅怎么到洛阳
👉洛阳北郊机场:洛阳只有这一个机场，没有直达的地铁，距离最近的2号线地铁口二乔站5.8公里
👉龙门高铁站:高铁都到这里下车
👉洛阳火车站:火车都到这里，简称“洛阳站”
✅需要预约景点:
洛阳博物馆、洛阳古墓博物馆、隋唐大运河博物馆
✅洛阳美食
①龙门石窟:三旦羊肉汤、长洲羊肉汤
②洛邑古城:梁山烤肉、新街娟娟麻辣鸡、新街好厨房大盘鸡酸菜鱼、新街周记油炸烧鸡、顺峰水席园
③小街天府:小街锅贴(非物质文化遗产)、丹珍汤圆、担担面、糖醋土豆片、小笼包
✅注意事项:
1️⃣白马寺很大，香火很旺，教资证和学生证都半价，参拜完本寺，可以参观其他不同国家的佛殿，非常有走出国门的即视感，如果可以，一定要穿汉服来拍照，非常有氛围!
2️⃣龙门石窟是世界级艺术瑰宝，需要一点体力爬山，对岸香山寺和白居易的故居建议下午5点前游玩，晚上会亮灯，跟白天完全是不一样的感觉,很有神秘气息!
3️⃣洛阳古墓博物馆又称洛阳古代艺术博物馆,是墓穴群，十分新奇有趣，很有“盗墓笔记”的即视感，里面的壁画也保存完好，具有超高的艺术价值
4️⃣洛阳牡丹花会节是每年的4月10日左右，从4月开始就是赏花的季节了，赏花一定要趁早，建议早上8点前就到赏花处，这里有很多牡丹园，去之前一定找清楚是去哪个牡丹园!
5️⃣十字街是一条小吃街，人非常多，一定要注意看好个人随身物品
6️⃣龙门石窟:景点全程不走回头路，所以观赏西石窟的时候，一定要全部看完了再出西石窟的闸机，否则就没办法再回头观赏了
7️⃣隋唐城遗址植物园，就在洛阳博物馆对面，里面很大有很多绿植，还有湖，可以划船，喂天鹅
8️⃣来洛阳必吃的牛肉汤，来洛阳要尝尝!
洛阳#洛阳旅游攻略 #旅游不踩坑 #本地人做的攻略 #出行攻略 #洛阳旅游攻略 #远赴人间惊鸿宴",68,84,2,https://www.xiaohongshu.com/explore/67b86530000000002602db03?xsec_token=AByms7XnCmbp5uzGbQXsk44jVHwzxDZSptzKUmH13aIBg=&xsec_source=pc_search&source=web_explore_feed,https://sns-webpic-qc.xhscdn.com/202502281937/1260ad1795505f2a9175c74f19056e85/1040g00831e5oj2gbh26g5pln3emnc98gc92j2jo!nd_dft_wlteh_webp_3,老君山~小昊,,
老君山已回，避雷了姐妹们，冻亖了😭😭😭,"一定要穿厚点哦
🧥老君山穿搭(保暖)
1️⃣首先，不管你是哪里人，必须穿一套贴身的秋衣秋裤，打底裤也行，必须贴身!
2️⃣其次，带毛的那种毛茸茸的衣服保暖效果确实很好，但前提一定是外面穿了不透风的羽绒服。
3️⃣上身推荐 保暖贴身的秋衣+厚毛衣(不推荐卫衣，卫衣总容易在下摆灌风)+羽绒服!这里说的羽绒服，真的不是在南方各种品牌店买的那种!
4️⃣下身推荐两种穿法，一是厚打底+带绒的厚牛仔裤。二是秋裤+绒裤+厚外裤
5️⃣鞋子一定要穿厚厚的雪地棉鞋，记得鞋子码数要比自己平时穿的大一码，鞋里面加一层保暖鞋垫。
🚗交通出行
首先老君山离洛阳市区很远，高速都要两个多小时， 交通并不是很方便。 提前做好攻略，报个老君山一日游的团，比自己去要少很多，老君山正常门票100+一级索 道130+车100+景交40=370，所以交通并没有踩坑。 还有很重要的一点，就是天气原因，运气好的话很可能看到云海！老君山#有两个索道# ，一个索道送到中天门，二级索道 送到十里画屏入口。 十里画屏和金顶是主要游览区域，精髓景点都在这 里。 一级索道不坐需要爬5到6小时，一级索道是必坐的。 二级索道可以选择不坐，可以根据自己身体情况自行 选择。
1、来老君山记得跟团，跟团是醉划算的，市区可接送 送到索道口，而且全程自由行，导游不跟不推销任何 东西。纯玩不购物。
2、下山做索道要早点去排队，注意停运时间
3、滑道，电梯不建议做，会错过很多风景，除非体力或者时间跟不上
4、不要一开始就买许愿牌，前面贵山顶真的很便宜， 并且山下买了不写好的话，山上容易借不到笔!
5、不要自带泡面，山上没有热水，买热水5，山上泡面12含开水。
6、劝你一节索道要坐，因为太远 了。爬上去要5小时没有玩的时间了
7、二节索道不建议买，难度不大，2小时可以到顶路 上可以看风景。
8、注意，索道是到不了山顶的，到十里画屏的入口都 是要走一截的
9、不要信火车站大门口拉你去老君山的，这个懂得都 懂哈哈哈哈有遇到过的可以评论区避雷!
10、提前提前上厕所，优其是女孩子，不要在山顶和 上厕所选半山脚上厕所，因为不能冲水，卫生一般!山 腰的，相对于净些!#老君山下雪#雪景只看老君山 #游玩攻略 #冬季好去处 #老君山一日游 #洛阳旅游",673,461,49,https://www.xiaohongshu.com/explore/6770e8e8000000001300f891?xsec_token=AB9bzP181yiNpYQPsODDGzrNjyWWs0dWZ5GoGEEdwIX3c=&xsec_source=pc_search&source=web_explore_feed,https://sns-webpic-qc.xhscdn.com/202502281937/a8cf34a1d4bd9bcf8848515306343c86/1040g00831bvulj5egu005po942f7c612kihf418!nd_dft_wlteh_webp_3,爱旅游的溜溜,,
洛阳旅行攻略,如果你是第一次去洛阳该怎么玩，要花多少钱#洛阳 #旅行攻略 #洛阳攻略,1642,1234,40,https://www.xiaohongshu.com/explore/679c18ea0000000018009d2b?xsec_token=ABN9sZ0jBRDL8mmDUJwOiQD55mkgWwfT9uM1R9_A40XiI=&xsec_source=pc_search&source=web_explore_feed,,伊昂日记,,
来洛阳这几个地方别错过，洛阳本地人大实话,"说走就走的旅行确实很潇洒、但是不做攻略一定要不要来洛阳🙅，一不小心就会踩坑～
#与君相约洛阳城 #洛阳旅游 #洛阳旅游攻略 #洛阳老君山有多仙 #老君山",2257,2881,37,https://www.xiaohongshu.com/explore/676808a7000000001300ee82?xsec_token=ABHx9LAu-CzSXIJnFFG4uPOpSSecgZZa59Vbe_r8CPDRM=&xsec_source=pc_search&source=web_explore_feed,https://sns-webpic-qc.xhscdn.com/202502281938/beb073febba5a9dc0eca5cba4a0dbe51/1040g2sg31bn99jq50e005p6uui508tqf7a22oc8!nd_dft_wlteh_webp_3,小新带你游老君山,,
刚从洛阳回来❗️我踩的雷，大家千万别踩了‼️,"洛阳真的是一个让我爱恨交加的城市，如果你4、5月打算来洛阳这篇避坑贴一定要看完
先说爱的～洛阳人民真的非常热情！出租车不坑！司机师傅们都非常热情的为你介绍有什么好吃的，玩的地方哪里人还少点！这点真的是很贴心，如果洛阳朋友们看到这个也不要太难受，吐槽也是为了洛阳有更好的发展，如果你杠那就是你对！其次洛阳是真的很出片、拍照很好看，龙门晚上也营业真的实名表扬！
	
👇下面要开始避坑了
	
🏞先说景点上
 应天门、明堂天堂：如果你不打算妆造拍摄，这两个景点真的不用看！首先这两个地方都是现代复原景点你如果想看古迹是没有的；其次作为现代复原的景点各地都有，但明堂真的是我感受最差的！图二就是明堂进去之后场景，90%的场地都被围起来了，进去拍照就另收50，气得我都没去负一；应天门是个城墙广场，这两个都是适合晚上来看拍照的白天真的没必要来，晚上拍妆造的话很出片，但晚上这边人非常多，交通也非常堵。哦对，同样的还有洛邑古城，里面和其他古城大同小异、如果不是为了拍照基本上也不用去，但古城好在免费，时间充裕的话去逛逛也可以
 龙门石窟：卢舍那大佛真的很震撼！但其他的洞窟就…没有那么震撼的很重要的一个原因是你无法像云冈一样进洞窟里看，只能站外面看，加上人多…观看体验就一般了（图三是好不容易挤进去拍的一张石窟的照片，大家过去基本上也就是看到这个样子的）但出于对文物保护也能理解。如果你是第一次看石窟，并且来洛阳和我一样主要就为看石窟，那建议可以去云冈石窟。但龙门石窟的夜景真的是绝美！来了一定要等到天黑！和白天是不一样的震撼！其次要吐槽下景区的骚操作了。我们是在西北口进景区，景区为了让游客可以逛美食街，把直接入口拦上了，必须要绕过美食街才能进检票口，一共要走800多米！生生走了15分钟…还没逛就已经累了…另外既然要开夜景那就把配套服务也都跟上，从卢舍那大佛出景区如果不想再走一公里只有坐船，但船6:30就关了！6:30就关了！如果看夜景看完就只能自己走出去，真的我走出去之后感觉脚已经没有知觉了
看牡丹，清明节我去的时候品种开的还不全，国花园记得直接从西门进就是最佳观看点，从东门进需要走2公里才能到最佳观看区，而且哈哈哈哈网友说的没错，开的最好的是路边绿化带里的牡丹，但4月中旬4月底天气不降温的话应该能看到更多的品种。另外国花园里真的太多约拍揽活的了！
	
📷妆造
妆造避坑贴详见上一篇",1038,1444,146,https://www.xiaohongshu.com/explore/6612af840000000004019717?xsec_token=ABH41StTWos5EJPHDJ9FXXKNV7jWW94cQxyIsMZQqwu5A=&xsec_source=pc_search&source=web_explore_feed,https://sns-webpic-qc.xhscdn.com/202502281938/a9a5592c92b60b6c72f34dbfda86eb17/1040g0083119s1o41mg10400fi6v62qdqmjmdcmg!nd_dft_wlteh_webp_3,琦琦不吃葱,,
洛阳会惩罚每一个不预约的人！！,"#旅游攻略听劝 很多景点不提前预约就算来了也进不去，为防止大家白跑一趟，大家记得提前预约！！！
#洛阳 #洛阳旅行 #洛阳景点推荐 #河南洛阳 #景点打卡 #旅行推荐官 #游玩攻略 #人文景点分享 #龙门石窟",4858,5362,107,https://www.xiaohongshu.com/explore/666fb33f000000001d01bd86?xsec_token=ABI3tWiTp91Sg5OHMKWKXdm9z0X8S-UvWmLvTiD08Kk2w=&xsec_source=pc_search&source=web_explore_feed,https://sns-webpic-qc.xhscdn.com/202502281938/284e3e639b5a202648e97174f47458e6/1040g0083144orv3t1o605pglv73iuehs1ao6cvg!nd_dft_wlteh_webp_3,童行者广州,,
来了洛阳8次，我的建议是……,"洛阳最近的气温变化较大，大家如果想爬山一定要注意御寒！！！
想去洛阳旅游的宝子们记得👍+❤以免不小心划走了～ -
🛵出行准备：
✨身份证，学生证，能用上优惠的都带上带上
✨电器类：充电器，充电宝，耳机，自拍杆，相机 ✨衣服：已经进去深秋，一定要带厚衣服，尤其是爬老君山的，羽绒服必带❗❗❗ -
🚙交通指南：
✅火车站：洛阳站，位于市中心，交通便利，有地铁二号线可以乘坐
✅高铁站：龙门站，在洛龙区，有地铁二号线可以到达市区
✅市区交通：公交，地铁，共享电车，出租车都很方便
✅景区交通：去老君山，白云山，龙潭大峡谷等远离市区的景区可以在某团，某程找一日游团队，真的超级方便
🏨住宿：
⭕个人建议住宿提前预订，尤其是节假日，提前预订房源多，选择多，价格也合适
⭕可以住在应天门附近，交通便利，去哪都方便
⭕泉舜那边属于新区，比较安静，自驾的话比较合适去那边住 -
⚠其他事项：
💗洛阳是一个适合慢游的城市，不太适合特种兵式旅游，很多景区慢下来才能感受到它的意义，感受这座城市的文化底蕴。
💗关于饮食：我只能说千人千味，很多饮食是本地人从小吃到大的，不会合每个人的口味，洛阳水席就是汤汤水水，酸辣的，胡椒味重，牛肉汤记得自己放盐，不管吃什么，自己喜欢就好
💗关于景区：洛阳是突然火起来的旅游城市，很多方面做的不够好，希望多加包含，例如应天门等景区都是新建仿古建筑，看看拍拍照就好，洛阳也会一步步更好更加完善
💗最后，希望大家都有一个愉快的旅程 #洛阳旅行 #洛阳旅游攻略 #旅游攻略 #老君山#旅行推荐官
#攻略#本地人做的攻略#老君山金顶 #老君山 #洛阳",1,1,1,https://www.xiaohongshu.com/explore/67c168b30000000009038000?xsec_token=ABOXRwzNkyvrjZbg9klG0rxJqYH8WvIUCtzJDihR2D7nw=&xsec_source=pc_search&source=web_explore_feed,https://sns-webpic-qc.xhscdn.com/202502281938/caea470b7e2ad6ee2bb94a22e21238ab/1040g2sg31eefma810udg5of3vb5k10vu7s86rko!nd_dft_wlteh_webp_3,洛阳旅行小洛（私信被禁）,,
真实鄙视链|大家来河南旅游的觉得怎么样？,"本土著整理出来这篇景点分级，快去打卡吧
河南真的太多好玩的地方，根本统计不完
-
📍河南落地交通选择：
郑州:新郑机场落地后可直接坐:地铁①城郊线转1号线到达市区②出租车:40分钟到市区，不到五十块
	
洛阳:
机场：如果目的地是洛阳建议直接落地洛阳机场
①公交:1路公交到市区②出租车:半个小时，30块钱
	
开封:高铁火车:①开封站②开封北站:高铁经停③开封宋城站:城铁站
①公交:票价一般为1-2元 ②出租车:起步价7元，2公里后每公里1.6元
-
河南避坑指南
➡️在景区吃饭时小心被宰，吃饭前先看好菜单价格地点尽量离景区远一些
➡️景点每天都限流，一定要提前预约，GZH预约，不然进不去的哦
➡️河南出行首选地铁，尤其是上下班高峰期，这个时候打车或者公交车都会堵到你怀疑人生，超级浪费时间
➡️景区附近的那种珍珠手链、工艺品之类的不要买，不是河南的特色，在网上都可以买得到了要租古装一定要去正规的店，不然会被坑，自己有的话可以带上
➡️不要在十字街吃东西，十字街只是包含了很多街道的统称
➡️在鼓楼主街上的东西，不正宗，往里面走小街上，才是好吃聚集地
➡️不要乘坐不正规或者低价的非营运车辆，更不要轻信和参加司机推荐的不正规旅游活动
➡️景点外面都有很多黄牛卖票，千万不要乱买，虽然价格很便宜，但是没有保障，买到假票就亏大了
-
美食推荐指南
🌲巴奴毛肚火锅:河南当地特色火锅。品质很高，可以尝试
🌲胡辣汤:早晨的第n顿，我被牛肉饼折服了，各种饼都很吃，但是胡辣汤真的辣，本地人也有点受不了，怕辣的朋友可以尝尝逍遥镇胡辣汤，小油条泡里面，真的香
🌲合记烩面(郑州人民路店):很多人推/荐打卡的一家，本地人超多，烩面味汤巨香，一定要来吃
🌲洛阳的龙鳞路第一家牛肉汤:本地人全都来吃过的，排队人真的非常多，乌拉拉推/荐过，早上来碗牛肉汤，加饼丝，葱油饼和方便面，巨巨巨好吃!
🌲洛阳水席:来洛阳一定要吃水席，主打汤汤水水，去司马水席楼，在十字街里，他家份量很大，洛阳燕菜，连汤肉片，腐乳肉夹饼都是特色，不踩雷很好吃
🌲鲜花饼:很多家售卖，可以尝尝，价格便宜，口味很多
🌲肉类:道口烧🐔、扣碗酥肉、洛宁蒸肉、鲤鱼焙面、老庙牛肉、桶子鸡、五香兔肉、固始鹅块,萝卜炖牛腩无名蹄花—奎星楼店
	
出去旅行一定要提前做好攻略呀！过来人含泪总结😭😭
	
春节就要到了，想来河南旅游的可以在⬇滴我，包优惠的
﻿#河南旅游﻿ ﻿#春节旅游﻿",2835,3385,241,https://www.xiaohongshu.com/explore/6765495300000000140220a0?xsec_token=ABkpQz6lNrNB6ai_l1sIYzQsX_ylkOM4rlsSfUrOLrHz4=&xsec_source=pc_search&source=web_explore_feed,https://sns-webpic-qc.xhscdn.com/202502281938/d947cdcd9297cba0a6a278cfc0285fb1/spectrum/1040g0k031bkik0v7h2005pkvaoe947ngrkbhed8!nd_dft_wlteh_webp_3,河南择一旅行社有限公司,,
2025年超全版洛阳旅游攻略！,"洛阳本地人小风带着超全洛阳旅游攻略来喽❗如果计划2025年来洛阳旅游，尤其是四月份计划来赏牡丹的宝子们，这篇攻略不要错过，美食、酒店、牡丹园、景点位置、游玩路线、注意事项等一站齐全，可以帮您解决各方面的疑问。
·
🔆小风的碎碎念：
🔸牡丹盛花期也就10天左右，想看大片花海的一锭要选择合适的牡丹园，目前大家都在出牡丹游玩攻略，但是大部分都是自行预估的时间，实际花期会受天气的影响，能确定的只有4月10日左右盛花期比较保险，各大牡丹园暂时都未公布开园时间。
🔸来洛阳游玩4天左右比较合适，选择1-2个牡丹园即可，不想绕路可以参考图六的行程排列，中国国花园可以搭配洛阳博物馆或龙门石窟游玩。隋唐遗址植物园就在洛阳博物馆对面，很方便；神州牡丹园就在白马寺景区对面，也很方便。王城公园内也有动物园，可以投喂小动物，很适合带孩子去。游玩的重点是不绕路！
🔸3-4月份来洛阳旅游真的很舒适，春暖花开，非常惬意，气温也比较合适，四月份属于洛阳牡丹花会，酒店涨价房费会高一些，建议大家可以多对比对比，涧西的酒店涨幅略小，可以看看牡丹广场地铁口附近的酒店。
🔸洛阳的特色美食要就是分为这几种：水席、锅贴、牛/羊肉汤、豆腐汤、涮牛肚等等，水席菜主要是连汤肉片、焦炸丸子、牡丹燕菜等，如果时间有限，主要品尝这几样就行。像很多人宣传的大盘鸡-例如格外香大盘鸡、吕记炒鸡等都是偏甜口，如果不喜欢偏甜口的不要尝试。
🔸出行带好保湿面霜，干皮的要注意啦！！春天会起风，洛阳天气也比较干燥，计划汉服妆造的姐妹们记得提前护肤护肤护肤！！
·
🔆不绕路攻略-洛阳4天3夜游玩路线：
①中午到-洛阳博物馆-应天门
②汉服妆造-中国国花园-龙门石窟
③老君山-洛邑古城-丽景门老街
④白马寺-古墓博物馆/隋唐大运河博物馆
·
想跟大家分享的有很多，但是文章有限，如果大家有其他问题可以随时在评论区问小风，小风是纯纯本地人-乐意跟大家分享大实话，希望大家都能在洛阳玩的开心！
#洛阳旅游 #洛阳旅游攻略
部分内容来源于@小丸子（专属管家）",5,16,2,https://www.xiaohongshu.com/explore/67bee9d9000000000901427a?xsec_token=ABH-d8CWts8BUdFEXkDr7ligrrKb7eyHS5XrXGITLl5zs=&xsec_source=pc_search&source=web_explore_feed,https://sns-webpic-qc.xhscdn.com/202502281938/0ac4d61bc6b61de155eb3485a102f4ab/1040g2sg31ec48r0lgmcg5pm8m6s7cev6vs5j70o!nd_dft_wlteh_webp_3,努米的世界（打工版）,,
大学生来洛阳极限1000逛吃3天,"感觉洛阳消费真的挺低的，就想来出个攻略分享一下
第一天：龙门石窟—白马寺—洛邑古城—丽景门—十字街
龙门石窟推荐指数：5颗星 一进大门就能看到一座古朴的大桥横跨洛水之上以及密密麻麻的石窟造像真的很震撼，早上天气晴朗阳光正好打在石像上，让古着的大佛仿佛有了神韵，洛水对面就是香山，树木里隐藏的亭台楼阁与石窟遥遥相应，别有一番风味
白马寺推荐指数：四颗星 白马寺本身和普通的寺庙差别不是很大，我去过国内的很多寺庙，这些布置格局都是差不多的，但是白马寺特别的就是它有缅甸，泰国，印度园区，而且给人感觉建筑非常的真实且正宗，东南亚最近不是挺乱吗？去白马寺不用出国就能感受到东南亚风情
推荐美食：白马寺附近的马杰山牛肉汤，人均十元，巨无比好喝，牛肉味纯正且肉嫩，饼丝带点微微甜和麦香，洛阳美食首推。连汤肉片一般般好吃的
龙门石窟到白马寺我是直接打的滴滴，没有很方便的公共交通工具，这是缺点
第二天：老君山—寻迹洛神赋—新街
老君山：4颗星。一定要报团，离洛阳市区很远自己去不好找交通，提前准备好墨镜口罩帽子围巾冰爪登山杖，一定要坐一索，如果怕累可坐二索。我是为省钱没坐二索，结果冬天太冷穿的多爬得很艰难，秋衣秋裤汗湿了但是裸露在外的皮肤又超级冷。我觉得雪后初晴最好看，可是我去的时候是冬天的晴天，雪要化完了山又光秃秃的不太好看，玉皇殿金顶还是好看的。一定要注意防风，我在山顶上吹了冷风结果下山就肚子疼拉肚子了，下山一直在找厕所还不好找，影响我的体验感。不过下山有个滑道一定要试试，巨好玩又省力还只要20元
寻迹洛神赋：5颗星。身临其境沉侵式体验，演员就在身边表演，可以看出制作的用心，光影气味感官齐下，非常推荐，尤其是第二幕，看完鼻子酸酸的
新街：5颗星。小街锅贴我感觉味道一般般有点淡不过司机师傅推荐的锅贴对面的桂花酒酿汤圆巨好喝，冬天来碗热乎乎的，并且超级香。小街天府味道不错就是每样都只能吃一点点，不然就超级腻，首推桂花小米凉糕和涮豆筋，真的在我的人生美食榜可以拍到前几名。
第三天：古墓博物馆—洛阳宴
古墓博物馆：4颗星。整体建筑独具特色 推荐
我们住的酒店是锦悦酒店，抖音上订188两晚，地理位置不错且卫生干净设施齐全就是有点小。希望洛阳可以改善一下交通，感觉地铁不是非常方便，出行花了很多钱在滴滴打车上。#大学生特种兵式旅行#小 街天府美食 #中国古都天下大同 #远赴人间惊鸿宴 #大学生穷游",86,84,12,https://www.xiaohongshu.com/explore/6787fb3e00000000180283d8?xsec_token=ABs261qendx_HRuSccvMjgPYXYA4Wr14M_r04zDWFqypk=&xsec_source=pc_search&source=web_explore_feed,https://sns-webpic-qc.xhscdn.com/202502281938/c8045498c6b2858c053efce53639c8c9/1040g00831cmfkrrsgc605p45qtfkml9eta2acg0!nd_dft_wlteh_webp_3,是小红薯不是小土豆,,
洛阳旅游回来，有些话一定要讲😲😲😲,"一定要来感受一下它的独特韵味！🎉
🚗【交通指南】
- ✈️飞机：洛阳北郊机场离市中心超近，打车约20元。如果不在郑州玩，优先选择洛阳机场哦😉
- 🚄火车/高铁：洛阳站和洛阳龙门站都很方便。洛阳站距市中心3km，可乘地铁2号线；龙门站距市中心9km，也可乘地铁2号线。龙门站旁还有《寻迹洛神赋》演出，到得早可以先去看看👀
🏠【住宿推荐】
建议住在老城区或洛龙区。老城区临近十字街、丽景门等景点，晚上逛夜市超方便，还能感受古城氛围😃
洛龙区离龙门石窟近，环境好，交通便利
🍜【美食探秘】
- 牛肉汤🥩：早餐来一碗，汤鲜肉美，配上饼丝，绝绝子👍
- 水席🍲：牡丹燕菜必点，酸辣可口，体验独特的洛阳味道😋
- 十字街夜市🍢：各种美食应有尽有，像永香面筋卷饼、悟煎道生煎等，边逛边吃超快乐🤩
- 小街天府、小街锅贴和丹珍汤圆🥟：本地人常去的地方，味道很赞，可以尝尝😎
🎇【景点打卡】
- 白马寺🐴：香火旺盛，教资证和学生证半价。建筑风格多样，穿上汉服拍照超有氛围，仿佛穿越古今🤳
- 龙门石窟🗿：世界级瑰宝，白天和晚上的景色各有千秋，对岸香山寺和白居易故居下午5点前游玩，能感受神秘气息✨
- 洛阳古墓博物馆🏛：墓穴群新奇有趣，壁画精美，艺术价值超高，但周一闭馆别跑空哦😉
- 洛阳博物馆📜：免费参观，提前预约，刷身份证进入。在这里可以深入了解洛阳的历史文化，还有免费公益讲解🎤
- 洛邑古城🏮：古色古香，晚上灯光美如画，穿上汉服漫步其中，感受穿越的乐趣
- 天堂明堂🌟：武则天时期的建筑，晚上灯光亮起，在外面拍全景超美，玻璃台子拍出的倒影更是大片感十足📸
- 应天门🏯：参加《唐宫乐宴》沉浸式表演，体验古装剧的感觉，与NPC互动，最后登上阙楼赏夜景🌃
📝【贴心建议】
- 博物馆类景点一定要提前预约❗
- 龙门石窟全程不走回头路，从西北门进景区，西石窟看完再出闸机哦😉
- 赏花趁早，4月才是牡丹季，提前确定好去哪个牡丹园🌺
- 出行前看好天气，准备合适衣物，去老君山要带上厚衣服🧥。
- 可以选择合适的游玩方式，如一日游团（适合老君山等交通不便的景点）、拼车小团或私人订制，根据自身情况决定😎
💕洛阳之行一定会让你收获满满，快来开启这场千年古都的梦幻之旅吧🎉！
#洛阳旅行  #洛阳旅游攻略  #龙门石窟  #老君山  #洛阳旅游#洛阳",77,74,1,https://www.xiaohongshu.com/explore/6780be50000000000b03548a?xsec_token=ABTGC9kH7HEP_tx_pEo_bluJ-a0shT4CdKTL6ykv511co=&xsec_source=pc_search&source=web_explore_feed,https://sns-webpic-qc.xhscdn.com/202502281938/3f6cad1564c16983d4e440d6615d481a/1040g2sg31cfdf7a10scg5po942f7c612so2g9v0!nd_dft_wlteh_webp_3,爱旅游的溜溜,,
春节带爸妈游河南！5天攻略请查收💥,"家人们，寒假春节已经来啦，打算带孩子和父母来河南游玩的宝子看过来！河南旅游真的要提前做好攻略，不然很容易踩雷💣
河南景点面积大，景点之间距离也不近，不规划好路线，不仅逛不完，还可能错过精华景点！
	
怎么来河南更方便？
只有郑州、洛阳和安阳有机场哦✈️
郑州：新郑机场
洛阳：北郊机场
安阳：红旗渠机场
各地之间交通情况👇
郑州到洛阳：高铁 1.5 小时，票价 19.5 元；汽车 2.5 小时。
郑州到开封：30 分钟，票价 12.5 元；汽车 2 小时。
洛阳到开封：高铁 2.5 小时，票价 29.5 元；汽车 2.5 小时。
火车站选择指南🚉
郑州：郑州站和郑州东站都很方便，离市区近，地铁一号线直达。
洛阳：洛阳站离市区近；洛阳东站；洛阳龙门站离龙门石窟很近。
开封：开封站、开封北站到市区打车 20 分钟，公交 50 分钟，更推荐打车哦🚖
5 天游玩路线规划✨
DAY1：穿越北宋繁华
清明上河园👉满庭芳酒店（住进清明上河园，沉浸式体验）👉大宋东京梦华（超震撼的实景演出，带孩子感受北宋风情绝绝子）
DAY2：豫菜与历史的碰撞
睡到自然醒👉品尝正宗豫菜（让爸妈味蕾享受河南味道）👉河南博物院（探索历史长河，感受中原文化底蕴）
DAY3：黄河文化与少林功夫
黄河游览体验👉四大名砚澄泥砚制作（带娃体验非遗魅力）👉少林寺（有师兄带游哦）👉素斋体验👉学少林武功（小朋友肯定超爱）
DAY4：龙门石窟与唐文化盛宴
唐三彩上釉烧制体验👉龙门石窟（壮观的石刻艺术，全家一起感受历史震撼）👉品尝水席👉唐宫盛宴（手作非遗唐菓子，好玩又好吃）
DAY5：探秘夏都与文物修复
二里头夏都遗址博物馆👉文物修复体验（体验当文物修复师的乐趣）👉结束愉快旅程
	
💡河南景点多且距离远，不适合自驾游哦。而且历史文物需要深度讲解，不然就只是走马观花。首次来河南的宝子可以选择跟团游，吃、住、行、门票一次性搞定，省心又省时~
﻿#新年旅游第一站﻿ ﻿#河南旅游﻿ ﻿#河南旅游攻略﻿ ﻿#河南亲子旅行﻿ ﻿#河南亲子游﻿ ﻿#只有河南﻿ ﻿#洛阳旅行﻿ ﻿#洛阳旅游攻略﻿ ﻿#开封旅行攻略﻿ ﻿#洛阳旅行﻿",527,575,8,https://www.xiaohongshu.com/explore/6799fdb8000000002902dd33?xsec_token=ABYHj8eq66t5sQyW5esNoh_SUxGM5OPav7USqyzj2oDJ8=&xsec_source=pc_search&source=web_explore_feed,https://sns-webpic-qc.xhscdn.com/202502281938/e6429de0a0ee60ae356e67df8fa22d6d/spectrum/1040g0k031d823aj916005njfhab097s9vtlnhig!nd_dft_wlteh_webp_3,小吃货一枚,,
河南本地人推荐：来旅游别只去老君山,"报团248#雪景只看老君山 #老君山下雪 从洛阳出发，懒人团10:10出发，1:30到的老君山，司机景区门口停车让人上来卖手套、帽子，很无语
说是包含一级索道和门票，别的不说，时间根本来不及，金顶5:30亮灯，6点就关了，二级索道那段路程说是需要爬2.5小时，爬了三个小时4点才到十里画屏入口，还得需要一个半小时到金顶，果断选择坐个电梯40直达金顶，吃个泡面立马去拍照，看日落🌄，还是很壮观的，亮灯就半小时，冬天5点多天还没完全黑，灯亮根本看不出效果，等黑了，灯也关了，所有人就开始立马往下走，8点要在景区门口集合，所以下来也是自费二级索道
注意事项：1、注意保暖，带好教资、身份证、帽子、手套（山顶风巨大）、墨镜、山脚下买竹棍（5块钱俩）❗️❗️❗️一定一定小心，会有人偷，一不下心就丢了，我两根全都丢了
2、早点出发，半价没必要报团，时间不科学，起码得9点开始爬，那团早的6:30，晚的10:30
3、门票100、一级索道130、二级索道上去45，下来40、来回80，电梯只能上不能下40，体力不好的趁早坐个二级索道、不然赶得累死 #老君山之旅
5、别带泡面，有攻略说可以买热水，上去并没有，12一碗泡好的
6、落日5点多开始，不到半小时就没了，抓紧上去观看
7、别有太大期望，灯就是个灯，避开节假日，全是人类，最近上去只能看亮灯和日落🌄 #日出   #祈福   #老君山攻略   #老君山金顶",28,47,6,https://www.xiaohongshu.com/explore/67b6fb8e000000000900e439?xsec_token=ABxLz7581aBxbNPwVtPktCe6HBiUi8SSigacWVuaEWtaE=&xsec_source=pc_search&source=web_explore_feed,https://sns-webpic-qc.xhscdn.com/202502281938/d1912202a2d37e051b0ea3b2cb8f5cf2/notes_pre_post/1040g3k831e4abfmt0sa05pp7jap7dlhg7p86ip0!nd_dft_wlteh_webp_3,洛阳旅行小红,,
人生建议😭2-3🈷️去洛阳，要做攻略的,"春节、2-3🈷️要带娃、家人来洛阳🎆的姐妹，请收下这份攻略😎✌🏻包详细的！📍洛阳土著特意熬夜整理了一份【洛阳热门景点攻略】 其中还涵盖了洛阳美食推.荐，河南游玩线路等等，干货满满~祝大家在洛阳玩的开心，刷到就是赚到，快码住这篇✔ 不做大冤种！！👇🏻👇🏻
-
📍📍【洛阳美食安/利】
1.小街天府:
推|荐:担担面，豌杂面，冷锅素串串，肠粉(料汁加半分zui好吃，不然会咸)，锅贴(不用到对面小街锅贴吃，略贵)，凉拌三丝，炸土豆，桂花米酒汤圆(有冰的，很好喝)
2.水席:其实洛阳人也不怎么爱水席，东花园连汤肉片还不错，很有代表性，本地人爱吃，可以点一碗尝尝
3.牛肉汤:龙鳞路第|一家牛肉汤(涧西龙鳞路)，南关牛肉汤(南大街里)马杰山牛肉汤(瀍河东花坛)
-
⚠避坑建议
🚫龙门石窟从西北服务区沿着往前走直达检票口，不走冤枉路
🚫应天门或天堂明堂拍照没必要买门票
🚫非自驾去不在市区的景点建议参团，比如老君山
🚫洛阳洛邑古城拍照打卡可以去，没必要非去逛
🚫洛阳水席可以试试，大部分是酸辣口
-
🎀亲测好玩的河南5⃣日游路线规划：
🌟DAY1 | 全国出发-郑州集合
🌟DAY2 | 开封博物馆-木版年画制作体验-清明上河园
🌟DAY3 | 黄河游览-四大名砚澄泥砚制作-少林寺-素斋品尝-学少林武功
🌟DAY4 | 三彩小镇+DIY唐三彩-洛阳古墓博物馆-洛阳水席-龙门石窟
🌟DAY5 | 郑州-河南博物院-行程结束
-
🖐来河南遛娃，选对出行方式很重要❗
⭕第/一次来人生地不熟😐网上的攻略越看越不靠谱😥而且河南各个城市的精华景点较为分散，规划路线、交通换乘真的令人头大😣
想要轻松带娃出行的姐妹们，建议跟上一个【当地纯玩団】更靠谱！
-
【怎么玉定】薯宝们🍠关🐷+在👇平论区dd【人数+天数】即可获取详情噢
-
#chinatravel#河南旅游#河南旅游攻略#河南亲子旅行 #河南亲子游#只有河南 #洛阳旅行 #洛阳旅游攻略 #开封旅行攻略 #洛阳旅行 #洛阳旅游攻略 #郑州旅游攻略 #郑州旅游#老君山#开封旅游#河南定制#私人定制#河南清明上河园国际旅行社靠谱
部分内容来源于@清园国旅-河南风华高端定制 已授权使用",3144,2822,81,https://www.xiaohongshu.com/explore/679f02aa000000002602dd38?xsec_token=AB77nf0uSaYh-JRvQztqT4wtND9C2ZJIqyq0e1kOsAJz8=&xsec_source=pc_search&source=web_explore_feed,https://sns-webpic-qc.xhscdn.com/202502281939/88f4e217ebf02dbec4cd766098c4d170/1040g2sg31dcva6ra126g5pnoludnc5cs07ufmb0!nd_dft_wlteh_webp_3,小红薯66F9E48B,,
熬夜整理洛阳景点攻略，快点码住不迷路✅,来洛阳不知道该怎么玩？今天这份攻略一口气给你讲清楚洛阳各大景点攻略#洛阳旅游攻略 #本地人做的攻略 #周末去哪儿,654,971,31,https://www.xiaohongshu.com/explore/67b161a4000000001701dfde?xsec_token=ABSpgDXNrJAeumbDrYk7f21CoCidfBhNSW1HoKbitmT54=&xsec_source=pc_search&source=web_explore_feed,https://sns-webpic-qc.xhscdn.com/202502281939/be3b954aaa175b3d300f417504555cb3/1040g2sg31dutd6vm0k705pjbtci1oiirt5agqpg!nd_dft_wlteh_webp_3,小张爱旅游,,
洛阳去了😣把所有雷都踩了一遍…千万别去,"洛阳真的是一个没做好准备不建议来的城市！！因为非常容易踩坑
但是洛阳也是一个很值得旅游的城市！！2024年一定要去一趟洛阳，感受一次“花开花落二十日，一城之人皆若狂”的浪漫
-
🚦交通指南
✈️洛阳北郊机场，距离市区大约40分钟车程
🚅洛阳龙门高铁站，坐地铁2号线到市区
🚉洛阳站在西工区，出站也是乘坐地铁2号线
-
❣️🌺景点精选：
1️⃣洛阳博物馆🏺：作为了解洛阳历史文化的重要窗口，这里收藏了丰富的文物和艺术品，让你一览古都的辉煌历史。
2️⃣隋唐城遗址植物园🌸：春天的牡丹花海，秋天的红叶如画，这里是大自然的诗篇，也是你感受春天的最佳去处。
3️⃣龙门石窟🗿：佛教艺术的瑰宝，千佛千面，每一个微笑都是历史的印记。💫
-
✅ 洛阳牡丹花会节赏花指南
1️⃣ 王城公园
4.1号—4.10号，共有约50个品种牡丹开放。主要分布在沉香楼观赏区周边。
2️⃣隋唐遗址植物园
4.1-4.10号（北门对面是洛阳博物馆），约200个品种。主要分布在九色台、百花园、科技园、特色园。洛阳仅有的一株银丝贯顶牡丹，它的花期在四月中旬。据说排队1小时只能看30秒
3️⃣中国国花园
4.1号-4.10号（西门距离洛阳博物馆近），共有约80个品种牡丹开放，游玩需要半天时间。
4️⃣神州牡丹园
4.5号-4.15号（对面就是白马寺）约35个品种牡丹开放。主要分布在国画台、精品观赏区等。
5️⃣国家牡丹园
4.5号—4.15号（在古墓博物馆附近）共有20个品种牡丹开放。主要分布在南园区凤丹林、北园九色台，展览馆内。
6️⃣国际牡丹园
4.5—4.25号（距离古墓博物馆很近）共有20个品种牡丹开放。主要分布在华夏园早花区和大温室
-
🌈洛阳行程参考
⭕第➊天行程
龙门石窟→关林景区→老城十字街→洛邑古城
⭕第➋天行程
白马寺→隋唐洛阳城（明堂天堂 应天门 九洲池）→天心文化产业园（旧城记/相声表演）
⭕第➌天行程
洛阳博物馆→隋唐大运河文化博物馆→广州市场步行街/西工小街
⭕第➍天行程
老君山一日游
tips：洛阳人文景观、自然景观都有，第一次来还是建议花4天时间游玩，不会走马观花，游玩体验会更好~
#洛阳  #龙门石窟  #河南旅游   #河南旅游攻略  #洛阳旅行  #洛阳旅游攻略  #洛阳牡丹花会#旅途中的美景",18,37,1,https://www.xiaohongshu.com/explore/66028b9f0000000013024bfc?xsec_token=ABSMy3pf5aZuB1Ovrs6lQPvft2qXVM1N4XgYWULyeZTUA=&xsec_source=pc_search&source=web_explore_feed,https://sns-webpic-qc.xhscdn.com/202502281939/3fe170d2796bd5ba98d36f5535c8391e/1040g008310q5p4lf6m005p113ct4iclef6cpspo!nd_dft_wlteh_webp_3,在分享老君山登顶的小胖,,
来洛阳前，听点本地人不一样的大实话 攻略,"👉洛阳旅游本地人的真心建议，没看千万别来‼️
⚠️最后附🈶三天两夜、四天三夜<不绕路>玩转洛阳攻略，赶快码住姐妹们‼️
﻿#本地人做的攻略﻿ ﻿#洛阳旅行﻿ ﻿#洛阳旅游攻略﻿ ﻿#老君山雪景﻿ ﻿#老君山﻿ ﻿#应天门﻿ ﻿#洛阳博物馆﻿ ﻿#龙门石窟﻿ ﻿#人文景点分享﻿ ﻿#国内旅游日常﻿",85,104,1,https://www.xiaohongshu.com/explore/67a8118c000000002902de18?xsec_token=ABXjKjMT2IoFj1Pi0MV9ckNlNLvXQsV6YJhs3oKQZWirM=&xsec_source=pc_search&source=web_explore_feed,https://sns-webpic-qc.xhscdn.com/202502281939/872dfd31359940d1455ef61b9e09ad59/spectrum/1040g0k031dlq6gclgc0g5pt5dkfintffhbr15co!nd_dft_wlteh_webp_3,小芸游洛阳,,
洛阳深度游，11-12🈷️来的姐妹一定要看,"#小众旅行地
11-12🈷️想去洛阳旅游的宝子们，洛阳本地人经验告诉你，要做好攻略！不然前期踩了很多坑，变成大冤种！后面是我熬夜整理的洛阳全景点旅游攻略，希望能帮姐妹们少踩点坑，祝大家玩得愉快~
.
✅洛阳不绕路五天四晚路线分享
Day1：白马寺➕洛阳博物馆➕龙门石窟
Day2：龙潭大峡谷
Day3：白云山
Day4：少林寺➕寻迹洛神赋
Day5：老君山
🔥Tips：应天门，丽景门，天堂明堂，九州池，十字街，小街天府都离得近，也都适合晚上玩完回来逛吃
.
✅洛阳住宿攻略
💙解放路地铁站附近：地铁1号线与2号线交汇点，交通方便，附近商场多
💙洛龙区开元大道附近：公交地铁也方便，设施比较新，一百多就有不错选择，商务区堵车风险较小
💙应天门附近：洛阳中轴线所在地，有地铁，公交，步行也可到达应天门、明堂天堂但是不好停车,逛夜景的话建议骑共享电动车
…………具体洛阳旅游攻略看上图哈
祝大家旅途🐟快😄#洛阳旅行 #洛阳 #洛阳旅游攻略 #洛阳旅游景点 #洛阳旅游推荐 #洛阳旅游打卡 #洛阳老君山旅游攻略 #老君山 #龙门石窟",3340,4772,64,https://www.xiaohongshu.com/explore/672b4297000000003c018429?xsec_token=ABLkwFF8va6HAF9Oy9JzDb7BNXqJ6fuZAKxe7Uj_0-s1g=&xsec_source=pc_search&source=web_explore_feed,https://sns-webpic-qc.xhscdn.com/202502281939/64c162ac930f4d2cc8699f663126460a/1040g008319ru3snf7a605pfvn69hhspvekbipj0!nd_dft_wlteh_webp_3,洛阳优景旅行管家,,
洛阳冷门小tips,"刚从洛阳回来，记录一些自己的心得感受，不一定对，需要的朋友做个参考
	
1，洛阳物价真的蛮低。一碗胡辣汤+3个牛肉水煎包只要9块钱，汤里还有很厚的牛肉片，而且菜量超大，我们点的130+的菜，感觉够3-4个人吃，两个江浙沪常驻人口非常震惊
2，交通方面，洛阳市区不大，我们在景点之间全靠网约车穿梭，市内单程基本不超过10块，一整天加起来不到100块，两个人人均50不到，便宜又方便。较远的景点只有白马寺和龙门石窟，单程也只要30左右。
但是要避雷所有拉客的三轮车和出租车、黑车。三轮车非常危险，完全无视交通法规，在快车道里穿梭，甚至会直接开上高架，很离谱。在景点有事只找工作人员问，我们在龙门石窟，有个黑车司机想做我们的生意，一通瞎指导致我们错过了电瓶车上车点，多走了一公里多，总之不要理，不要搭话。
	
3，说到这顺便一提洛阳的拉客情况，从我到龙门站开始每个车站、景点都有非常多人来搭话拉客，跟其他城市不同的是这边拉客的人会一直跟在你旁边五十米一百米不放弃，很吓人，我觉得干脆不理比较好
	
4，因为交通比较方便，感觉住宿订哪里都行，只要是老城区这一块，各处离得都很近。我们住在王城公园附近。洛阳的酒店房间真的非常大，随便点开一个就是单间30多平方最后订了一间40多平的，五天1200不到，很爽。
	
5，景点我们去了洛阳博物馆，古墓博物馆，龙门石窟，白马寺，洛邑古城，九洲池。其中我很喜欢古墓博物馆和白马寺，洛邑古城属于随便逛逛，可去可不去。九州池瑶光殿非常漂亮，尤其夜景，但是为什么要放一大排射灯，我非常不理解。个人认为一些景点比如应天门明堂天堂等，都是古建筑类有点雷同，没必要很特种兵地赶行程打卡～
	
6，分享一条龙门石窟游览路线，感谢原po，我们按功课走了一趟体验非常好。约16：30到达，打车到东北服务区-景区电瓶车坐到白园-白园出来过龙门桥-进入景区游览（约18：30开灯）-景区出口-过漫水桥-对岸拍照打卡-电瓶车到东北服务区-打车回。①这个时间游览没太阳晒，能等到开灯，不特种兵。②这个路线不走回头路，但我们没有进去香山寺。③到达东北口可能会有人跟你讲这是出口，是停车场，不能进去，不要信他的！往里走就是！坐电瓶车到白园！
	
7，汉服妆造做了，写真拍了，等成片出了会单独分享一篇。洛阳汉服妆造又多又便宜，但是在景点看到的绝大多数都是我欣赏不来的网红妆，如果喜欢复原一定要做好功课提前约。
#洛阳旅行 #游玩攻略",1350,1592,114,https://www.xiaohongshu.com/explore/66f3e12a000000001902f51d?xsec_token=ABjVY2G3hgBI-ny0qqsg9MV7P0IcamcYWySY1nwlrq64E=&xsec_source=pc_search&source=web_explore_feed,https://sns-webpic-qc.xhscdn.com/202502281939/a0d2fe1cf5ede306854417dcd77c4682/1040g0083185rfbu2go605ne7ujm082bs5povo00!nd_dft_wlteh_webp_3,Fiona_糯米,,
😰洛阳不要说来就来啊…⚠️我的建议是……,"来洛阳这些提前看，做好规划✅
🔆只适合看夜景，不推荐花钱进的景区❌
🚫应天门
没必要花钱进去，做个妆造在广场外面拍照就可以了夜景还是好看的
🚫洛邑古城
商业化气息很重，周围全是妆造店，妆造基本要等1-2小时，古城拍照很有氛围感，不过想拍照要排队等
🚫丽景门
丽景门上面不是只有一道城墙，而是有两个“楼”，站在客家楼上可以拍到西大街夜景。
🚫天堂明堂
门票90/人，白天不要去晚上在外面拍照打卡就行了，里面不值这个门票钱
-
🔥推荐去的景点：
❤️洛阳博物馆
门口大件行李免费寄存，博物馆内禁止使用闪光灯拍照，想要来洛博的，建议提前三天预约门票
❤️龙门石窟
任何有闸机的位置出去之后就不能走回头路了，推荐下午晚上去，精华在西山石窟。
❤️白马寺
已有1900多年历史，白马寺国际殿异域风很重，出片率非常的高,比较偏，附近没有什么吃的。
❤️老君山
山上的物价相对合理，还有蜜雪冰城，登山时尽量轻装上阵，保温杯带一瓶水即可
~
⚠️⚠️避坑指南：
✅丽景门、十字街可以一条线溜达下来，特色小吃很多，可以都尝尝。
✅白天早上喝牛肉汤，起的越早汤越好，早点去吃，人少又不用怎么排队
✅博物馆之类的一定要提前三天预约
✅龙门石窟和白马寺距离比较远，不要住在这附近。偏且吃住行都不方便
✅不翻汤不要轻易尝试，本地人从来不喝
✅洛阳打车价格低，有时候打车性价比高些,没那么浪费时间
✅不在市区的景点，比如老君山，龙潭大峡谷，白云山都建议大家报团
✅住宿首选应天门、丽景门附近
#周末去哪儿 #本地人做的攻略 #洛阳 #洛阳旅行 #老君山 #老君山一日游  #老君山一日游团 #老君山一日游找小月 #老君山一日游找小月洛阳游 #小月洛阳游",1218,1386,83,https://www.xiaohongshu.com/explore/677cd76b0000000017038c25?xsec_token=ABmPhXx9P7rgOZGrwlbPixmn94M_ebzBPXQTpcLlC-Gvg=&xsec_source=pc_search&source=web_explore_feed,https://sns-webpic-qc.xhscdn.com/202502281939/f5910556501150769225f25a0991295e/1040g2sg31csd6nlph0705pfqhjr2pqk4r3oarh8!nd_dft_wlteh_webp_3,爱旅游的小月🔥,,
