标题,内容,点赞,收藏,评论,笔记链接,图片链接,作者,keyword:洛阳 自由行 攻略,2025年02月28日 13:54
在洛阳3天3晚怎么玩？这里给你答案,"3天3晚洛阳打卡最全版旅游攻略洛阳。
3天3晚洛阳打卡最全版旅游攻略洛阳，一直感觉不算大，然而我误区了😂，名景点太多了，3天3晚，终于算基本玩明白了.....
	
【交通攻略】
✈️机场：
✔️洛阳北郊机场：距离市区15公里左右，没有直达地铁
🚄火车站：
✔️龙门高铁站：地铁2号线可达，距离龙门石窟较近，5公里左右
✔️洛阳火车站：地铁2号线可达，市区位置
	
【住宿位置参考】丽景门地铁站附近
	
【游玩路线&交通】
▶️Day1：洛阳站→（地铁2号换1号丽景门站下步行200米）酒店→（9公里15分钟左右车程）古墓博物馆→（10公里15分钟左右车程）应天门→（700米步行10分钟左右）明堂天堂→（800米步行10分钟左右）九州池→（2公里5分钟左右车程）西工小街→（3公里7分钟左右车程）酒店
	
▶️Day2：酒店→（当地一日游团）老君山→酒店
	
▶️Day3：酒店→（58路白马寺下步行900米左右）白马寺→（12公里25分钟左右车程）隋唐运河博物馆→（1公里步行15分钟左右）洛邑古城→（1.2公里步行20分钟左右）十字街→（800米步行十分钟左右）丽景门→（600米步行10分钟左右）酒店
第四天可自嘻行安排，给出简单参考
Day4:少林寺➕龙门石窟，或者少林寺➕寻迹洛神赋
也可去二里头（最早的中国）华夏遗址博物馆……
图文授权@景远旅游
#景远旅游   #攻略 #洛阳旅行 #洛阳旅游 #洛阳旅游找景远旅游 #春节洛阳旅游 #洛阳 #洛阳旅行跟团游 #洛阳老君山报团 #洛阳人文景点",3460,2931,39,https://www.xiaohongshu.com/explore/679494090000000018010a58?xsec_token=ABqopgTeLm9AJYDX9Kp8GlwY9H5gqLZCOi6Um5yXCUVBg=&xsec_source=pc_search&source=web_explore_feed,https://sns-webpic-qc.xhscdn.com/202502281354/c68ed4f674f3487c14602285720f7916/1040g2sg31d2pa1s90mdg5prbjl958hg6fr187co!nd_dft_wlteh_webp_3,春节洛阳游玩攻略,,
熬夜整理洛阳景点攻略，快点码住不迷路✅,来洛阳不知道该怎么玩？今天这份攻略一口气给你讲清楚洛阳各大景点攻略#洛阳旅游攻略 #本地人做的攻略 #周末去哪儿,638,951,30,https://www.xiaohongshu.com/explore/67b161a4000000001701dfde?xsec_token=ABSpgDXNrJAeumbDrYk7f21CoCidfBhNSW1HoKbitmT54=&xsec_source=pc_search&source=web_explore_feed,https://sns-webpic-qc.xhscdn.com/202502281354/dc97dc0383916eeec9434100827aeef4/1040g2sg31dutd6vm0k705pjbtci1oiirt5agqpg!nd_dft_wlteh_webp_3,小张爱旅游,,
天津➡️洛阳3️⃣日游,"第1️⃣天：天津—洛阳、龙门石窟、应天门
🚄天津西—安阳东（站内换乘）—洛阳龙门💰385.5
早上7:46的高铁从天津西出发去洛阳龙门，在安阳东站内换乘，本来预计12:34到达，但因为有一趟车晚点，所以最后12:53到达，先去酒店放东西，定的高铁站附近的酒店
放好东西打车🚗9.8元到龙门石窟西北服务区，跟着人流进入，不需要坐景区车，💰龙门石窟全票90、半票45，沿着伊河游览，阳宾洞、万佛洞、卢舍那大佛都在这一边，过桥对面是观礼台、香山、白园
⚠️⚠️⚠️游览完白园之后就结束了，最好再过桥回到西北服务区，但是我没有🥹结果走了好远走到了东北服务区，沿途坐了81路公车一个小时到应天门
应天门在外面看看拍拍照就可以了（其实我觉得不去应天门，直接在龙门石窟等着晚上亮灯更好看）
晚上从应天门坐1号线两站到洛邑古城吃了水席，好多都是酸辣口很不习惯，不喜欢，有一条夜市小吃街，最后打车回酒店
	
第2️⃣天：老君山🏔️
提前定了九点车次的老君山一日游，包含一索往返+门票+往返车费💰255
早上9:40在妇幼保健院集合（离酒店几百米很方便）
先坐一索到中天门，十二点半左右从中天门开始爬，三点就到金顶了，上面实在是太冷了🥶🥶🥶金顶五点多才亮灯，我们实在等不下去了，如果想看亮灯的话可以晚一两个小时爬山，感觉时间刚好，我们不看灯下山早，全程没有任何排队，从金顶到山下用时一个小时十分钟
晚上7:30出发返程，9:25到达妇幼保健院，回酒店休息
	
第3️⃣天：洛阳博物馆
提前预约了博物馆11:00-1:00的票，免费
早上坐77路公交到洛阳博物馆，大概十点半开始从2楼逛，趁人少先逛的珍宝馆，等下到一楼人就多了，十二点半逛完，吃个午饭回酒店，三点退房
🚄16:25洛阳龙门—石家庄（站内换乘）—20:16天津西💰420
	
Ps、河南对我来说真的是美食荒漠，没有什么合口味的食物🥹🥹🥹
#洛阳 #栾川 #龙门石窟 #老君山 #洛阳博物馆 #旅游",119,130,16,https://www.xiaohongshu.com/explore/676ff042000000000902e6a5?xsec_token=ABF1HT2Er6I_QvSLBv43wlEesEdcDjgn3LGg_-6KX0VjA=&xsec_source=pc_search&source=web_explore_feed,https://sns-webpic-qc.xhscdn.com/202502281354/50f8eebd7e2f3ef1774554da262eb154/1040g2sg31bv0a4d10k705nt7vmr0btaf8dm6v80!nd_dft_wlteh_webp_3,哈哈哈哈,,
【洛阳牡丹节旅游通知】✈️请尽快修改行程,"💞谢谢我的洛阳好朋友！知道我春季要去洛阳玩，立马说了洛阳牡丹节旅游通知，马上就总结了游玩攻略发出来，里面还有妆造推.荐,游玩线路等。春季和我一样要去洛阳看牡丹花的姐妹们，如果觉得有用，可以先🐎一下，出发前直接照着玩，少去很多烦恼哦‼
.
💁洛阳牡丹节时间: 4月8日~4月23日
赏花时间: 4月1日~5月5日
❣️注意: 3月底市区牡丹园的一些早花品种就会开放，4月10日左右是盛花期，各品种牡丹会竞相绽放，4月20日以后还有一些晚期品种盛开，可去国际牡丹园观赏
-
☑️洛阳景点攻略
✅适合白天游玩的景区：
1️⃣龙门石窟：经历400余年的光阴，才形成了如今我们看到的如史诗般恢弘的石刻艺术
2️⃣白马寺：中国第壹古刹，历来被尊为中国佛教的“祖庭”和“释源”
3️⃣洛阳博物馆：虽然是个地市级博物馆，但是馆藏数量和质量可以媲美很多省级大馆
4️⃣洛阳古墓博物馆：虽然不大却很有特色
✅适合晚上游玩的景区：
1️⃣应天门、天堂明堂，武则天登基称帝的地方
2️⃣洛邑古城：大型户外摄影棚、仿佛穿越回隋唐，适合唐装拍照打卡
3️⃣九洲池：皇.家花园，有表演，氛围还不错
4️⃣丽景门十字街：小时候记忆里的古城，小吃街跟全国的小吃街大同小异
-
👏亲测好玩的河南5⃣日游路线规划：深度游，炒给力！
✨D1:郑州集合一入住酒店—市区自由探索
✨D2:河南博物院大咖讲解—少林寺—少林师兄带游
✨D3:龙门石窟—天堂名堂品茗—洛阳神都夜游
✨D4:白马寺祈福—牡丹园赏牡丹—清明上河园
✨D5：开封府（拜包拯领略人间正气）— 行程结束
-
不想做攻略的宝子，可以认真甄选一个当地的靠谱団，有的线路跟自由行安排的差不多，住得好吃的也好，吃住行玩,资深导游一价全含，真的会比自由行省心很多，也划算。
-
#河南旅游#河南旅游攻略#河南亲子旅行 #河南亲子游#只有河南 #洛阳旅行 #洛阳旅游攻略 #开封旅行攻略 #洛阳旅行 #洛阳旅游攻略 #郑州旅游攻略 #郑州旅游#老君山#开封旅游#河南定制#私人定制#河南清明上河园国际旅行社靠谱 #牡丹 #人间四月牡丹开 #洛阳牡丹 #赏花
部分内容来源于@清园国旅-河南风华高端定制 已授权使用",1715,2328,135,https://www.xiaohongshu.com/explore/67bc485400000000280350c5?xsec_token=ABa24pGds3urSNzETqnEqRYZy7Tr5punlVm6-tXfNM7i4=&xsec_source=pc_search&source=web_explore_feed,https://sns-webpic-qc.xhscdn.com/202502281354/b332ff7c99ca7ded691841c15f523c29/1040g2sg31e9i2ajagcdg5pnoludnc5csshgvvp8!nd_dft_wlteh_webp_3,小红薯66F9E48B,,
听劝👂2-3月来洛阳的姐妹请🐴住❗,2﹣3月计划来洛阳的姐妹👭🏻们，看看这份不交智商税的洛阳旅游攻略吧！超用心整理的❤，去洛阳前一定要看看❗️#洛阳 #洛阳旅行 #洛阳旅游攻略 #洛阳旅游 #洛阳美食 #洛阳汉服 #洛阳老君山 #龙门石窟 #小众旅游地 #本地人做的攻略,621,656,23,https://www.xiaohongshu.com/explore/67b5653d000000000900e39b?xsec_token=ABUG3PXM2rkDKZT301D-MHGB_h1WlC24Xw8TrHWvBxJIc=&xsec_source=pc_search&source=web_explore_feed,https://sns-webpic-qc.xhscdn.com/202502281354/3f00dad68335beca74be8612b5fb4564/1040g2sg31e2qr82m10dg5pfvn69hhspvm51c1k8!nd_dft_wlteh_webp_3,洛阳优景旅行管家,,
💰人均600两天一夜玩转神都丨洛阳🎁,"📍定位：河南洛阳
✨关键词：十三朝古都/汉服打卡/人均30吃撑
💰总花费：600-800元（含交通食宿）
	
———🏯【行程安排】———
✅Day1：穿越千年时空
07:30 南关小碗牛肉汤（10元开启元气早晨）
09:00 龙门石窟（💰90元，建议请讲解）
📸必拍：卢舍那大佛+网红剪刀手佛像
12:30 龙门古镇吃非遗水席（推荐牡丹燕菜）
14:30 洛阳博物馆（免费！提前预约）
17:00 隋唐洛阳城应天门（夜游灯光秀超震撼）
20:00 十字街夜市（人均30吃到扶墙）
	
✅Day2：仙侠与烟火气
07:00 白马寺（💰35元，中印泰缅四国佛殿）
10:30 洛邑古城（免费汉服拍摄基地）
👘汉服租赁：49元包妆造（推荐清衫铺）
13:00 老君山一日游（行程供参考/跟团💰228含车票缆车）
🌄必看：金顶道观群+十里画屏
20:00 返程喝不翻汤（西大街刘记老字号）
	
———🍜【美食红榜】———
🔥必吃清单：
1️⃣ 管记水席（人均40，连武则天都爱）
2️⃣ 海碧汽水（2元/瓶，洛阳人童年味道）
3️⃣ 榆树园烧鸡（35元/只，本地人排队买）
4️⃣ 小街锅贴（1元/个，焦香爆汁）
📍隐藏吃法：牛肉汤配海碧+饼丝=地道早餐三件套
	
———💰【省钱秘籍】———
✅学生证门票全半价（龙门石窟45元）
✅应天门周二免票（看灯光秀立省60元）
✅老君山跟团比自驾省100+（含往返车+门票）
✅共享电车3元/小时（老城区景点全可达）
✅住宿选西工区（100元/晚，地铁直达景区）
	
———🚫【避坑警报】———
⚠️别在龙门石窟买牡丹石（都是染色工艺品）
⚠️白马寺请香处有坑（门口5元/把 vs 寺内30元）
⚠️洛邑古城约拍慎选（多看客片防隐形消费）
⚠️老君山别穿汉服爬！（海拔2200米温差大）
⚠️出租车绕路套路（坚持打表或直接用滴滴）
	
———📸【出片指南】———
🌟应天门阙楼（夜景汉服拍摄天花板）
🌟龙门石窟宾阳洞（逆光拍剪影绝美）
🌟老君山金顶（航拍效果像天庭开会）
👗穿搭建议：唐制齐胸襦裙+披帛+牡丹发簪
	
💡隐藏玩法：
1️⃣ 古墓博物馆打卡真实墓穴（免费但超刺激）
2️⃣ 王城公园4月看牡丹（带丝巾解锁阿姨同款照）
3️⃣ 凌晨5点喝头汤（南关牛肉汤4:30开锅）
	
总要来趟洛阳吧！在龙门石窟触摸盛唐余温，穿着汉服穿越应天门，在老君山等一场云海翻涌～
#洛阳旅游 #穷游攻略 #汉服日常#洛阳
✨关注我，带你解锁更多古都隐藏玩法✨
（📌贴心提示：4-5月牡丹花期住宿涨价50%，建议提前1个月订房！）",29,40,评论,https://www.xiaohongshu.com/explore/67bf16c2000000000602afd2?xsec_token=ABbmTOgt9j5qDYMaIFMFh1pTK9L0VX42J802rXVEiqJe4=&xsec_source=pc_search&source=web_explore_feed,https://sns-webpic-qc.xhscdn.com/202502281355/c54057cf46c44a9fa1b3a3123179d6ab/1040g00831ec8h13cgu604a5b6o6ib2kjk2tu768!nd_dft_wlteh_webp_3,马孔多,,
洛阳住宿区域推荐！不知道住哪看这里👀,"来洛阳玩，住宿选对地方超重要🆙
🚇地铁1号线牡丹广场附近
➡️优势：交通便利，附近比较繁华，距离广州市场、涧西万达等比较近，购物、餐饮选择丰富；另外，爱喝精酿的朋友们请注意，涧西的精酿氛围比较好的，推荐得意pub、宵夜等
➡️Tips：距离热门景点比较远，出行需要乘坐公共交通或打车
	
🚇地铁1号线王城公园附近
➡️优势：步行可到达王城公园，去其他景点比较方便；靠近商场，购物、餐饮比较丰富
➡️Tips：除了王城公园，去其他景点都需要乘车
	
🚇地铁1号线解放路站
➡️优势：这里是地铁1号线与2号线的交汇点，交通便利，出行非常方便；周边商场众多（新都汇、王府井、大卫天地），购物、餐饮丰富；距离小街天府很近，地铁一站路，骑车几分钟。
➡️Tips：酒店、民宿众多，选择时需花费更多时间和精力筛选，旅游旺季和节假日房价上涨幅度较大
	
🚇地铁1号线应天门
➡️优势：地处老城区与西工区交汇处，交通方便，步行可达应天门、明堂天堂；距离丽景门地铁一站路，距离洛邑古城地铁两站路距离；附近有万达广场。
➡️Tips：附近特色美食不多，应天门广场太大，绕行不太方便。
	
🚇地铁1号线丽景门、洛邑古城站
➡️优势：处于老城区核心位置，交通方便，步行可以到丽景门、十字街夜市、洛邑古城。
➡️Tips：老城区建筑老旧，街道狭窄紧凑，节假日附近堵车严重；建议备好一次性用品，选择隔音效果好的酒店
	
🚇地铁2号线隋唐园附近
➡️优势：距离隋唐遗址植物园、国花园、洛阳博物馆都不远，从高铁站和火车站下车乘坐2号线可以直达，不需要换乘
➡️Tips：距离其他景点需要换乘地铁，附近特色小吃不多
	
🚇地铁2号线开元湖附近
➡️优势：住宿条件好，以新建的酒店和民宿为主，设施设备较新，住宿体验佳；附近有宝龙城市广场、泉舜购物中心等大型商业综合体，购物、餐饮、娱乐等设施一应俱全；距离龙门石窟、大河荟比较近
➡️Tips：距离市中心和一些传统景点有一定距离，交通出行相对不便，不过随着地铁等交通设施的完善，情况有所改善
	
🏷️住宿Tips：
①价格对比：在不同平台多对比，价格会有所差异；
②提前预定：尽量提前订，尤其是旺季，旺季提前预定以免无房或价格过高。
﻿#洛阳旅行﻿ ﻿#洛阳﻿ ﻿#洛阳旅游攻略﻿ ﻿#旅游攻略﻿ ﻿#住宿推荐﻿ ﻿#洛阳住宿﻿ ﻿#旅行推荐官﻿ ﻿#人文景点分享﻿ ﻿#周末去哪玩﻿",2181,2292,128,https://www.xiaohongshu.com/explore/67627883000000000b00feba?xsec_token=ABTLEWlCKom1bpN_eOUvImu-kXqv2j_kSfjLj1yzJQpqE=&xsec_source=pc_search&source=web_explore_feed,https://sns-webpic-qc.xhscdn.com/202502281355/eb23ec052be0c57df2e6c1cfd75b62e6/spectrum/1040g0k031bhr9s62h6005pn29ii7cacn5ilcgc8!nd_dft_wlteh_webp_3,一顿吃不饱！,,
人生建议😭2-3🈷️去洛阳，要做攻略的,"春节、2-3🈷️要带娃、家人来洛阳🎆的姐妹，请收下这份攻略😎✌🏻包详细的！📍洛阳土著特意熬夜整理了一份【洛阳热门景点攻略】 其中还涵盖了洛阳美食推.荐，河南游玩线路等等，干货满满~祝大家在洛阳玩的开心，刷到就是赚到，快码住这篇✔ 不做大冤种！！👇🏻👇🏻
-
📍📍【洛阳美食安/利】
1.小街天府:
推|荐:担担面，豌杂面，冷锅素串串，肠粉(料汁加半分zui好吃，不然会咸)，锅贴(不用到对面小街锅贴吃，略贵)，凉拌三丝，炸土豆，桂花米酒汤圆(有冰的，很好喝)
2.水席:其实洛阳人也不怎么爱水席，东花园连汤肉片还不错，很有代表性，本地人爱吃，可以点一碗尝尝
3.牛肉汤:龙鳞路第|一家牛肉汤(涧西龙鳞路)，南关牛肉汤(南大街里)马杰山牛肉汤(瀍河东花坛)
-
⚠避坑建议
🚫龙门石窟从西北服务区沿着往前走直达检票口，不走冤枉路
🚫应天门或天堂明堂拍照没必要买门票
🚫非自驾去不在市区的景点建议参团，比如老君山
🚫洛阳洛邑古城拍照打卡可以去，没必要非去逛
🚫洛阳水席可以试试，大部分是酸辣口
-
🎀亲测好玩的河南5⃣日游路线规划：
🌟DAY1 | 全国出发-郑州集合
🌟DAY2 | 开封博物馆-木版年画制作体验-清明上河园
🌟DAY3 | 黄河游览-四大名砚澄泥砚制作-少林寺-素斋品尝-学少林武功
🌟DAY4 | 三彩小镇+DIY唐三彩-洛阳古墓博物馆-洛阳水席-龙门石窟
🌟DAY5 | 郑州-河南博物院-行程结束
-
🖐来河南遛娃，选对出行方式很重要❗
⭕第/一次来人生地不熟😐网上的攻略越看越不靠谱😥而且河南各个城市的精华景点较为分散，规划路线、交通换乘真的令人头大😣
想要轻松带娃出行的姐妹们，建议跟上一个【当地纯玩団】更靠谱！
-
【怎么玉定】薯宝们🍠关🐷+在👇平论区dd【人数+天数】即可获取详情噢
-
#chinatravel#河南旅游#河南旅游攻略#河南亲子旅行 #河南亲子游#只有河南 #洛阳旅行 #洛阳旅游攻略 #开封旅行攻略 #洛阳旅行 #洛阳旅游攻略 #郑州旅游攻略 #郑州旅游#老君山#开封旅游#河南定制#私人定制#河南清明上河园国际旅行社靠谱
部分内容来源于@清园国旅-河南风华高端定制 已授权使用",3102,2786,80,https://www.xiaohongshu.com/explore/679f02aa000000002602dd38?xsec_token=AB77nf0uSaYh-JRvQztqT4wtND9C2ZJIqyq0e1kOsAJz8=&xsec_source=pc_search&source=web_explore_feed,https://sns-webpic-qc.xhscdn.com/202502281355/3fa58808719276fe549093d9cef85131/1040g2sg31dcva6ra126g5pnoludnc5cs07ufmb0!nd_dft_wlteh_webp_3,小红薯66F9E48B,,
赏洛阳牡丹🌺 | 3天2晚行程都给你安排好了,"·
风吹洛阳城，花开盛唐梦
3月即将开始的洛阳牡丹花季怎能不来一趟呢？
	
去洛阳看牡丹加游玩3天就够了～奉上必玩景点和赏花地总结的3天2晚攻略，先码住🌟再出发！
	
🗺️行程安排：
Day1️⃣
上午到洛阳→做妆造→下午王城公园🌺 →西工小街（晚饭）→九洲池→明堂天堂→应天门
Day2️⃣
白马寺→神州牡丹园🌺 →隋唐大运河文化博物馆→洛邑古城→丽景门→十字街
Day3️⃣
洛阳博物馆→隋唐城遗址植物园🌺 →龙门石窟（等3月开放夜游4点前进）
4️⃣还有多的1天时间可去老君山
	
⭐️关于景点：
▫️龙门石窟今年开放夜游时间待定，正常来说牡丹花季会开放，如果开放夜游下午4点去比较好，白天+夜游都能看上（之前专门有写攻略）。如果夜游并未开放那2点之前进比较好
▫️洛阳博物馆提前三天预约！！！！
▫️白马寺值得去！不要错过～
▫️九洲池、明堂天堂、应天门都在一起，也是比较适合拍汉服的行程，九洲池可以5点半之前进去，这样28就能享受白天加夜游～明堂天堂个人觉得可不进去在外围拍照即可
▫️洛邑古城不要🎫，门口汉服店扎堆，但是拍汉服的小姐姐超级多
	
🌺赏牡丹花地点有：
王城公园
隋唐yizhi植物园
🇨🇳国花园
神州牡丹园
guojia牡丹园
国际牡丹园
	
#人间四月牡丹开 #赏花好去处 #洛阳旅游 #洛阳 #洛阳旅行 #旅游攻略 #河南旅行 #洛阳牡丹 #不早起旅行日记 #新年旅行第一站",172,227,8,https://www.xiaohongshu.com/explore/67b5d27a000000002602d7d8?xsec_token=ABUG3PXM2rkDKZT301D-MHGFEmWqosjEw4PjzjXF5VPjA=&xsec_source=pc_search&source=web_explore_feed,https://sns-webpic-qc.xhscdn.com/202502281355/16a9d3937fba59e65613120abbc5de85/1040g00831e3vhbug0s004a7juc19bstjehgp0p0!nd_dft_wlteh_webp_3,润土,,
洛阳旅游刚回来，🤳有些话我一锭要讲的,"💖宝子们👫，洛阳简直是一个充满魅力的宝藏城市，一定要来感受一下它的独特韵味！🎉
	
🚗【交通指南】
- ✈️飞机：洛阳北郊机场离市中心超近，打车约20元。如果不在郑州玩，优先选择洛阳机场哦😉
- 🚄火车/高铁：洛阳站和洛阳龙门站都很方便。洛阳站距市中心3km，可乘地铁2号线；龙门站距市中心9km，也可乘地铁2号线。龙门站旁还有《寻迹洛神赋》演出，到得早可以先去看看👀
	
🏠【住宿推荐】
建议住在老城区或洛龙区。老城区临近十字街、丽景门等景点，晚上逛夜市超方便，还能感受古城氛围😃
洛龙区离龙门石窟近，环境好，交通便利
	
🍜【美食探秘】
- 牛肉汤🥩：早餐来一碗，汤鲜肉美，配上饼丝，绝绝子👍
- 水席🍲：牡丹燕菜必点，酸辣可口，体验独特的洛阳味道😋
- 十字街夜市🍢：各种美食应有尽有，像永香面筋卷饼、悟煎道生煎等，边逛边吃超快乐🤩
- 小街天府、小街锅贴和丹珍汤圆🥟：本地人常去的地方，味道很赞，可以尝尝😎
	
🎇【景点打卡】
- 白马寺🐴：香火旺盛，教资证和学生证半价。建筑风格多样，穿上汉服拍照超有氛围，仿佛穿越古今🤳
- 龙门石窟🗿：世界级瑰宝，白天和晚上的景色各有千秋，对岸香山寺和白居易故居下午5点前游玩，能感受神秘气息✨
- 洛阳古墓博物馆🏛：墓穴群新奇有趣，壁画精美，艺术价值超高，但周一闭馆别跑空哦😉
- 洛阳博物馆📜：免费参观，提前预约，刷身份证进入。在这里可以深入了解洛阳的历史文化，还有免费公益讲解🎤
- 洛邑古城🏮：古色古香，晚上灯光美如画，穿上汉服漫步其中，感受穿越的乐趣
- 天堂明堂🌟：武则天时期的建筑，晚上灯光亮起，在外面拍全景超美，玻璃台子拍出的倒影更是大片感十足📸
- 应天门🏯：参加《唐宫乐宴》沉浸式表演，体验古装剧的感觉，与NPC互动，最后登上阙楼赏夜景🌃
	
📝【贴心建议】
- 博物馆类景点一定要提前预约❗
- 龙门石窟全程不走回头路，从西北门进景区，西石窟看完再出闸机哦😉
- 赏花趁早，4月才是牡丹季，提前确定好去哪个牡丹园🌺
- 出行前看好天气，准备合适衣物，去老君山要带上厚衣服🧥。
- 可以选择合适的游玩方式，如一日游团（适合老君山等交通不便的景点）、拼车小团或私人订制，根据自身情况决定😎
	
💕洛阳之行一定会让你收获满满，快来开启这场千年古都的梦幻之旅吧🎉！
#洛阳旅行  #洛阳旅游攻略  #龙门石窟  #老君山  #洛阳旅游",1579,1721,86,https://www.xiaohongshu.com/explore/672244480000000019016a89?xsec_token=ABc3MEdfxeT591PQVcJTVkaKdfatrUZwgUgeT32QrRw0o=&xsec_source=pc_search&source=web_explore_feed,https://sns-webpic-qc.xhscdn.com/202502281355/8a351e51248f0e080b108d98625bbdfc/1040g2sg319mo3u1n6mdg5npm46e0975aqes8smo!nd_dft_wlteh_webp_3,洛阳小番薯家旅行,,
2-3月淡季准备来洛阳的姐妹👭，一定要看,"淡季来洛阳游玩真好！不冷不热。不过这座城市还	是很值得打卡的!下次还会再来!不做攻略不要来洛阳!回来后给大家整理了这份洛阳旅游攻略!希望能帮助到想去洛阳玩的姐妹们
✅怎么到洛阳
👉洛阳北郊机场:洛阳只有这一个机场，没有直达的地铁，距离最近的2号线地铁口二乔站5.8公里
👉龙门高铁站:高铁都到这里下车
👉洛阳火车站:火车都到这里，简称“洛阳站”
✅需要预约景点:
洛阳博物馆、洛阳古墓博物馆、隋唐大运河博物馆
✅洛阳美食
①龙门石窟:三旦羊肉汤、长洲羊肉汤
②洛邑古城:梁山烤肉、新街娟娟麻辣鸡、新街好厨房大盘鸡酸菜鱼、新街周记油炸烧鸡、顺峰水席园
③小街天府:小街锅贴(非物质文化遗产)、丹珍汤圆、担担面、糖醋土豆片、小笼包
✅注意事项:
1️⃣白马寺很大，香火很旺，教资证和学生证都半价，参拜完本寺，可以参观其他不同国家的佛殿，非常有走出国门的即视感，如果可以，一定要穿汉服来拍照，非常有氛围!
2️⃣龙门石窟是世界级艺术瑰宝，需要一点体力爬山，对岸香山寺和白居易的故居建议下午5点前游玩，晚上会亮灯，跟白天完全是不一样的感觉,很有神秘气息!
3️⃣洛阳古墓博物馆又称洛阳古代艺术博物馆,是墓穴群，十分新奇有趣，很有“盗墓笔记”的即视感，里面的壁画也保存完好，具有超高的艺术价值
4️⃣洛阳牡丹花会节是每年的4月10日左右，从4月开始就是赏花的季节了，赏花一定要趁早，建议早上8点前就到赏花处，这里有很多牡丹园，去之前一定找清楚是去哪个牡丹园!
5️⃣十字街是一条小吃街，人非常多，一定要注意看好个人随身物品
6️⃣龙门石窟:景点全程不走回头路，所以观赏西石窟的时候，一定要全部看完了再出西石窟的闸机，否则就没办法再回头观赏了
7️⃣隋唐城遗址植物园，就在洛阳博物馆对面，里面很大有很多绿植，还有湖，可以划船，喂天鹅
8️⃣来洛阳必吃的牛肉汤，来洛阳要尝尝!
洛阳#洛阳旅游攻略 #旅游不踩坑 #本地人做的攻略 #出行攻略 #洛阳旅游攻略 #远赴人间惊鸿宴",63,78,2,https://www.xiaohongshu.com/explore/67b86530000000002602db03?xsec_token=AByms7XnCmbp5uzGbQXsk44jVHwzxDZSptzKUmH13aIBg=&xsec_source=pc_search&source=web_explore_feed,https://sns-webpic-qc.xhscdn.com/202502281355/d5335fbdb0bce6ee33ec48acf409ac56/1040g00831e5oj2gbh26g5pln3emnc98gc92j2jo!nd_dft_wlteh_webp_3,老君山~小昊,,
郑州+开封+洛阳🌟保姆级攻略 不踩雷❗️,"🙋‍♂️一部河南史，半部中国史
💁做为本土的河南人，必须给姐们们总结河南6天5晚的攻略，需要的姐妹们快来🐎住啦～
-
📍D1：出发地➡️郑州
游玩：根据到达时间在市区可以逛一下河南博物院
费用：免f，但要提前2天在小程序上搜索预约
营业时间：9:00-17:00
晚餐：本地特色烩面  人均：15r
住宿：郑州市区
❗️注意：住宿和晚饭都可以在博物院附近，不用来回跑了，附近是市中心也比较繁华
-
📍D2:郑州市区➡️只有河南
🤩几十个真人表演的小剧场，三个大剧场，把你从现实中拉进历史，身临其境的感受和历史的对话
早餐：本地特色胡辣汤  人均：10r
景点：只有河南景区      门票：290r
营业时间：10:00-20:00
午餐：景区内                 人均：30r
推荐大剧场：幻城剧场/李家村剧场
晚餐：开封鼓楼夜市逛吃
住宿：开封
-
📍D3:开封-清明上河园-万岁山武侠城-洛阳洛邑古城
💃性价比很高的两个精华景点，一步入园，仿佛穿越回北宋时期的繁华盛世，古街小巷、民俗表演，沉浸式体验千年前的市井生活
早餐：开封灌汤包          人均：20r
景点：清明上河园  门票：成人120；学生半价
午餐：清明上河园内      人均：50r
景点：万岁山武侠城      门票：80r
晚餐：洛邑古城逛吃
住宿：洛阳
-
📍D4:洛阳龙门石窟-寻迹洛神赋-应天门唐宫乐宴
💅早早的化上妆穿上汉服，打卡拍照，观看演出，体验一把帝王般的快乐
早餐：洛阳牛肉汤        人均：15r
景点：龙门石窟            门票：90r
景点：寻迹洛神赋        门票：198r
晚餐：牡丹宴餐厅
住宿：洛阳
-
📍D5:老君山风景区     门票：100r
⛰️登老君山看十里画廊，登顶金殿，看云海，除了景美更是祈福的好地方
住宿：洛阳
📍D5:洛阳-返程
-
📝河南虽然没有北上广那么繁华，但是历史文化底蕴浓厚，随便拿出来一座城市都是一部历史，快来感受一下历史的沉淀，享受碳水的快乐吧
#游玩攻略 #河南 #河南旅游 #郑州 #开封 #洛阳",6093,6920,725,https://www.xiaohongshu.com/explore/676134bd0000000014025334?xsec_token=ABO-9nbEYxvuc7tAfFu7qTTzSEV3eZEIiRTMnFk0j59Gc=&xsec_source=pc_search&source=web_explore_feed,https://sns-webpic-qc.xhscdn.com/202502281355/ec808dd012989fa1656b609cef49a639/1040g2sg31bgjtllj16cg5pfnshulpo571s9bs6o!nd_dft_wlteh_webp_3,源源旅游,,
去洛阳前听点不一样的大实话吧……,"感谢我的洛阳好朋友，知道我要去洛阳熬夜给我整理了洛阳旅游攻略，太感动了吧😭😭😭😭😭😭😭😭😭😭😭😭
#假期去哪玩 #洛阳  #洛阳旅行  #洛阳旅游  #洛阳攻略  #洛阳同城  #洛阳美食  #洛阳旅游攻略  #洛阳游玩  #河南洛阳",2014,1639,580,https://www.xiaohongshu.com/explore/67b1c5480000000017039ba0?xsec_token=ABSpgDXNrJAeumbDrYk7f21FFBLLysS_d0Z9TjvraTC0w=&xsec_source=pc_search&source=web_explore_feed,https://sns-webpic-qc.xhscdn.com/202502281355/c4e3dd2822ff8f50ffe52e9fcedd9382/1040g2sg31dv9ie1h0m705pf875b19c3q8sv9ebg!nd_dft_wlteh_webp_3,yy去哪玩儿,,
J人好恐怖…朋友做的国庆✈️洛阳攻略震撼到我,"🧾挑战用城市攻略点亮人生地图：14/100
	
💭coco碎碎念：
生产你们的国庆✈️洛阳攻略键盘给我干冒烟了
速速抬上来给各位公主阅读！
大家假期国庆出去玩儿看这一份就够够的了
还有什么问题都问我好吗？好的
	
🚶‍♀️路线规划（常规版不累
Day1:龙门石窟→应天门→天堂明堂→九州池
Day2:洛阳博物馆→白马寺→洛邑古城→丽景门
Day3:老君山一日游
	
（提问🙋下一个城市旅游攻略你们想看哪里👂
	
#洛阳旅行 #洛阳美食 #洛阳旅游攻略 #国庆节旅游 #国庆去哪儿玩 #国庆出游攻略 #国庆旅游",1.6万,2万,274,https://www.xiaohongshu.com/explore/66f27b7d000000002c02922e?xsec_token=ABG88Li_M2jKRsaG7-azOYh1Nsss914-SFTwjtRHbbqE4=&xsec_source=pc_search&source=web_explore_feed,https://sns-webpic-qc.xhscdn.com/202502281356/3d3b9c2fd21898f809d52676d99ba378/1040g0083184fq4igjq005pguem6jcic6jd9rrao!nd_dft_wlteh_webp_3,coco漫游日记,,
【洛阳】三天两夜，一起远赴人间惊鸿宴～,"又要过年啦🧨，千年古都洛阳体验感拉满，奉上三天两夜精华攻略～
DAY1
全国各地到达洛阳
下午：龙门石窟（门票90，游玩时间3-4小时）
建议到龙门站后直接打车到龙门石窟，不到20分钟，景区内有行李寄存柜（麦当劳后面）或者沿街小店都可以寄存，基本20块钱一个箱子。
晚上：洛邑古城（骨折初愈体力不太行就没去，去吃了光头烙馍村，好吃~）
DAY2
上午：白马寺（门票70，游玩时间约2小时）
中国第一座官办寺庙，中泰印缅四种风格的寺庙非常好拍。（PS：门口的鸡蛋饼也很好吃~）
下午：古墓博物馆（免费，提前小程序预约）
一个个小洞窟钻来钻去，个人觉得没有徐州的龟山汉墓有意思，行程紧的考虑下洛阳博物馆吧。
晚上：应天门-天堂明堂-九洲池
在这里拍了汉服，个人建议不用提前团购，应天门旁边街上很多汉服妆造，我们现场去看的，问了几家，比团购便宜，正常200来块全包，摄影师水平真的要看运气了，反正我的照片后期都靠自己。
DAY3
老君山
建议报个一日团，来回接送，直接送到一级索道门口，我们飞猪报的团（249含门票、一级索道）
索道有两程，个人建议坐第一程就可以，然后走十里画廊上山。
划重点：山上风特别大，穿扛风的衣服，带帽子；
山上泡面12一桶热水泡好，不用吭哧吭哧背上山；
有早起团和懒人团，集合时间不同，想看亮灯可以报懒人团，但......人非常多！
小tips：洛阳有地铁，可以高德搜景区对应地铁线路，我们是全部打车的，河南物价很友好，碰到景区门口有打车去同一景点的小伙伴，可以拼车。
洛阳，值得一冲～～～
#春节 #过年好去处 #洛阳 #旅游攻略 #远赴人间惊鸿宴 #老君山 #河南文旅 #河南旅游 #杭州周末去哪儿 @户外薯",225,201,16,https://www.xiaohongshu.com/explore/6790c15a0000000018019eef?xsec_token=ABVkgH4Y3Lj62A-yS49yEZ3yCIIGO5PZuGJq0qUbMuwrY=&xsec_source=pc_search&source=web_explore_feed,https://sns-webpic-qc.xhscdn.com/202502281356/a7a9b902c367da3566d7e24a9c54b374/1040g00831cv1r2ke0s605nmbhuag8k2bp3o2eh8!nd_dft_wlteh_webp_3,仔仔的户外笔记,,
周末离京洛阳两日游，老君山白马寺龙门石窟,"📝路线及行程
（周五下班）北京出发 - （周六）抵达洛阳火车站 - 老君山 - 丽景门 - （周日）白马寺 - 龙门石窟 - 洛阳龙门高铁站 - 回京
	
🚄交通
北京丰台——洛阳，K269：20:47-07:25，票价297
洛阳龙门——北京西，G674：18:36-22:51，票价430
	
🍜食（P7-P8）
第一日：红豆饼、老君山顶吃泡面、牛肉汤、丽景门小吃（糖葫芦、鲜花饼、糯米糕、三指豆腐、水果捞）
第二日：包子、锅贴、不翻汤
	
🏞景点
📍老君山：4.5分（P2-P6）
1、装备衣着：很轻松的登山路线，偶尔运动的人，不需要带登山杖；戴帽子、围巾或面罩，山顶风大，很冷；戴墨镜，阳光热烈刺眼；带保温杯；
2、比起金顶道观群，十里画屏的俊丽山景更吸引我，同样喜欢自然景观的小伙伴建议慢慢走，多去欣赏十里画屏一路的风景；
3、金顶在17点亮灯，12月21日亮灯的时候天还没暗；
4、物价：统一价格，泡面12、水溶C饮料10、肉肠8元。
	
📍白马寺：5分（P9-P13）
1、路线：山门右侧齐云塔院 - 山门 - 中国佛殿古建筑区 - 博物馆 - 止语茶舍 - 外国佛殿建筑区；
2、千万不要错过齐云塔院，院内有释迦舍利塔，是白马寺难得的一片清净区域；
3、博物馆也非常值得逛，既有历史又有展品；
4、止语茶舍里有免费茶水，可以去小憩，让身心安静放松片刻。
	
📍龙门石窟：5分（P14-P19）
1、非常建议请讲解；
2、装备衣着：在伊河旁边，临水冷，多穿衣服；需要爬台阶，穿舒服的鞋；
3、可以在卢舍那大佛前多驻足停留一会儿，静下来好好感受；
4、逛完西山推荐去东山看卢舍那大佛全景，十分震撼。
	
#龙门石窟 #白马寺 #老君山 #丽景门 #洛阳 #牛肉汤 #爬山 #北京周末去哪儿 #周末去哪玩 #不辜负每个周末",36,35,8,https://www.xiaohongshu.com/explore/676931b30000000013003f91?xsec_token=ABaVmgI2qj2t0q0BPQvcgCEskbN4U7LGgNvgCGC5q2JNQ=&xsec_source=pc_search&source=web_explore_feed,https://sns-webpic-qc.xhscdn.com/202502281356/a655d4f547074c1cfc8c1be14c277440/1040g2sg31bodad1eh2dg4a2vg3d8lri399p2ll0!nd_dft_wlteh_webp_3,赵昱晴,,
淡季洛阳丨神都的两天一夜（松弛拍拍版）,"分享下与77的2025年第一场旅行，北京→洛阳，诸多注意事项和路线分享给大家！
	
🚂交通方式：
	
🚊出发：火车K269，北京丰台-洛阳，20：47 - 7：25
卧铺直达，人均200左右，睡一宿出站打车到应天门附近做妆造，3公里非常近
	
🚉回程：T232，洛阳-北京西，22：15 - 6：10
卧铺直达，睡一宿，回家放下行李整理下出门上班不耽误
	
🎮游玩路线：
	
🌅第一天：
8：00   到达应天门附近酒店存行李
8：30   早饭，南关牛肉汤，味道还可以，不用刻意去找网红牛肉汤店（划重点❗❗❗牛肉汤先喝原味汤，然后再加盐和饼丝，喜欢吃辣的可以加点辣椒油）
9：30   按照预约时间到妆造店进行造型（划重点❗❗❗提前跟妆造店约好具体的衣服和发型发饰，还有披风，根据选择的服饰，沟通是否需要带一个超低胸的保暖内衣，不然容易影响古风造型）
11：00  大运河博物馆拍照（提前约好摄影师和拍照时间），一般拍摄时间在1个小时，图2️⃣3️⃣4️⃣
12：30 午饭 随便吃了一口
14：00  白马寺  逛拍逛拍，喜欢佛教的可以去看看，四种国家的佛教建筑，或者去古墓博物馆，建议买讲解，这俩景点二选一，图4️⃣5️⃣6️⃣
18：00  九州池  拍夜景写真，提前约摄影师（划重点❗❗❗带一双适配妆造的古风鞋子，暖宝宝）图8️⃣
19：30  拍摄结束去吃饭，女明星今日通告结束，图9️⃣
20：00  晚饭  塔西海老大·酸浆火锅，本地特色，128双人餐味道还不错，性价比很高，喝的海碧和洛阳宫很一般
21：30  回酒店
	
🌄第二天
9：00  起床  吃早饭（可以选择胡辣汤或者本地特色汤），洗漱化妆收拾出门，寄存行李
11：00  洛阳博物馆，提前3天预约，只要预约成功，全天可进，门口有卖讲解的50/人，11：20跟团入场2小时讲解
13：30  午饭，格外香大盘鸡
15：00  龙门石窟，跟着人流走就行，17：30可以看到一些灯，没有夜游
18：00 晚饭，建坤洛阳水席（本地人推荐），我觉得只有焦炸丸子好吃
19：00  应天门南北广场
21：00  取行李回程
	
🙊周一：🐂🐎
	
#洛阳#洛阳旅行 #龙门石窟 #白马寺#洛阳旅游 #应天门#洛阳博物馆 #北京#周末去哪儿",183,168,31,https://www.xiaohongshu.com/explore/67838fa30000000017039ccd?xsec_token=AB_QqTCH-w78Td0yxUXQP8u2BCYZUxA9kt4t1fXVhINrE=&xsec_source=pc_search&source=web_explore_feed,https://sns-webpic-qc.xhscdn.com/202502281356/5acf47118f3cb63d4b16a73cc8eedd80/1040g00831civ8ijdh0405opmcuh65qjf9pm1ua8!nd_dft_wlteh_webp_3,夏夏Samson,,
洛阳旅行两日速通自由行攻略 感受千年古都,"OG旅行日记 今天介绍中原自驾之 千年古都-洛阳 两日游攻略 公路旅行速通攻略带给大家 找个周末去玩儿吧！
初夏了 用一天时间感受四大古都之一的底蕴和魅力 再用一天体验洛阳周边老君山或者云台山的自然 夏天火热一些 一年四季皆可
🌟第1⃣️天行程🌟
1⃣️一早前往龙门石窟 80/人 60+免 世界文化遗产 提前订票！在里面绕一圈即可 还是很规范的景点 河对面意思不大 可以不去 但可以隔河望主要石窟群 上午挺好没那么热
2⃣️中午前往白马寺 35/人 60+免 中国d一古刹 历史追溯到汉代 看看古建筑还有新建的各国风格的寺 还出片
下午回到城区分别去了
3⃣️应天门 主城门 皇帝出行的必经之路 很宏伟
4⃣️隋唐植物园 免 主题园林 赏花 牡丹已谢 🈶️月季 不必须来
如果不想去植物园也可以选择洛阳博物馆哦 藏品众多 免费
傍晚：
5⃣️丽景门 免费 另一个城门 并且是十字街夜市的一端 可以好好逛逛 免费 历史老街 很热闹！美食丰富！
继续走到Minzhu街 免费 离十字街很近 同样是美食小吃一条街
6⃣️洛邑古城：minzhu街尽头 免费 重建的古城 很多很多穿汉服拍照的游客 晚上来很热闹 🈶️很多约拍 灯光也好看 仿佛回到了古代洛阳的繁华时期
🥣🌟😋河南洛阳美食：只说特色必吃
😋早餐牛肉汤：龙鳞路第一家牛肉汤、南关小碗牛肉汤
😋烩面：哪家更好吃？老字号滋补烩面馆中规中矩
😋水席：管记水席、杏花村水席 都在十字街
😋小吃：水煎包、灌汤包、蒸菜、粉浆面
🏨住宿：古城漫步酒店
🌟第2⃣️天🌟：
🌟老君山或者云台山皆可 另外白云山也是不错的选择 见上两篇文章 喜欢打卡五岳也可以去嵩山与少林寺哦
#周末去哪儿 #河南旅游 #洛阳 #洛阳旅行 #古城 #人文景点分享 #我的旅行日记 #国内旅游日常 #假期去哪玩 #旅途中的美景",43,23,17,https://www.xiaohongshu.com/explore/664305ae000000001e033e85?xsec_token=ABhgUVUr2ntzEIyDXl2wLVD5h5sSoFhuVRYHOAC2MkDog=&xsec_source=pc_search&source=web_explore_feed,https://sns-webpic-qc.xhscdn.com/202502281356/a548b158eaf8e4f9133edcd4d6975fd6/1040g008312p38mvvj4605neclpm08la8ldv5238!nd_dft_wlteh_webp_3,OG旅行日记-Oooooguoannb,,
📍洛阳 | 熬夜整理72小时纯干货攻略（附地图,"🚗交通
1️⃣洛阳站、龙门站、北郊机场（图2）
2️⃣市区内景点集中，有地铁和共享电动车
🏠住宿
1️⃣游玩城区，建议住在应天门或丽景门附近；为出行方便，我第2晚住在老君山附近
🍖食物
1️⃣小吃：牛肉汤、胡辣汤、烩面、道口烧鸡
2️⃣水席：顺峰、毛旦水席园（以汤水为主，胡椒味重，酌情选择）
3️⃣十字街很多实惠美味小吃
💄妆造
城区内随处可见妆造店，有不同价位，按需选择
	
📝路线规划 图2
Day1：白马寺→洛邑古城→丽景门→应天门
📌除了白马寺，其他几个地方适合夜游。建议先去白马寺，下午和晚上再去其他景点游玩
1️⃣白马寺（1-2h）
🎫门票：35
🕰️时间：8点-17点
✅世界的珈蓝，拥有中、印、缅、泰四国风格的佛殿
⚠️建议进南门后右拐，先去齐云塔院，再返回寺庙主体，最后西门出
	
2️⃣洛邑古城（1-2h）
🕰️时间：9点-22点 免fei
✅综合性较强的商业街区，城内还有各类文化藏馆
⚠️古城面积大，坊巷纵横，很适合做装造拍照
	
3️⃣丽景门
🎫门票：45元 （进城楼）；街区免fei
🕰️时间：8点-22点
✅隋唐皇城的西南门。若不买票上城楼，可以到门内的步行街区，主要以拍照和逛街为主
	
4️⃣应天门（1-2h）
🎫门票：60（登楼）
🕰️时间：9点-21点半
✅隋唐宫城的正南门。广场免fei，夜晚广场上城门恢弘大气，登楼性价比不高，赶行程的伙伴只在广场拍照即可
	
Day2：洛阳博物馆→龙门石窟
1️⃣洛阳博物馆（2-3h）
🎫门票：免费（提前预约）
🕰️时间：9点-16点半
✅国家一级博物馆，馆藏丰富，设有多个展馆
⚠️有大件行李寄存点；节假日人多，要蹲点小程序预约票
	
2️⃣龙门石窟（3-4h）
🎫门票：90
🕰️时间：8点-17点
✅石刻艺术宝库，各大石窟之首
⚠️游客中心处可寄存行李；景区大，景点多，建议预留下午和傍晚；如果下午去，可待到亮灯，夜游石窟
	
Day3：老君山→洛阳龙门站
1️⃣老君山
🎫门票：100元
🚠往返：130元（一级）；80元（二级）
🚠上山：6点半-16点；最晚下山：19点半
✅海拔两千多米，以花岗岩地貌为主
⚠️离市区远，需留一天时间；山上温差大，带上防风保暖衣服；有些路段较陡，必备登山棍；山上物价不高，可轻装简行
#洛阳旅游攻略 #河南旅游 #老君山之旅 #龙门石窟",8847,8320,174,https://www.xiaohongshu.com/explore/671b77a70000000021004dff?xsec_token=ABOVM3eFgb47VEQE8QwZ_rD1bj5HOAg33L7du16nR2KNU=&xsec_source=pc_search&source=web_explore_feed,https://sns-webpic-qc.xhscdn.com/202502281356/ce655288af2d772bb34682054e561a76/1040g00831acad8rs6q005pdmt8gjkkdvprj0nr0!nd_dft_wlteh_webp_3,初岁二三,,
洛阳+郑州｜四天三晚不做特种兵✈️,"📍洛阳
Day1️⃣：白马寺+应天门
中午入住酒店后直奔白马寺，领略全球唯一四国官方联合官办寺院。离开白马寺后前往应天门，周围全是妆造馆，挑选了一家连锁的妆造馆，⚠️⚠️⚠️一定要预留妆造时间！我的妆造花了两个小时，赶在唐宫乐宴开始前才进场。
🔔🔔🔔妆造有点小贵，但是值得！（妆造+跟拍💰699）应天门的门票是上不了阙楼的，所以购买了唐宫乐宴的演出门票（🎫268/人），演出结束后可以登阙楼（如果要摄影师上阙楼跟拍，也就得给摄影师也买唐宫乐宴的演出票）
Day2️⃣：大运河博物馆+龙门石窟
没有预约到洛阳博物馆，后来约的大运河博物馆，据说是博物馆美学天花板。下午四点到达龙门石窟，这样可以顺带看到石窟的夜景（⚠️⚠️⚠️注意查看夜游石窟的时间，例如11月现在就暂停了）我们只参观了西山区石窟，走到观佛台后搭乘电瓶车回到景区大门，后乘坐八点半的动车前往郑州。
	
📍郑州
Day3️⃣：只有河南
带着期待预留了一整天的时间给只有河南，没有失望！强推⭐️⭐️⭐️⭐️⭐️每一场表演都直击人心行进式沉浸式的观影让观众变成亲历者，感受这场关于土地、粮食、传承的故事。
Day4️⃣：河南省博物院+二七纪念塔
讲解要提前约！我们没约到当天是周二但是也是很多人，很多研学团队。离开博物院后去了二七纪念塔打了个卡（二七广场附近是步行街购物广场，可以留在晚上打卡）。最后是在丹尼斯大卫城闲逛觅食，等待傍晚的✈️✈️✈️回家噜。
#洛阳 #洛阳旅行 #白马寺 #应天门 #龙门石窟 #郑州 #郑州旅游攻略 #郑州旅行 #只有河南 #河南省博物院",476,473,15,https://www.xiaohongshu.com/explore/67396f9d000000001d03baa4?xsec_token=ABOyUv2n27j4Xv3tOI3wf9MMPvTs6S9Ved8ljWgudZzPc=&xsec_source=pc_search&source=web_explore_feed,https://sns-webpic-qc.xhscdn.com/202502281356/149b68f8827bfcd68c86dababe3d8bff/1040g2sg31a9p2httn2705o4pa0fg86kij35lcio!nd_dft_wlteh_webp_3,小菠菠萝,,
终于熬夜把洛阳景点画清楚了❗️码住不迷路,"敲详细的✅洛阳旅游攻略来咯‼ 1-2月有计划来洛阳游玩的小伙伴们YiDing要收好，建议直接🐎住噢~
✅三天两夜游路线
day1：龙门石窟→应天门→天堂明堂→九州池
day2：洛阳博物馆→白马寺→洛邑古城→丽景门
day3：老君山一日游
#河南旅游#河南旅游攻略#河南亲子旅行 #河南亲子游#只有河南 #洛阳旅行 #洛阳旅游攻略 #开封旅行攻略#河南旅游推荐官 #洛阳旅行 #洛阳旅游攻略 #郑州旅游攻略 #郑州旅游#老君山#开封旅游#开封菊展#菊展攻略",2345,2225,28,https://www.xiaohongshu.com/explore/677f4ad4000000000b0201ea?xsec_token=ABTrh_dhyGifs4PFFy5tWQvXti-xe88jjLtc5cIgzegkM=&xsec_source=pc_search&source=web_explore_feed,https://sns-webpic-qc.xhscdn.com/202502281356/3f96199ae0e46f6ab4fdc098fea42f99/1040g2sg31ce043990m705pei7bv1e7ppo8qjp38!nd_dft_wlteh_webp_3,胖个鱼,,
来洛阳，三天两夜旅游，看这篇就够啦,"交通：火车站：洛阳站（近市区，推荐）龙门洛阳站（近龙门石窟）
机场：洛阳北郊机场（打车到地铁站坐地铁）
地铁：一号线和二号线
住宿：推荐住在王府井附近，离地铁近，商场聚集买东西便利，离各个景点较近，关键是价格也合适。（应天门，丽景门，周王城广场周边都临近地铁）
美食：南关小馆牛肉汤：牛肉汤配上饼丝，油旋和葱油饼，太好吃了，量大实惠（图4，10r肉特别多。也是可以点菜的）
李强养生豆腐汤：汤底是花生露的味道，都是每天早上现磨现熬，配上青菜豆腐粉丝和炸丸子，很推荐大家去试试（图5，10r一大碗，还可以免费呈汤，加上糖就是露露的味道）
 水席：是河南很出名的美食（适合多人食，所以我没有去过）推荐几个店：管记水席，杏花村水席，杜记水席……（大家可以自行选择）图6
小街天府：川菜为主，菜量不大，价格不贵，想吃啥点啥就行啦，味道也是不错的，个人觉得必尝的酸梅汤（真材实料熬制的，和外面的真的不一样，超级超级好喝）图7
前两个都是连锁，宝宝们离哪个近就去哪个啦
来洛阳别忘了尝尝特色汽水海碧
第一天：龙门石窟90r，提前七天预约
洛阳博物馆：免费，提前三天开始预约，周一闭馆
小街天府：24小时营业
第二天：白马寺35r，提前七天预约
妆造（洛邑古城附近）：绾青丝，洛邑公主，衣锦洛城，芳华阁，红了樱桃
洛邑古城：免费，人比较多，大多拍照为主，里面有卖各种各样东西的，沉浸体验古城
应天门：58r进去（对武则天感兴趣的可以进，北广场可以尽情拍照）
天堂明堂86进（在应天门对面，感兴趣的可以进）
丽景门45r登城墙（个人觉得在下面看看）
十字街：小吃街可以逛完之后吃点东西
后四个晚上亮灯后会更好看
第三天：老君山：提前三天预约（包车拼车或者跟团，距离市区很远，独自前往不方便，我当时跟团125r还是很划算的，2.5h路程）
一级索道往返130：推荐都坐，一日游的时间比较短，爬的话可能来不及。
二级索道往返80：可以不用做，走上去即可
然后一路走过云梯，十里画屏，就到金顶啦（亮灯时间：17.40-18.20）
滑道，滑索，电梯（大家根据自己需求选择）
#洛阳 #洛阳旅行 #老君山 #洛邑古城 #洛阳妆造 #洛阳旅游 #洛阳美食",194,299,22,https://www.xiaohongshu.com/explore/67ad84a90000000029009e6f?xsec_token=ABvoYsqKFndENxit8jt5r_UPyVwM15jlrVOmnbeaD2iC4=&xsec_source=pc_search&source=web_explore_feed,https://sns-webpic-qc.xhscdn.com/202502281357/de363122ef6a3082dd4a5e4f0133bbb1/1040g2sg31dr4lu9u0cdg5noh4l8083n03ccb29g!nd_dft_wlteh_webp_3,一颗芋头,,
在洛阳游玩回来，跟大家说些真心话！,"1、唯一一个不给外国人进入的5A级景区老君山必走一趟，大气磅礴的环境真的很震撼。
2、洛阳是十三朝古都，历史底蕴厚重，一定不要跟团，跟团节奏太快，Keng还多，做好攻略自由行就能玩转洛阳。
3、想直接去龙门石窟的朋友可以坐火车高铁到龙门站下车，这里距离龙门石窟就只有四公里左右，早上坐车中午就可以到达。
4、龙门石窟现在没有夜景，想深入游玩可以找一个讲解员，推荐游玩线路：西山石窟-东山石窟-礼佛台-香山寺-白园
5、应天门和明堂天堂靠得很近，可以放在一个晚上去打卡，如果只是想拍个照片是不用买票的。
6、鸡冠洞如果你不是对石头感兴趣的话就不要去了，里面比较冷，注意穿多件外套进入。
7、想喝牛肉汤、羊肉汤之类的朋友没必要去网上的网红店去排队，在大街小巷里面的馆子味道更地道，价格也更实惠。
8、洛邑古城非常适合穿汉服拍照，租汉服时记得问好时间和价格（可以讲价），尤其是晚上，真的随手一拍都是满满的复古风艺术照。
9、洛阳有很多震撼人心的博物馆，有时间建议多走几个，记得提前几天进行预约，因为人很多，当天去很难能进入。
10、去洛阳古墓博物馆需要有点心理准备再进入，因为进入其中你会感觉来到了地府，彷佛每一件物品都在诉说着属于它自己的故事。
11、住宿的话建议选择在老城区的十字街附近，周边是热闹的步行街，出行也很便利，关键价格也实惠，人均消费150左右。
12、记得提前预定好民宿或者是酒店，不要只是看图片来选择，多看一点评论区的反馈。
#洛阳#攻略 #旅行 #老君山之旅 #旅游攻略",66,36,31,https://www.xiaohongshu.com/explore/671c6250000000001b03f85a?xsec_token=ABd0jBPVmDGNAFfwbw3xvXwp2lO4XFnWUCSdxk_OJIlys=&xsec_source=pc_search&source=web_explore_feed,https://sns-webpic-qc.xhscdn.com/202502281357/ddf2af94affb58e32543a464de79f2ea/1040g008319dd7roamc505o71jbf09fr6ip6uaj0!nd_dft_wlteh_webp_3,爱旅游的沐儿,,
去洛阳前听点大实话吧，真去过才敢说……,"感谢我的洛阳本地姐妹👫，知道最近我要去洛阳，为我整理了洛阳超全旅游攻略，超感动的😭😭😭
想去的别错过这篇洛阳景点挺多的，但是很容易踩坑，做了攻略还踩坑了，更别说不做攻略直接来了😭！把洛阳旅游真实现状整理出来‼️说些大实话！希望对近期有计划来洛阳旅游的宝子们有所帮助🤓
	
🌟放心去：
🔥老君山：老君山日出🌄和日落🌅都很美，不过不在洛阳市区，需要坐大巴或者报团去。
🔥龙门石窟：历史气息扑面而来，需要请个讲解来懂他的历史，在洛龙区，距离高铁站近。
🔥白马寺：四国风格寺庙，香火旺盛，拍照也很出片，里面还有个免费茶馆可以喝茶
🔥洛阳博物馆：馆藏丰富，周一闭馆，提前三天预约，附近就是隋唐遗址植物园，想去的可以一起逛。
🔥隋唐大运河博物馆：周一闭馆，旋转楼梯很出片！大运河全貌画卷也很好看!！
🔥白云山：景区很大，能玩的地方很多，不在市区，需要坐大巴或报团
⚠️其他事项：
❣️洛阳是一个适合慢游的城市，不太适合特种兵式旅游，很多景区慢下来才能感受到它的意义，感受这座城市的文化底蕴。
❣️关于饮食：只能说千人千味，很多饮食是本地人从小吃到大的，不会合每个人的口味，洛阳水席就是汤汤水水，酸辣的，胡椒味重，牛肉汤记得自己放盐，不管吃什么，自己喜欢就好
❣️zui后，希望大家都有一个愉快的旅程
#远赴人间惊鸿宴 #穷游攻略 #老君山攻略 #洛阳旅游攻略 #小众旅行地 #旅游不踩坑 #洛阳美食 #洛阳避坑 #洛阳博物馆",35,30,3,https://www.xiaohongshu.com/explore/67b31ec8000000002503f9d9?xsec_token=AB7ssgT-_LuacMgURsNqPOmbar3quvhI6zNTrghynxeLk=&xsec_source=pc_search&source=web_explore_feed,https://sns-webpic-qc.xhscdn.com/202502281357/928e0c3667972b29b7a476a6799aa11d/1040g2sg31e0jo1kth0dg5p91dvqp2o0rdgsqjug!nd_dft_wlteh_webp_3,爱旅游的小白菜,,
河南|郑州-洛阳-开封六天五晚精华路线推荐,"春节假后终于去了一趟河南，感受中原文化深厚的历史。期间做了不少攻略，于是总结了这一份郑州-洛阳-开封六天五晚精华路线攻略。
	
✅郑州：1天1夜
河南博物院一定提前约，没约上就直奔《只有河南》
📍只有河南幻城剧场
🎫门票：1日普通票290元，可看一个主剧
主剧非常值得，小剧基本都得排队，喜好见仁见智
✈️交通：推荐12306上购买郑州东-绿博园动车，7元18分钟，然后打车
	
✅洛阳：3天2夜
D1：洛阳龙门站-龙门石窟-洛邑古城/应天门夜景
D2：老君山
D3：白马寺-天堂明堂-应天门-开封北站
把三个城市之间的交通中转放在了第一天上午和第三天下午，保留完整的第二天去老君山(早起晚归)，如果不去老君山可在洛阳少停留一天
🏠住宿：住宿推荐解放路站附近，在两条地铁线中转站，去车站和景区都方便
	
📍老君山
春节期间限流导致黄牛和旅行社加价卖票，其实过了春节完全没必要，线下可以直接扫码购票，免票人员无需预约直接去！推荐报团大巴往返省事(¥88)，车上可以买旅行社门票(100)+一级索道(130)到手优惠价180。
懒人晚班时间参考:9-10点上车，13点到景区，18点左右看完亮灯后立马下山，20点集合返程
	
📍天堂明堂、应天门、丽景门、九州池
都在古城附近，风格很像，但里面内容不多，不太值门票，选择性看一两个就好。
	
✅开封：2天2夜
D1：清明上河园/万岁山武侠城-鼓楼夜市
D2：大相国寺-山陕甘会馆-铁塔/繁塔-龙亭
	
❗️开封其实就像一个四线小县城，虽然历史曾无限风光(北宋时期世界第一大都市)，但保留下来的历史古迹很少，所以不如干脆去清明上河园(强推)和万岁山武侠城看演出，有时间就各一天，如果多出半天就去古城逛逛。
	
‼️开封没有地铁，打车很便宜，但非常难打上，而且基本都是老旧出租车！满大街都是三蹦子电动车，随意喊价，推荐骑共享电动车。
	
📍清明上河园
个人最喜欢的节目反而是小众的「火神冲浪」(p10-11)，打着火花冲浪简直不要太帅，这里的打铁花私以为比园区主打的「大宋盛世铁花秀」更好看。
📍鼓楼夜市就是三轮车小吃摊合集，可不去
📍大相国寺、开封寺、包公祠都是近代重建的仿造古建，可看可不看。
📍山陕甘会馆低调小众，其200年历史在同行衬托下反而更实在；
📍真古迹就去看铁塔和繁塔，都有千年历史。
📍龙亭也是仿古建，地下叠着历朝皇宫，门口就很美，没必要进。
#河南旅游攻略  #洛阳旅行 #开封旅行 #郑州旅行#老君山 #龙门石窟",239,388,24,https://www.xiaohongshu.com/explore/67aa44ef000000001800fd1b?xsec_token=ABdL3mhvbzbRgUm7Z7Ar9CZs09yFEGQ0r6QBqVt_8D60A=&xsec_source=pc_search&source=web_explore_feed,https://sns-webpic-qc.xhscdn.com/202502281357/c0dd9c036c5c30ef6b3d56a7e8a2146f/1040g2sg31dnv51i80udg5obg0q1nvo36aqt97tg!nd_dft_wlteh_webp_3,起风了,,
离开洛阳的后劲比失恋还大😭 附3日游攻略❗️,"人道洛阳花似锦
而洛阳的夜景
堪称绝色
这便是 李白绣口中的盛世大唐
	
～
🚶 游玩路线：
Day 1️⃣: 隋唐洛阳城风华
九洲池 → 明堂·天堂 → 应天门
Day 2️⃣: 古寺与老街的交融
白马寺 → 朱樱塔→ 隋唐大运河博物馆 → 鼓楼→ 丽景门 → 十字街
Day 3️⃣: 历史与自然的邂逅
洛阳博物馆 → 龙门石窟
	
～
1️⃣ 九洲池 P5
皇家园林，是皇家宴乐、游赏胜地。目前有仿古建筑和水景，拍照很出片；
🎫门票：30r；
	
2️⃣ 明堂·天堂 P1
明堂：“万象神宫”，是布政、祭祀、朝会场所；
天堂：武则天礼佛的之地
现今重现唐宫辉煌，内部有展览和表演。
🎫门票：90r；
	
3️⃣ 应天门 P1、6
隋唐洛阳城宫城正门。夜景绝美的盛世大唐，每周末会有人造雪；
🎫 门票：上到二层：60r
以上三个景区都去可以选择套票；
	
/
4️⃣ 白马寺 P2、11
佛教传入中国后的第一座官办寺院，拍照很震撼；
🎫 门票：35r
5️⃣ 朱樱塔 P4
“朱樱绿柳洛河滨”，洛河畔的标志性建筑；
6️⃣ 隋唐大运河文化博物馆 P8-9
了解隋唐大运河的历史变迁，馆内展品很丰富；
提前预约，周一闭馆；
	
7️⃣ 鼓楼 P10
始建于明代，历史悠久的古建筑，目前不能上去；
8️⃣ 丽景门 P7
始建于隋代，洛阳古城的西大门，很特别的建筑；
9️⃣ 十字街
美食街，洛阳最古老的街道之一，可边逛边吃；
	
/
1️⃣0️⃣ 洛阳博物馆
馆藏丰富，有唐三彩黑釉马、曹魏白玉杯等镇馆之宝；
提前预约，周一闭馆；
1️⃣1️⃣ 龙门石窟  P3、12
世界文化遗产，还有著名的卢舍那大佛。河对面拍过去很震撼；
🎫 门票：90r
	
～
✔️ 游玩Tips：
① 龙门石窟离洛阳龙门高铁站很近，景区可免费寄存行李；
② 门票预订：博物馆和热门景点，提前预约订票；
	
#来中国就要这样玩 #chinatravel #一眼就心动的中国古建#我在家乡当游客 #不早起旅行日记 #新年旅行第一站 #打工人的春节staycation#新年版citywalk #反向旅行出门溜溜  #出发就是最好的计划 #洛阳旅行 #旅行攻略 #硬控老外的中式旅行地",1796,1357,121,https://www.xiaohongshu.com/explore/6792694a0000000029018787?xsec_token=AB1TJgcaZGoWjZTjcQ2gcPIn40zlfQMkVs1byWpF1Rx7E=&xsec_source=pc_search&source=web_explore_feed,https://sns-webpic-qc.xhscdn.com/202502281357/00d18cab076b2ef71f1c4bf2d5a1915c/notes_pre_post/1040g3k831d0ligqog8705p3dl2dap4a51qt4j70!nd_dft_wlteh_webp_3,珊瑚大玉儿,,
真心提醒2-3🈷️去洛阳的姐妹👭，注意‼️,"一部洛阳史，半部华夏史”
如果真有一个地方可以穿越，那必然是洛阳，满街随处可见“神女”🤩🤩🤩
在这座城市中，武则天女帝的足迹犹存，每一砖一瓦都似乎诉说着她的传奇故事。
📍白马寺：白马寺是中国佛教的发源地和世界佛教文化交流的重要桥梁，钟声悠扬，祈福声声，心灵得以沉静与净化。
📍洛邑古城：洛邑古城，灯火阑珊处，古色古香，夜游其中，梦回大唐。
📍 老君山：登高老君山，云海翻腾间，道观隐现，是祈福求愿的圣地。
📍 洛阳博物馆是了解洛阳历史文化的绝佳去处，也是了解华夏文明的重要来源。
	
📍龙门石窟： 到了龙门石窟，佛龛密布，造像万千，可亲眼一睹到卢舍那大佛的慈悲微笑和万千佛像的庄严法相，见证佛教文化的辉煌与交融。
📍白云山：白云山与龙潭大峡谷，则是自然之美的极致展现，山峦叠翠，瀑布飞泻，尽享大自然的鬼斧神工。
📍丽景门：漫步丽景门，古城墙下，古街古巷，仿佛穿越回盛唐的繁华。
✅美食推荐：洛阳水席、牛肉汤羊肉汤豆腐汤、顾县肉合、浆面条、牡丹香糕、胡辣汤、洛阳锅贴等特的小吃，值得一试
#雪景只看老君山 #洛阳 #攻略 #洛阳旅游 #旅游不踩坑 #本地人做的攻略 #穷游攻略#小众旅行地 #洛阳三天两夜旅游攻略 #老君山下雪",972,1394,7,https://www.xiaohongshu.com/explore/6784d3fd000000001703e985?xsec_token=AB20F8D470Xjn7Rx2zzSNClao7XQpz-7widRYC0UbjW4g=&xsec_source=pc_search&source=web_explore_feed,https://sns-webpic-qc.xhscdn.com/202502281357/37b34aebf5c8f3491bf80c36066a9556/1040g00831cjd3rl4gu005ppo9gan355ccs89udg!nd_dft_wlteh_webp_3,爱旅游的花花,,
做完攻略后再来洛阳要，真的省💰啊,避坑又省钱的攻略来了，看到满意可以点个赞嗷#周末去哪儿 #洛阳 #老君山 #洛阳旅行 #老君山攻略 #老君山一日游 #洛阳旅游攻略,570,345,3,https://www.xiaohongshu.com/explore/674eca0d000000000202eabe?xsec_token=ABCdg24euvwT5lLuL_vdI_19-DCCK4lf3AVtDsa_wssCM=&xsec_source=pc_search&source=web_explore_feed,https://sns-webpic-qc.xhscdn.com/202502281357/2212bfba7a0f8361c0d7e3380055be07/1040g2sg31aukd2dl7e7g5p113ct4iclev4dfti0!nd_dft_wlteh_webp_3,在分享老君山登顶的小胖,,
洛阳四日游保姆级攻略，纯手写！字丑勿怪~,"🔥来洛阳玩，直接按这篇攻略走，不踩雷
⚠️路程安排➕景点介绍➕出行方式➕住宿小Tips➕本地特色美食➕洛阳三大演出怎么选择‼️
#本地人做的攻略 #洛阳旅行 #洛阳旅游攻略 #洛阳美食 #洛阳博物馆 #老君山 #人文景点分享 #龙门石窟 #洛邑古城 #国内游旅行攻略",9159,7323,231,https://www.xiaohongshu.com/explore/675a737d000000000700863f?xsec_token=AB40FcSNoAPzLMDz4aetpfMs4HzQewN7XlO7C9zLUKC5U=&xsec_source=pc_search&source=web_explore_feed,https://sns-webpic-qc.xhscdn.com/202502281357/6877eed39db1ac240f5b30eec109489c/1040g2sg31ba0qsm5na6g5pfd75n3ckj2uthoh60!nd_dft_wlteh_webp_3,小红薯65ED533E,,
洛阳宝藏玩法｜用最省钱的姿势解锁龙门石窟,"📍 路线规划（逆时针省腿版）
⏰7:30 抵达西北服务区（主入口别走错！）
→步行15分钟穿过商业街（忍住别购物）
→8:00开始西山石窟暴走模式（卢舍那大佛必拍📸）
→10:30过漫水桥到东山观景台（全景机位get）
→11:00东山石窟深度游（唐代浮雕别错过）
→12:30香山寺登高（蒋宋别墅超好拍）
→13:30白居易墓园（文艺青年打卡点）
→14:00返程建议坐电瓶车（保存体力！）
	
🍜 美食雷达
✅景区外推荐：
- 龙门李家三旦羊肉汤（10元管饱！）
- 老洛阳面馆（浆面条6元/碗）
- 牡丹鲜花饼（认准""万景祥""现烤款）
⚠️避雷警告：景区内餐饮贵2倍！烤肠都卖8元！
	
💰 费用清单（人均200玩转版）
门票：全价90元（学生证立省45！）
讲解：电子导览30元/台（可2人拼）
电瓶车：单程10元（返程必坐值回票价）
午餐：20元（牛肉汤+饼丝套餐）
交通：市区打车往返40元（4人拼车更划算）
	
💡 黄金省钱秘笈
1️⃣提前1天美团订票刷身份证入园（免排队！）
2️⃣自备水壶（景区5处免费饮水点）
3️⃣下午4点后停止入园但可蹲夜景（夏季限定！）
4️⃣蹭导游技巧：旅行团每15分钟一波，跟着听重点！
5️⃣纪念品去市区十字街买（价格砍半！）
	
🚫 血泪避坑指南
⚠️别穿汉服！石阶多到怀疑人生
⚠️别买""开过光""纪念品（出口商铺都是套路）
⚠️别相信野导（正规讲解员戴蓝牌）
⚠️别错过卢舍那大佛左侧小洞（武则天捐脂粉钱建的！）
⚠️别周日下午来（旅游团多到挤不上观景台）
	
📸 出片圣地标记
1️⃣宾阳三洞台阶（仰拍大佛绝佳角度）
2️⃣礼佛台（全景+伊河同框）
3️⃣香山寺九老堂（红墙竹影古风大片）
4️⃣白园诗廊（假装在京都的森系滤镜）
	
🌟 隐藏玩法
✔️集章党带本子！6个打卡点免费盖
✔️关注官微查""夜游龙门""开放时间
✔️带5元纸币（比照卢舍那大佛原型）
	
建议穿搭：运动鞋+防晒衣+遮阳帽
最佳季节：4月（牡丹花会期间绝美）
游玩时长：4-5小时（含拍照时间）
	
这样玩下来既避开人潮又省钱，关键还能拍出包场感！快收好这份保姆级攻略，穿越千年邂逅盛唐光影吧～#龙门石窟 #洛阳旅游 #穷游攻略",29,44,评论,https://www.xiaohongshu.com/explore/67bc57a7000000000903b01d?xsec_token=ABa24pGds3urSNzETqnEqRYTGnAOKQCoyFfda8g5Karac=&xsec_source=pc_search&source=web_explore_feed,https://sns-webpic-qc.xhscdn.com/202502281357/3959bbfb5da55d515b6076ab3f635c19/1040g00831e9ju72dgu604a5b6o6ib2kja3eo9j0!nd_dft_wlteh_webp_3,马孔多,,
真实鄙视链|大家来河南旅游的觉得怎么样？,"本土著整理出来这篇景点分级，快去打卡吧
河南真的太多好玩的地方，根本统计不完
-
📍河南落地交通选择：
郑州:新郑机场落地后可直接坐:地铁①城郊线转1号线到达市区②出租车:40分钟到市区，不到五十块
	
洛阳:
机场：如果目的地是洛阳建议直接落地洛阳机场
①公交:1路公交到市区②出租车:半个小时，30块钱
	
开封:高铁火车:①开封站②开封北站:高铁经停③开封宋城站:城铁站
①公交:票价一般为1-2元 ②出租车:起步价7元，2公里后每公里1.6元
-
河南避坑指南
➡️在景区吃饭时小心被宰，吃饭前先看好菜单价格地点尽量离景区远一些
➡️景点每天都限流，一定要提前预约，GZH预约，不然进不去的哦
➡️河南出行首选地铁，尤其是上下班高峰期，这个时候打车或者公交车都会堵到你怀疑人生，超级浪费时间
➡️景区附近的那种珍珠手链、工艺品之类的不要买，不是河南的特色，在网上都可以买得到了要租古装一定要去正规的店，不然会被坑，自己有的话可以带上
➡️不要在十字街吃东西，十字街只是包含了很多街道的统称
➡️在鼓楼主街上的东西，不正宗，往里面走小街上，才是好吃聚集地
➡️不要乘坐不正规或者低价的非营运车辆，更不要轻信和参加司机推荐的不正规旅游活动
➡️景点外面都有很多黄牛卖票，千万不要乱买，虽然价格很便宜，但是没有保障，买到假票就亏大了
-
美食推荐指南
🌲巴奴毛肚火锅:河南当地特色火锅。品质很高，可以尝试
🌲胡辣汤:早晨的第n顿，我被牛肉饼折服了，各种饼都很吃，但是胡辣汤真的辣，本地人也有点受不了，怕辣的朋友可以尝尝逍遥镇胡辣汤，小油条泡里面，真的香
🌲合记烩面(郑州人民路店):很多人推/荐打卡的一家，本地人超多，烩面味汤巨香，一定要来吃
🌲洛阳的龙鳞路第一家牛肉汤:本地人全都来吃过的，排队人真的非常多，乌拉拉推/荐过，早上来碗牛肉汤，加饼丝，葱油饼和方便面，巨巨巨好吃!
🌲洛阳水席:来洛阳一定要吃水席，主打汤汤水水，去司马水席楼，在十字街里，他家份量很大，洛阳燕菜，连汤肉片，腐乳肉夹饼都是特色，不踩雷很好吃
🌲鲜花饼:很多家售卖，可以尝尝，价格便宜，口味很多
🌲肉类:道口烧🐔、扣碗酥肉、洛宁蒸肉、鲤鱼焙面、老庙牛肉、桶子鸡、五香兔肉、固始鹅块,萝卜炖牛腩无名蹄花—奎星楼店
	
出去旅行一定要提前做好攻略呀！过来人含泪总结😭😭
	
春节就要到了，想来河南旅游的可以在⬇滴我，包优惠的
﻿#河南旅游﻿ ﻿#春节旅游﻿",2833,3377,241,https://www.xiaohongshu.com/explore/6765495300000000140220a0?xsec_token=ABkpQz6lNrNB6ai_l1sIYzQsX_ylkOM4rlsSfUrOLrHz4=&xsec_source=pc_search&source=web_explore_feed,https://sns-webpic-qc.xhscdn.com/202502281357/877c229cef3b3c44caed5216cd6736a1/spectrum/1040g0k031bkik0v7h2005pkvaoe947ngrkbhed8!nd_dft_wlteh_webp_3,河南择一旅行社有限公司,,
挑战每周末48h逃离郑州———洛阳站,"📍郑州
	
🚄来回火车79元➕🍱120元➕车费38元➕门票125元＝442元
✅早上7点出发啦😉
🚄G2001郑州➽洛阳龙门 46.5元 🕰️7:48-08:33
第1️⃣天：龙门石窟——洛阳博物馆——小府天街
第❶站:龙门石窟
🚗打车   11元  15min            9:30到达
营业时间8:00-18:00，🎫90元，一定要从西北服务区进，游玩路线:西山石窟➽过桥➽东山石窟➽香山寺➽白园
第❷站：洛阳博物馆
🚌99路2元  1h20min        2:30到达
开放时间：9:00-16:30 (周一闭馆)🎫免费需要提前预约哦~
第❸站:小府天街
🚗打车   10r   10min        17:00到达
去小府天街吃东西啦~🥰金牌虾饺皇 ，担担面，酸辣小土豆，豆豉凤爪，好吃好吃，回酒店休息啦~
第2⃣️天：白马寺——大运河博物馆——洛邑古城～十字街～丽景门～应天门
第❶站：白马寺
🚌56路 1.5元 1h            10:00到达
营业时间7:40-18:00🎫35元“中国第一古刹”白马寺。路线:天王殿→大雄殿 →清凉台→止语茶社→泰国佛殿→面甸佛殿→印度佛殿。可以逛逛拍照片~另外买到了🎃手串 好喜欢～
第❷站：大运河博物馆
🚌58转106  3元 1h           13:00到达
开馆时间:09:00-17:00（16:30停止入馆)🎫免费周一闭馆 总共三层 值得一看 记得提前预约哦~
第❸站:洛邑古城～十字街～丽景门～应天门
🚌 106路 1元 20min         16:00到达
具体见⬆️图4
	
回程✅19:00🚕 8元 12分钟
🚞 K736 洛阳➽郑州 19.5元 🕰️19：55-21:28
	
48小时逃离郑州第1⃣️站洛阳 挑战成功✅
很喜欢洛阳，周末找个小城逛逛，针不戳，下篇去开封啦~
#郑州周边游#周末去哪玩 #洛阳旅游攻略#旅行#郑州周末去哪玩 #龙门石窟#白马寺#路线#旅游攻略编辑部 #找个小城慢慢逛 #春游记 #上班族#周末旅行#大学生#特种兵旅游 #洛阳 #拍照",852,702,46,https://www.xiaohongshu.com/explore/65f023010000000014006b3d?xsec_token=ABB3V4wZNd4m9GadNnFkez8kV-EhPwArESx3Aaf3llNr4=&xsec_source=pc_search&source=web_explore_feed,https://sns-webpic-qc.xhscdn.com/202502281357/9d8dad6a9cc3cc51918b64756588c75d/1040g2sg31086ghfbmm005p6e55i2pf61gm3n270!nd_dft_wlteh_webp_3,小邵的周末旅行,,
听劝👂🏼2-4月来洛阳的姐妹🐴住,"风起洛阳城，花开盛世唐
又要到了春暖花开的好季节🥰
想一睹“唯有牡丹真国色，花开时节动京城”的盛世场面，一定要来一趟洛阳！！
攻略已给姐妹们准备好👌🏻赶快来抄作业吧～
.
🌺赏花地点
1⃣️王城公园
💐最佳观赏区：沉香楼周边
📍地址：中州中路312号
🎫：50r
2⃣️中国国花园
💐最佳观赏区：唐风隋影广场周边
📍地址：洛龙区龙门大道2号
🎫：50r
3⃣️隋唐城遗址植物园
💐最佳观赏区：九色园周边
📍地址：洛龙区王城大道281号
🎫：40r
4⃣️国家牡丹园
💐最佳观赏区：牡丹展览馆、凤丹林、九色台
📍地址：王城大道与310国道交叉口西1500米
🎫：40r
5⃣️国际牡丹园
💐最佳观赏区：华夏园、科技大温室
📍地址：机场路与王城大道交叉口西100米
🎫：50r
6⃣️神州牡丹园
💐最佳观赏区：国花坛、文化区
📍地址：洛白路3号（白马寺对面）
🎫：40r
7⃣️牡丹公园
📍地址：涧西区西苑路与牡丹路交叉口
🎫：免费
8⃣️西苑公园
📍地址：洛阳市涧西区南昌路与九都西路交叉口
🎫：免费
.
✅交通指南
1、公交、地铁：可以直接唰🐎
2、高铁：洛阳龙门站只通动车和高铁
3、火车站：洛阳站，只通普通列车
4、飞机：洛阳北郊机场，机场附近有2号线地铁可以到达市区
.
图文已授权@奶糕出游记 请不要误判
#洛阳 #洛阳旅行 #洛阳旅游 #春季赏花好去处 #洛阳牡丹 #游玩攻略 #旅游攻略 #洛阳美食 #洛阳打卡 #洛阳拍照",517,709,74,https://www.xiaohongshu.com/explore/67ad9626000000001701ea53?xsec_token=ABvoYsqKFndENxit8jt5r_UMlCaALm78IXQVcdjMxkWj8=&xsec_source=pc_search&source=web_explore_feed,https://sns-webpic-qc.xhscdn.com/202502281358/442b7809e121eeeacddf71aa62ccb944/1040g2sg31dq1n5ue0m9g5pp866ci15236tm0e50!nd_dft_wlteh_webp_3,邪恶银渐层🐱,,
3天2晚离京计划｜📍洛阳 超详攻略总结,"内容为本人亲测、便宜、好玩、城市攻略❗️
包含吃、喝、住、行、买…方方面面
立志成为大家的云导游、网络旅游搭子
直接拿着出发吧🏃‍♀️💨
	
【洛阳篇】
🚄交通时间：
北京坐高铁到洛阳站，大约3-4小时。💰368起
	
📍景点推荐：（图2️⃣是景点分布图）
1. 丽景门：洛阳古城西门，历史与美景并存
2. 十字街：美食与历史遗迹的完美交融
3. 洛邑古城：周朝古都，古今文化交汇点
4. 应天门：隋唐宫城南门，见证古都辉煌
5. 龙门石窟：石刻艺术巅峰，佛教文化瑰宝
6. 白马寺：佛教初传地，位居中国各大石窟之首
7. 洛阳博物馆：馆藏丰富，河洛文明探索地
8. 古墓博物馆：古墓原迹，超强震撼
	
🍲洛阳美食：
* 赵记甜咸牛肉汤丸子汤（丸子汤👍）
* 小冶东关甜牛肉汤（牛肉汤👍）
* 小街天府（糖醋麻辣小土豆、天府三丝👍）
	
🗺️游玩路线
第①天：丽景门➡️十字街➡️洛邑古城➡️应天门
第②天：白马寺➡️龙门石窟
第③天：洛阳博物馆➡️洛阳古墓博物馆
	
💰整体花销
* 交通：往返高铁票¥730起（二等座）
* 住宿：民宿🏨约¥100-300/晚
* 餐饮：人均¥70-80/天
* 门票：各景点门票平均¥50/人（洛阳博物馆抢不到票的，可以去买天子驾六博物馆票30元）
	
#中秋旅行推荐 #中秋去哪儿玩  #洛阳旅行 #洛阳美食 #游玩攻略 #我的小众旅行攻略 #洛阳博物馆#一键放映旅行攻略 #旅行记忆放映计划",642,607,40,https://www.xiaohongshu.com/explore/66da7875000000002603f5ab?xsec_token=ABKhy52oDvrXlzdjXiem5xQjikjlKwLV_pBz-gZlZEar4=&xsec_source=pc_search&source=web_explore_feed,https://sns-webpic-qc.xhscdn.com/202502281358/5c163a9de0ad9281d7cbb539ad78c92c/1040g2sg317d1e5k24a6g4004vanllvn2kbbapd8!nd_dft_wlteh_webp_3,Maxi麦麦,,
熬夜总结！没有比这个更详细的洛阳攻略！,#洛阳 #洛阳旅行 #洛阳攻略,287,288,6,https://www.xiaohongshu.com/explore/67015ea7000000002c02fa6b?xsec_token=ABHJeEF7vNEzdZrgyeN6DGrzkV_iGTNvJ_rwz0ly0XNG8=&xsec_source=pc_search&source=web_explore_feed,https://sns-webpic-qc.xhscdn.com/202502281358/38b4275693af2a0e7d1a1eff0e04a28d/1040g008318j11e6hk6005o7qd9g08h0hnlc2t98!nd_dft_wlteh_webp_3,鹿团子,,
大学生500两天勇闯洛阳所有景点！！,"周末要出门，最好的城市就是洛阳。
要历史有历史，要景点有景点，还有远赴人间惊鸿宴，老君山上吃泡面。
	
两天洛阳住宿怎么住？
	
建议高铁口酒店，便宜又干净，还方便坐车。
住宿花销大约是80-120一天，差不多八十多就能找到很好的住宿了。
第一天行程推荐
我是周六早上9:00到达洛阳的，在高铁站旁边酒店放了行李箱。
1、10:20，我骑共享单车（6km）到达龙门石窟，花费4元。
龙门石窟门口有共享单车停车点。
龙门石窟是洛阳经典景点，从北魏至今，1400余年。
三四座山全部都是佛像雕塑，震撼至极，整体需要4-5个小时。
门票为90，学生半价45。
	
2、2：00龙门石窟完毕，在龙门石窟出口简单吃饭，打车去白马寺。
去白马寺一定要打车，打车花费在20-60元，四人拼车应该20r就可以，打车只需要30min到达白马寺，公共交通则需要2.5小时，白马寺5:30就没办法进了，下午如果想玩，一定要打车。
白马寺门票为35r，学生半价17.5r。
白马寺是我国第一座官制寺庙，整个白马寺有三个寺区，像是泰国，印度佛寺都有相关建造，是去洛阳必须要去的一个景点。
白马寺整体为3个小时左右。
3、6：00乘坐公交车回市区。
8:00左右到达应天门，应天门附近有很多好吃的，可以美团提前团购。
9:00出去去洛邑古城，骑共享单车20min左右。
洛邑古城是一座古风小街市，适合拍照，夜色里也很出片。
但是整体不大，20min可以逛完，但如果拍照在一个小时左右。自己安排时间。
差不多十点左右回去睡觉。
	
第二天行程推荐（老君山一日游）
预订老君山单日游，250r左右，包老君山接送，包门票，包第一节缆车。
10：00第一节缆车坐完，如果有孩子和老年人建议坐第二节缆车，如果是想爬山，直接爬，绕山一周，最后到达金殿，整体2-3h。
老君山的山景非常惊艳，悬崖峭壁之间，有人家升起袅袅炊烟，穿着里衣偏厚一点，越往上越冷。
但是爬山热脱了外套需要里衣厚一点，不然容易感冒🤧。
1:00到达金殿，金殿附近有蜜雪冰城和瑞幸咖啡，和炸串，整体来说吃的喝的不算贵，如果不是很饿，喝杯奶茶最舒服，也省钱，蜜雪八块一杯，直接拿走。
2:00左右下山，三点半左右到山下吃饭，四点半大巴车发车。
约，七点左右到达高铁站。
回学校，或者回家！#洛阳 #女大学生勇闯自媒体 #大学生 #旅游",314,329,11,https://www.xiaohongshu.com/explore/6722514e000000001901ad70?xsec_token=ABc3MEdfxeT591PQVcJTVkaBDLycLZ-TTomn3GTVmiCd4=&xsec_source=pc_search&source=web_explore_feed,https://sns-webpic-qc.xhscdn.com/202502281358/a168ff8482631921227e1172de4a3fcf/1040g008319j6la376q605oio7980keme5sbf82o!nd_dft_wlteh_webp_3,贺白,,
想来洛阳的姐妹，请取走这篇！！！,"对于第一次来洛阳的姐妹们来说，旅行蕞难的就是做攻略了，今天我就把洛阳旅行的情况整理出来，做了这份攻略，希望能对正在做洛阳旅行攻略的姐妹们有所帮助。
.
✅洛阳景点信息✅洛阳景点地图✅洛阳交通指南✅洛阳三天两晚路线✅洛阳游玩建议
.
🌈出游必备
👔衣服：10-11月份来洛阳，有可能会遇到一周经历四季得特殊体验😂，蕞好准备一两件厚实保暖的外套，尤其计划去洛阳老君山的朋友们，山上气温比较低，租军大衣又脏又不好看，拍照也不出片儿，咱不如自己带一点厚的羽绒服。
🆔证件：身份证必备，还可以带上可以免门票或者打/折的证件，例如：教师资格证、学生证等等
.
🌈洛阳三天两晚路线
Day1⃣️入住酒店🏨（住在应天门附近）→应天门（60r）→天堂明堂（90r）→九州池（30r）
Day2⃣️早起爬老君山⛰️→丽景门（45r）→十字街吃饭🍜→回酒店🏨（老君山可以抱团，距离市区太远了，1⃣️2⃣️5⃣️=门票🎫+往返车费）
Day3⃣️白马寺（35r）→洛阳博物馆（免费）→龙门石窟（90r）→返程
.
🌈洛阳住宿指南
🟢应天门/丽景门附近:位于市仲心，景点比较集中,晚上逛着方便,有地铁，交通比较便利，自驾晚上开车会很堵，逛夜景的话建议骑公共电动车或者地铁!住这边特别方便
🟢牡丹城广场:距离龙鳞路的各种汤馆很近，吃美食较方便,附近珠江路上也好吃的很多，节假日住这边会比住应天门性价比高,靠近地铁站附近也很方便
🟢西工区解放路地铁口: 1, 2号线换乘处，交通便利，靠近地铁口。处于市仲心地带
.
😋品尝当地美食特色
❗西工小街，我们平时也爱去~小街天府和洛阳锅贴，价格不高还实惠，要去尝一尝哦！
❗义勇街，十梨汤，里面有玫瑰切糕，灌汤包，炒凉粉，羊肉炕馍，简直不要太好吃。
.
来洛阳旅游还是要随心，路线还是要根据自己想要去的地方改变，因人而异，希望大家在洛阳玩的开心🎉
#洛阳 #洛阳旅行 #洛阳旅游攻略 #洛阳美食 #国内旅游日常 #老君山一日游 #老君山 #老君山金顶 #老君山旅游攻略 #老君山雪景",4920,4031,58,https://www.xiaohongshu.com/explore/671c9c890000000026034048?xsec_token=ABd0jBPVmDGNAFfwbw3xvXwritoLuHL8cWggoDYZytb2I=&xsec_source=pc_search&source=web_explore_feed,https://sns-webpic-qc.xhscdn.com/202502281358/0fba6ff3a8267f8cffa1375725015cf9/1040g2sg319dkb21gls6g5plm4brjcufr75dmof8!nd_dft_wlteh_webp_3,老君山旅行洛洛,,
洛阳｜三天两晚不绕路，超全懒人路线攻略～,"洛阳土著🙌给大家熬夜整理了这份三日游不绕路🙏的攻略，送给计划去洛阳旅游的各位姐妹~希望对你们有帮助哦~
👀热门景点+路线+交通+住宿+美食+避雷，应有尽有。
·
✅洛阳三天两晚不绕路路线
🔺Day1：白马寺👉大运河博物馆👉洛邑古城👉老城十字街
🔺Day2：老君山一日游（🉑跟团）
🔺Day3：喝牛肉汤👉洛阳博物馆👉龙门石窟👉寻迹洛神赋
·
🚗洛阳交通
✔️大交通
🛫北郊机场:洛阳机场，距离市区有点距离
🚂洛阳站:火车站
🚅洛阳龙门站:高铁站
✔️市区内交通
🚇地铁:洛阳有两条地铁
🛵共享单车:洛阳有很多共享自行车和共享电池
🚌公交:公共交通
.
✅洛阳住宿与美食
✔️住宿小Tips:
🔺市区：建议住在应天门/丽景门/十字街/洛邑古城附近，这	里民宿居多。附近交通方便，有地铁，美食多，市区景点集中，晚上出门就能游玩，不易堵车
🔺龙门高铁站：洛龙新区，中高端连锁酒店居多。交通方便，也有地铁，距离龙门石窟、老君山等更近
🔺牡丹城广场：节假日这里溢价会少些，也有地铁，离龙鳞路各种汤类小吃近
·
✔️洛阳特色美食:
1.水席：从唐朝流传下来，预算充足可冲武皇水席，表演+吃	饭=沉浸穿越至盛唐，很有意思。预算不足，可以去南关遂义水席、老雒面馆
2.不翻汤：传统小吃，想吃可以去高季清香园。但抱吃，本人也不太接受
3.驴肉汤：传统汤类，可以去华山路小碗驴肉汤尝尝
4.不翻汤:本人很爱吃哈哈，喜欢甜品可以试试。买稍微价高一点的，口感更好
5.牛肉汤/胡辣汤：这两个是洛阳人早餐必备，前面的店铺去吃不会踩雷#小众旅行地 #洛阳旅行 #洛阳旅游 #洛阳旅游攻略 #洛阳美食 #洛阳旅行推荐 #洛阳 #洛阳旅游景点 #老君山一日游找小柯 #老君山",8,8,3,https://www.xiaohongshu.com/explore/67bd8da7000000002602f02a?xsec_token=AB-v3TANbPQrVj5ry8SScsV5gtjSBdit4HsbuMadZEEB4=&xsec_source=pc_search&source=web_explore_feed,https://sns-webpic-qc.xhscdn.com/202502281358/ccdea6727bb604e559e83136f2d518c9/1040g2sg31eapp3a40ccg5pemuja13sb50opih4g!nd_dft_wlteh_webp_3,小柯爱旅游,,
洛阳深度游，11-12🈷️来的姐妹一定要看,"#小众旅行地
11-12🈷️想去洛阳旅游的宝子们，洛阳本地人经验告诉你，要做好攻略！不然前期踩了很多坑，变成大冤种！后面是我熬夜整理的洛阳全景点旅游攻略，希望能帮姐妹们少踩点坑，祝大家玩得愉快~
.
✅洛阳不绕路五天四晚路线分享
Day1：白马寺➕洛阳博物馆➕龙门石窟
Day2：龙潭大峡谷
Day3：白云山
Day4：少林寺➕寻迹洛神赋
Day5：老君山
🔥Tips：应天门，丽景门，天堂明堂，九州池，十字街，小街天府都离得近，也都适合晚上玩完回来逛吃
.
✅洛阳住宿攻略
💙解放路地铁站附近：地铁1号线与2号线交汇点，交通方便，附近商场多
💙洛龙区开元大道附近：公交地铁也方便，设施比较新，一百多就有不错选择，商务区堵车风险较小
💙应天门附近：洛阳中轴线所在地，有地铁，公交，步行也可到达应天门、明堂天堂但是不好停车,逛夜景的话建议骑共享电动车
…………具体洛阳旅游攻略看上图哈
祝大家旅途🐟快😄#洛阳旅行 #洛阳 #洛阳旅游攻略 #洛阳旅游景点 #洛阳旅游推荐 #洛阳旅游打卡 #洛阳老君山旅游攻略 #老君山 #龙门石窟",3340,4773,64,https://www.xiaohongshu.com/explore/672b4297000000003c018429?xsec_token=ABLkwFF8va6HAF9Oy9JzDb7BNXqJ6fuZAKxe7Uj_0-s1g=&xsec_source=pc_search&source=web_explore_feed,https://sns-webpic-qc.xhscdn.com/202502281358/78403d0ade0e335472c1787f27705ea7/1040g008319ru3snf7a605pfvn69hhspvekbipj0!nd_dft_wlteh_webp_3,洛阳优景旅行管家,,
洛阳土著 给外地游客的一些建议,"最近牡丹花会，很多同学问我洛阳旅游攻略，其实不太建议节假日过来，不仅住宿贵，人真的巨多多多，地铁这时候最方便，除了龙门石窟地铁都能到！最近还有地铁通票，很划算！
最近龙门石窟夜间也开放，开灯以后别有一番风味，看大家需求也可以下午去玩！
洛阳物价不高，非高峰期花不了多少💰
约拍的话小红书多搜搜，100+价位的就很好，有特别高要求的可以找更贵的
暂时整理了这些，希望能给大家帮助！
#穷游攻略 #大学生旅游 #自由行 #洛阳 #周末去哪儿",3179,3624,566,https://www.xiaohongshu.com/explore/660a7060000000001b010b5c?xsec_token=ABYbKd6reUOnTPOJUljKCrTlpoLqNDPxawUgFBQxlJyZ0=&xsec_source=pc_search&source=web_explore_feed,https://sns-webpic-qc.xhscdn.com/202502281358/0e6ca2a20b9a1bdc899110cd881ab17e/1040g2sg311448v2pmi605n548595vaal291v67g!nd_dft_wlteh_webp_3,牛油果儿,,
我发誓！这条视频真的把洛阳旅游讲明白了,"住：
新寓·憙院(洛阳洛邑古城店)
唐韵民宿酒店(龙门高铁站宝龙广场店)
行：
公交，打车，共享电动车
吃：
胡辣汤，驴肉火烧，糖葫芦
酸浆火锅，小街天府，武皇盛宴（洛阳水席）
玩：
洛阳博物馆，白马寺，龙门石窟，寻迹洛神赋，九州池，应天门
汉服妆造：禧瑭·妆造
#洛阳旅游攻略  #河南旅游  #洛阳美食  #洛阳汉服妆造  #旅游攻略  #小众旅行地  #周末去哪玩  #端午假期去哪玩  #小城好风光  出行旅行你最在乎哪一点[投票]# @走走薯 @生活薯 @户外薯 @VLOG薯#旅行博主",1万,9478,377,https://www.xiaohongshu.com/explore/6654e7530000000016012d49?xsec_token=ABFZ1BEI4xm6CRhrJAhfv0qFRlxZg8ZbRvP5YC3gdGWDs=&xsec_source=pc_search&source=web_explore_feed,,江江备忘璐kouro,,
洛阳4天3晚旅游攻略,"2024年快结束啦，随着小风的脚步来洛阳旅游吧🚶‍♀️，去一睹举世闻名的龙门石窟，感受白马寺的千年古刹静谧，去仰望气势恢宏的应天门，在熙熙攘攘的洛邑古城漫步，在热闹的老街品尝地道小吃🍲……
-
✨洛阳四天三晚线路推荐
DAY1 抵达洛阳-入住酒店-洛邑古城-丽景门
DAY2 龙门石窟-洛阳博物馆-西工小街-应天门
DAY3 老君山-中天门-十里画屏-金顶
DAY4 白马寺-隋唐大运河文化博物馆-返程
-
🚃洛阳交通攻略：
地铁：1号线和2号线洛阳市区景点可以直达
公交：可以到达地铁到不了的景点
打车：建议选择网上打车，价格比较实惠
共享单车：3公里左右短途出行非常方便
#洛阳旅游 #洛阳旅游攻略 #老君山 #洛阳旅行 #旅游推荐官 #洛阳交通 #洛阳住宿",311,442,11,https://www.xiaohongshu.com/explore/674ad2180000000002018757?xsec_token=ABGOb89d5G1mdfZiglT7lwX1s6UdbOvBPKLTxwdxRNYXc=&xsec_source=pc_search&source=web_explore_feed,https://sns-webpic-qc.xhscdn.com/202502281358/41a238d4623d809e9385431211fec37c/1040g00831aqoc9cq7a605pm8m6s7cev61o8dc7g!nd_dft_wlteh_webp_3,努米的世界（打工版）,,
上海-洛阳｜三天两晚一人游 附💰与行程,"无意间刷到老君山的雪景，本J人就这么开启洛阳三天两晚的一人游，行程时间和费用支出见置顶评论。
	
⏰11/1-11/3
	
Day1️⃣  上海🚆洛阳龙门，住高铁站附近
✅龙门石窟
高铁上预订了当天下午龙门石窟的讲解，11月1日起夜游已取消，就差一天有些小遗憾。下午一点抵达，去酒店放完行李休整片刻，打车前往景点，五公里车程，三点集合入园，2.5小时西山核心景点讲解，建议选择两点前的场次，逞天暗前赶往东山礼佛台观全景，五点半少数洞窟的照明灯会点亮。
	
Day2️⃣ 老君山，丽景门，应天门
网上预订老君山一日团，包含大巴，门票和一级索道，方便省事，晚上七点送回市区，顺道打卡古城夜景和特色美食。
	
❌老君山玻璃天桥不要受导游忽悠，性价比很低，景色很普通
💗霸王茶姬·老君山限定冰箱贴必须拿下，据说还有隐藏礼物🎁，看运气了
	
Day3️⃣ 白马寺，洛阳博物馆
洛阳龙门🚆郑州✈️上海
白马寺距离高铁站28公里，九点抵达已经有大批游客，正巧遇上水陆法会，寺庙僧人全副袈裟，教徒也阵仗很大。前一天暴走三万步，当天两个小时的讲解站到腿发酸，好在佛教知识又普及了。
☑️洛阳古墓博物馆，行程太紧张，没能安排上，留着下次吧
	
🍽️一人游的弊端，洛阳水席没去吃，属于走到哪儿吃到哪儿，老白沙羊肉面馆（连锁店），机车厂炒鸡（应天门附近），鼎鲜全羊汤（博物馆附近）
	
#洛阳旅行 #洛阳三天两夜旅游攻略 #一人游 #龙门石窟夜游  #老君山 #老君山金顶 #白马寺 #洛阳博物馆 #洛阳美食",186,296,29,https://www.xiaohongshu.com/explore/672958b6000000001d038712?xsec_token=ABKETsEToxRx-D8nDqCHnGSk3brDceGHxX_kP-tUwzb0g=&xsec_source=pc_search&source=web_explore_feed,https://sns-webpic-qc.xhscdn.com/202502281358/ebd00b28882104c91816b100d123111a/1040g2sg319q2a9n67ge0418hlq4nmgat0itr5m8!nd_dft_wlteh_webp_3,mibomibo,,
洛阳旅游回来，有些话一定要讲😲😲😲,"一定要来感受一下它的独特韵味！🎉
🚗【交通指南】
- ✈️飞机：洛阳北郊机场离市中心超近，打车约20元。如果不在郑州玩，优先选择洛阳机场哦😉
- 🚄火车/高铁：洛阳站和洛阳龙门站都很方便。洛阳站距市中心3km，可乘地铁2号线；龙门站距市中心9km，也可乘地铁2号线。龙门站旁还有《寻迹洛神赋》演出，到得早可以先去看看👀
🏠【住宿推荐】
建议住在老城区或洛龙区。老城区临近十字街、丽景门等景点，晚上逛夜市超方便，还能感受古城氛围😃
洛龙区离龙门石窟近，环境好，交通便利
🍜【美食探秘】
- 牛肉汤🥩：早餐来一碗，汤鲜肉美，配上饼丝，绝绝子👍
- 水席🍲：牡丹燕菜必点，酸辣可口，体验独特的洛阳味道😋
- 十字街夜市🍢：各种美食应有尽有，像永香面筋卷饼、悟煎道生煎等，边逛边吃超快乐🤩
- 小街天府、小街锅贴和丹珍汤圆🥟：本地人常去的地方，味道很赞，可以尝尝😎
🎇【景点打卡】
- 白马寺🐴：香火旺盛，教资证和学生证半价。建筑风格多样，穿上汉服拍照超有氛围，仿佛穿越古今🤳
- 龙门石窟🗿：世界级瑰宝，白天和晚上的景色各有千秋，对岸香山寺和白居易故居下午5点前游玩，能感受神秘气息✨
- 洛阳古墓博物馆🏛：墓穴群新奇有趣，壁画精美，艺术价值超高，但周一闭馆别跑空哦😉
- 洛阳博物馆📜：免费参观，提前预约，刷身份证进入。在这里可以深入了解洛阳的历史文化，还有免费公益讲解🎤
- 洛邑古城🏮：古色古香，晚上灯光美如画，穿上汉服漫步其中，感受穿越的乐趣
- 天堂明堂🌟：武则天时期的建筑，晚上灯光亮起，在外面拍全景超美，玻璃台子拍出的倒影更是大片感十足📸
- 应天门🏯：参加《唐宫乐宴》沉浸式表演，体验古装剧的感觉，与NPC互动，最后登上阙楼赏夜景🌃
📝【贴心建议】
- 博物馆类景点一定要提前预约❗
- 龙门石窟全程不走回头路，从西北门进景区，西石窟看完再出闸机哦😉
- 赏花趁早，4月才是牡丹季，提前确定好去哪个牡丹园🌺
- 出行前看好天气，准备合适衣物，去老君山要带上厚衣服🧥。
- 可以选择合适的游玩方式，如一日游团（适合老君山等交通不便的景点）、拼车小团或私人订制，根据自身情况决定😎
💕洛阳之行一定会让你收获满满，快来开启这场千年古都的梦幻之旅吧🎉！
#洛阳旅行  #洛阳旅游攻略  #龙门石窟  #老君山  #洛阳旅游#洛阳",77,74,1,https://www.xiaohongshu.com/explore/6780be50000000000b03548a?xsec_token=ABTGC9kH7HEP_tx_pEo_bluJ-a0shT4CdKTL6ykv511co=&xsec_source=pc_search&source=web_explore_feed,https://sns-webpic-qc.xhscdn.com/202502281359/ebd02704566a6c6e411431d060693c2d/1040g2sg31cfdf7a10scg5po942f7c612so2g9v0!nd_dft_wlteh_webp_3,爱旅游的溜溜,,
严重被低估的洛阳/冬季三日游攻略直接抄作,"业。冬季洛阳旅游攻略直接抄作业啦
🌟day1：龙门石窟攻略：门票：90r，一定要从西北门区进，离景点更近！
🌟隋唐大运河博物馆攻略：提前预约参观门票，博物馆不许商拍和带支架。我请的跟拍没有用专业设备，就用的我的手机也没有带多余道具可以
🌟应天门攻略：5楼拍照视角最佳，上5楼需要买《唐宫乐宴》表演票，穿着汉服参加更有体验感。推荐18:15场次。地铁：1号线应天门站a口
🌟天堂明堂攻略：我在应天门买的《唐宫乐宴》可以上5楼，能与天堂明堂同框合影，这边就没有过去了，地铁：1号线应天门站c2口（从上一站应天门站可步行或骑行过去）
🌟九洲池攻略：开放时间：9：00— 22：00建议晚上去，瑶光殿二层：可以看到天堂明堂同框合影
🌟day2白马寺攻略：开放时间：8:00-17:00。四国寺庙：泰国、缅甸、印度、中国（拍照很出片，预留2h左右）洛阳火车站出发，乘56路公交车直达白马寺站，地铁2号线龙门站换乘1号线至中州东路启明南路下，转56路公交车
🌟洛阳博物馆攻略：二楼珍宝展：白玉杯，兽面纹铜方鼎，唐三彩黑釉马，泥塑佛面像。
二楼宫廷展：金丝楠木佛塔
一楼石刻馆：东汉石辟邪（地铁：2号线文博园站A口出。公交：1路/77路 洛阳博物馆）
🌟洛神公园：洛阳宝藏看日落地点（位置在大运河博物馆附近）
🌟老君山攻略：一级索道必坐，这一段路没有什么风景，徒步上山要四五个小时
二级索道可以不坐，如果体力比较差，或者带着老人和小孩想省力可以坐这个。➡云景索道／中灵索道➡南天门➡️老君庙➡️道德府➡️金殿➡️玉皇顶。火车站对面的花都汽车站乘坐【洛阳花都汽车站-老君山地质广场
#韩束#韩束红蛮腰#河南旅游攻略#洛阳旅游攻略#洛阳美食#洛阳汉服#日落爱好者#我在家乡当游客#薯光伴你迎新春#新年旅行第一站",2941,1938,99,https://www.xiaohongshu.com/explore/6790cc13000000002503fea5?xsec_token=ABVkgH4Y3Lj62A-yS49yEZ36X1yLiXREjUczsibxNvLO0=&xsec_source=pc_search&source=web_explore_feed,,脆桃瑞瑞子,,
洛阳4天3晚不够玩！没玩够！,"一定要来洛阳感受一次千年古都的魅力
（4天3晚路线图往后划拉）
🚗市内交通：地铁1/2线、滴滴（车多应答快）
🏨住宿：住丽景门、十字街、应天门附近
出门就能看到部分景点，公共交通方便
附近做古装妆造的店比较集中
🚶行程：
Day1
洛阳博物馆➡️九州池➡️明堂天堂➡️应天门
提前在公众号预约，检票口旁有大件行李寄存处，建议从二楼➡️一楼，二楼镇馆之宝，一楼文物显眼包们～
隋唐洛阳城九洲池遗址+明堂天堂景区+应天门：
三个景点挨的很近，从九州池开始逛，等到亮灯后会有情景表演，明堂天堂可以不进去（九州池二楼可以拍到），应天门夜景很宏伟，很多漂亮古装小姐姐拍照的地儿
九州池下午5:30前算白天场，可以这个时间进去等到夜场（一般7点亮灯），价格便宜一半！
Day2:
老君山（大雾版）：
报团！报一日团！！！纯玩
非常省心，车子可以直接开到索道口
两段索道坐完之后还要爬大概1小时的山，此段路程比较陡，不想爬的也可以再坐一段电梯直达山顶
老君山登顶不用拿“勇闯天涯”了
给山顶的雪王☝️机会
一定要选一个好天气！天气很重要
Day3:
白马寺➡️古墓博物馆➡️龙门石窟
三个景点相隔比较远，建议直接打车
早上到白马寺，中午阳气最盛的时候合法“下斗”，中途可以回酒店休整一下
下午5点左右再出发到龙门石窟，建议从西北游客中心进，步行逛到卢舍那大像龛刚好亮灯，过桥到江对面礼佛台远看全景，真的很震撼！
如果还有体力可以沿江慢慢步行出景区，觉得太累的可以坐景区摆渡车（节假日人多，排队也需要很久）
🍜美食：
洛阳水席、牛肉汤、小街锅贴、牡丹花鲜花饼、和记涮牛肚、小芳茶卖部（本地奶茶）
	
最后被洛阳式浪漫高铁站台标语感动到：
来时是：冰心玉壶待君来
走时是：玉笛春风别洛阳
	
喊话老君山（阳光灿烂版）：我一定会回来的
#游玩攻略 #洛阳 #洛阳旅行 #洛阳旅游攻略 #洛阳美食 #洛阳博物馆 #博物馆 #博物馆打卡 #中秋节 #十一旅行日记",3509,3030,229,https://www.xiaohongshu.com/explore/66eaf6fc0000000012012396?xsec_token=ABx6AdflxPcEHgw88itdVnkIImce-oxc7UDhRDFMmXHjE=&xsec_source=pc_search&source=web_explore_feed,https://sns-webpic-qc.xhscdn.com/202502281359/5ab595ac286e3ad15e9ee4739d1e897a/1040g2sg317t4sg2f447048g6j9kg74rvct77v08!nd_dft_wlteh_webp_3,吱欧粥🥕,,
河南真的超出预期！郑州洛阳五天四夜攻略！,"DAY1
洛阳博物馆+洛邑古镇+应天门
推荐在古镇做一个妆造！在古镇就算是男朋友拍也超级出片！
	
DAY 2
龙门石窟
可以打车到入口处，再走进景区！
如果要买文创冰箱贴可以在入口处商业街采购！
建议用时大半天！
	
DAY 3
河南省博物院：不愧是博物院！
推荐！！！藏品很多！如果时间紧张也可以找镇馆之宝！文创店分别在一楼和四楼都有！可以赶在开馆时进场，建议先冲文创店！要不然排队时间会很长！
只有河南
超级推荐！！！看了两场大大剧场：李家村和火车站，其中第二场是在场内扫码刷票刷出来的！没买到票的可以多刷！最最推荐李家村！
推荐美食！鸡蛋不翻、灌汤烧饼、牛肉汤
	
DAY 4
嵩山少林寺+二七广场+德化步行街
少林寺建议报团参加一日游！当天往返！
	
DAY 5
郑东新区+玉米楼
返程！
#郑州 #洛阳 #洛阳博物馆 #洛邑古城 #龙门石窟 #河南省博物院 #只有河南 #少林寺#旅行记忆放映计划 #一键放映旅行攻略",163,195,15,https://www.xiaohongshu.com/explore/66f83993000000002c02c359?xsec_token=ABQTqRxmcZAKizJF_y-xTNZba-exe-34X4WyPncX_R1Ss=&xsec_source=pc_search&source=web_explore_feed,https://sns-webpic-qc.xhscdn.com/202502281359/e0eb0aa1620d61b9a533f6a4139fe532/1040g2sg318a38fhf4c704akchg9si1so5425d9o!nd_dft_wlteh_webp_3,Colababe,,
🔴洛阳避雷攻略｜本地人私藏版·省心不踩雷💥,"#小众旅行地
（附超实用tips，小白必藏‼ ️）
🌟【交通避雷】
1🚗打车陷阱
✅ 用滴滴/高德等平台叫车，避免路边拦车被绕路
❌ 火车站/景区门口的黑车（喊价翻倍，套路多）
2🚇地铁运营时间
📍1/2号线末班车22:30，夜游应提前规划
⚠应天门站C口晚8点后限流，建议错峰
3 🚲共享单车禁区
🚲 老城/洛邑古城周边有禁停区，违停扣调度费20💰
🌟【景点避雷】
1🏞️龙门石窟
✅ 必租电子讲解器（30💰），否则看石头没灵魂
❌ 下午西窟逆光拍照丑，建议早8点/晚4点进场
2🏞️白马寺国际佛殿区
📸 泰国/缅甸区巨出片，但禁止商拍（自带汉服可）
💣 止语茶舍已取消免费茶，别白跑
3🏞️老君山隐藏坑
⛰一级索道必坐（省4小时），二级索道体力好可不买
☔ 提前看天气预报！山顶雾大时啥都看不见
🌟【美食避雷】
1🍱真不同水席
🍲 2人点3道足够（汤汤水水易撑），必试牡丹燕菜
💣 十字街流动摊的「酸浆面条」慎吃（外地人易反胃）
2🍲牛肉汤玄学
🐮 本地人喝头汤（5-7AM），10点后汤底浑浊
🔥 龙鳞路/南关小碗更地道，景区旁多是兑水版
3🌃夜市红黑榜
❤西工小街（锅贴+丹珍汤圆）
🖤 丽景门主街（商业化严重，杏花村水席是预制菜）
🌟【住宿指南】
🏨 优选区域：
❶ 应天门/周王城广场（夜景观赏C位）
❷ 地铁1号线沿线（解放路站枢纽超方便）
💣 避雷老旧民宿：老城部分民房改造房隔音差、热水不稳
🌟【隐藏彩蛋】
🔔 应天门灯光秀每周五/六晚8点（北广场视角最佳）
🎫 持教师资格证/学生证半价景点达12个！
🧳 火车站/地铁站有寄存柜（6💰/小时，过夜选酒店）
📍终极忠告：
❶ 别买「牡丹银丝酥」（全是糖精）
❷ 洛邑古城约拍选199💰套餐足够（精修5张比299划算）
❸ 老城公厕少！逛十字街先解决内急
#洛阳旅游 #避雷指南 #古都旅行 #穷游攻略 #周末去哪儿#本地人做的攻略 #洛阳攻略 #洛阳博物馆 #龙门石窟
（攻略原创，搬运必究💢）
👉关注我看更多洛阳深度避坑指南✨",232,325,4,https://www.xiaohongshu.com/explore/67b6daaf000000002902a4c1?xsec_token=ABxLz7581aBxbNPwVtPktCe93bqbw67yTVnSV2EV6t7pY=&xsec_source=pc_search&source=web_explore_feed,https://sns-webpic-qc.xhscdn.com/202502281359/33bae32694efd4a91e0c015ce62534f5/1040g00831e48e0r112005por8nfnc92b54kn3kg!nd_dft_wlteh_webp_3,小花爱旅游,,
古都洛阳5天4晚🧩适合i人的漫游逛吃路线,"此路线适合休闲或带长辈游的类型
🌟day1北京-洛阳龙门站
洛邑古城-宴天下-丽景门-三彩艺术博物馆
🌟day2
龙门石窟-酒店午餐-洛阳博物馆
🌟day3
古墓博物馆-老雒阳面馆-白马寺-关林
🌟day4
王城公园-师味葱扒虎头鲤-考古博物馆-天子驾六博物馆-西工小街-应天门明堂天堂
🌟day5返回
	
住宿🏨东山宾馆
离龙门石窟较近酒店电瓶车可送至龙门景区，住宿环境适合带长辈和喜欢安静环境的，四层茶室可远眺龙门石窟，但去其他景点较远需打车
📍洛邑古城🆓
较商业化，喜欢汉服拍照的可打卡，晚餐在里面宴天下吃的推荐牡丹燕菜和面条，服务员穿汉服较有特色
📍丽景门
晚饭后步行至丽景门看夜景，路过管记水席和丁家老号，买了牡丹酥挺好吃的，这里还有个三彩艺术博物馆，面积不大，适合参观拍照和文创购物
📍龙门石窟🎫90R
提前官方公众号预约购票，夏天上午较晒需做好防晒，可门口找讲解一路听下了解历史不错，走累了可坐船到白园站再叫酒店电瓶车接回宾馆午餐
📍洛阳博物馆🆓
提前公众号预约，建议尽量错开节假日，博物馆出来有个万景祥点心铺，现烤牡丹饼喜欢茉莉和玫瑰的
📍古墓博物馆🆓预约
喜欢这个博物馆顺序安排和空间设计，有很多大小墓室可参观，错峰出游体验感和参与感更佳
🍽️老雒阳面馆(应天门店）
人气旺菜量较大，推荐金牌卤肉面和米酒山楂饮
📍白马寺🎫35R
寺庙里除中式建筑外还有异域风格建筑，适合拍照很出片，卖的小手串也喜欢，时间充裕的话建议白马寺后去二里头遗址，这次去的时候逛累了所以换了关林，作为白马寺下一站
📍关林🎫40R
去的时候景区部分在装修，环境稍显杂乱，适合有专门需要去拜关公的再去
📍王城公园（动物园20R）
公园包含游乐设施和动物园等，这次主要去动物园，猛兽区有的动物离得蛮近可拍的很清楚，长颈鹿大象可购买专门饲料喂食互动，看看小动物蛮放松的
🍽️师味葱扒虎头鲤（元华店）
这家的茄子和桂花山药酪还可以，吃完可步行或骑车至考古博物馆
📍考古博物馆🆓
展览内容丰富，人少适合i人，里面还放了几间类似灯光秀的空间蛮特别的，像考古途中不小心误入另一个空间的反差感
📍天子驾六博物馆🎫30R
博物馆不大可顺路看看，可步行到很火的西工小街吃饭#人文景点分享 #探店打卡 #洛阳 #洛阳旅行 #洛阳美食 #洛阳旅游攻略 #洛阳博物馆",54,53,2,https://www.xiaohongshu.com/explore/66dd6090000000002603f729?xsec_token=ABq9EPrsZP8XK0kXaeHBPKmhCv_xNAjMsqaEZ8BJtm7No=&xsec_source=pc_search&source=web_explore_feed,https://sns-webpic-qc.xhscdn.com/202502281359/221e3bcf9b2b4d5b976ac68b1fe0a95c/1040g008317fs8leg3u005ph68511oo3vm7ksj0o!nd_dft_wlteh_webp_3,i人打卡记录📝自存档,,
